entity,code,entity_type,year,solar,wind,hydropower,other_renewables,total_renewables
Algeria,DZA,country,2000,0.0,0.0,0.054,0.0,0.054
Algeria,DZA,country,2001,0.0,0.0,0.069,0.0,0.069
Algeria,DZA,country,2002,0.0,0.0,0.057,0.0,0.057
Algeria,DZA,country,2003,0.0,0.0,0.265,0.0,0.265
Algeria,DZA,country,2004,0.0,0.0,0.251,0.0,0.251
Algeria,DZA,country,2005,0.0,0.0,0.5553,0.0,0.5553
Algeria,DZA,country,2006,0.0,0.0,0.2176,0.0,0.2176
Algeria,DZA,country,2007,0.0,0.0,0.226,0.0,0.226
Algeria,DZA,country,2008,0.0,0.0,0.283,0.0,0.283
Algeria,DZA,country,2009,0.0,0.0,0.342,0.0,0.342
Algeria,DZA,country,2010,0.0091,0.0,0.173,0.0,0.1820999999999999
Algeria,DZA,country,2011,0.01811875,0.0,0.378,0.0,0.39611875
Algeria,DZA,country,2012,0.026723014,0.0,0.389,0.0,0.415723014
Algeria,DZA,country,2013,0.0286,0.0,0.099,0.0,0.1276
Algeria,DZA,country,2014,0.06,0.001,0.193,0.0,0.254
Algeria,DZA,country,2015,0.058,0.019,0.145,0.0,0.2219999999999999
Algeria,DZA,country,2016,0.245,0.019052055,0.072,0.0,0.336052055
Algeria,DZA,country,2017,0.504,0.019,0.056,0.0,0.5790000000000001
Algeria,DZA,country,2018,0.603,0.01,0.117,0.0,0.73
Algeria,DZA,country,2019,0.615,0.01,0.152,0.0,0.777
Algeria,DZA,country,2020,0.685,0.0077,0.0496,0.0,0.7423000000000001
Algeria,DZA,country,2021,0.664,0.0105,0.0093,0.0,0.6838
Algeria,DZA,country,2022,0.649,0.016,0.016,0.0,0.681
Algeria,DZA,country,2023,0.684,0.016,0.029,0.0,0.7290000000000001
Algeria,DZA,country,2024,0.685874,0.016043836,0.05118,0.0,0.753097836
Argentina,ARG,country,2000,3.6e-05,0.034758,28.575241,0.3860283,28.9960633
Argentina,ARG,country,2001,4.3e-05,0.049361,36.580173,0.36299825,36.99257525
Argentina,ARG,country,2002,4.7e-05,0.073405,35.778835,0.5299802,36.3822672
Argentina,ARG,country,2003,6.5e-05,0.077954,33.800575,0.88059855,34.75919255
Argentina,ARG,country,2004,7e-05,0.072446,30.462402,0.86751235,31.40243035
Argentina,ARG,country,2005,8.1e-05,0.07171966,34.216137,0.9164998,35.20443746
Argentina,ARG,country,2006,9e-05,0.06964,38.015213,1.046309,39.131252
Argentina,ARG,country,2007,0.0001089,0.061593,31.22015,1.0708514,32.3527033
Argentina,ARG,country,2008,0.0001437,0.04195108,31.199696,1.2059801,32.44777088
Argentina,ARG,country,2009,7.6084e-05,0.036831528,34.618187,1.1889358,35.844030412
Argentina,ARG,country,2010,8.589e-05,0.025351606,33.35991,1.3773632,34.762710696
Argentina,ARG,country,2011,0.001614,0.02659055,31.18693,1.3895167,32.60465125
Argentina,ARG,country,2012,0.008172967,0.369862,29.1644,1.4531035,30.995538467
Argentina,ARG,country,2013,0.015074079,0.45335487,32.771378,1.5269085,34.766715449
Argentina,ARG,country,2014,0.015944,0.619491,32.416695,1.482826,34.534955999999994
Argentina,ARG,country,2015,0.014683,0.593335,32.33747,1.4873712,34.4328592
Argentina,ARG,country,2016,0.014273,0.547359,29.752789,1.17702,31.491441
Argentina,ARG,country,2017,0.016417,0.611567,31.594284,1.4616984,33.6839664
Argentina,ARG,country,2018,0.10813,1.412743,32.278667,1.4172236,35.2167636
Argentina,ARG,country,2019,0.79969794,4.9959664,27.504503,1.4756514,34.77581874
Argentina,ARG,country,2020,1.344358,9.410639,23.6697,2.1995268,36.6242238
Argentina,ARG,country,2021,2.202619,12.93755,19.648005,2.2536683,37.0418423
Argentina,ARG,country,2022,2.940079,14.164993,22.76959,2.3980842,42.2727462
Argentina,ARG,country,2023,3.279348,14.478626,31.493406,2.4036036,51.6549836
Argentina,ARG,country,2024,3.9653625,16.167492,29.668793,2.63437,52.4360175
Australia,AUS,country,2000,0.04675,0.134,16.4665,0.8895,17.53675
Australia,AUS,country,2001,0.05415,0.287,16.1235,0.7975,17.26215
Australia,AUS,country,2002,0.0583,0.53355,16.095,1.2668,17.95365
Australia,AUS,country,2003,0.0632,0.70405,16.21055,1.6918,18.669600000000003
Australia,AUS,country,2004,0.07295,0.795,15.68665,2.81525,19.36985
Australia,AUS,country,2005,0.08405,1.29905,15.4657,3.871,20.7198
Australia,AUS,country,2006,0.0975,2.1621,14.9451,3.9325,21.1372
Australia,AUS,country,2007,0.11375,2.8521,13.04895,4.275,20.2898
Australia,AUS,country,2008,0.1392,3.45845,11.81515,3.6961,19.1089
Australia,AUS,country,2009,0.29024202,4.43775,12.64205,2.7868,20.15684202
Australia,AUS,country,2010,0.97764826,4.985,13.746,2.44155,22.150198260000003
Australia,AUS,country,2011,2.0445466,6.432,19.572,2.57395,30.6224966
Australia,AUS,country,2012,2.412,7.725,17.036,3.09785,30.270850000000003
Australia,AUS,country,2013,3.8474,9.259,19.089,3.33165,35.52705
Australia,AUS,country,2014,4.952,9.777,14.484,3.546362,32.759362
Australia,AUS,country,2015,6.195524,11.833002,14.086569,3.678062,35.793157
Australia,AUS,country,2016,7.4397755,13.039705,17.629421,3.627513,41.7364145
Australia,AUS,country,2017,8.917557,13.210791,13.499718,3.561684,39.18975
Australia,AUS,country,2018,12.332082,16.261955,17.311361,3.588149,49.49354700000001
Australia,AUS,country,2019,18.296576,19.471687,14.020806,3.4677262,55.256795200000006
Australia,AUS,country,2020,23.844542,22.606892,14.420956,3.4104242,64.2828142
Australia,AUS,country,2021,31.193808,26.795876,15.942685,3.344045,77.276414
Australia,AUS,country,2022,37.544098,30.0503,16.660759,3.186586,87.44174299999999
Australia,AUS,country,2023,44.994347,31.867912,15.079177,3.125683,95.067119
Australia,AUS,country,2024,50.21239,32.738106,12.849578,2.986051,98.786125
Austria,AUT,country,2000,0.003,0.067,41.83565,1.5282793,43.4339293
Austria,AUT,country,2001,0.005,0.172,40.455482,1.667812,42.300294
Austria,AUT,country,2002,0.009,0.203,40.227,1.520444,41.959444
Austria,AUT,country,2003,0.015,0.366,33.214993,1.711921,35.307914
Austria,AUT,country,2004,0.018,0.924,36.762283,2.05973,39.764013
Austria,AUT,country,2005,0.021018375,1.3312768,37.09514,2.4401429,40.887578075
Austria,AUT,country,2006,0.022386875,1.752793,35.656086,3.2547655,40.686031375
Austria,AUT,country,2007,0.024238374,2.037185,37.05445,4.0791254,43.194998774000005
Austria,AUT,country,2008,0.03011991,2.0112574,38.32949,4.177986,44.54885331
Austria,AUT,country,2009,0.04891428,1.9540402,40.896305,4.2947526,47.19401208
Austria,AUT,country,2010,0.08881314,2.0639138,38.36342,4.500126,45.01627294
Austria,AUT,country,2011,0.17406996,1.9362364,34.23717,4.572212,40.91968836
Austria,AUT,country,2012,0.33748305,2.462029,43.8477,4.691266,51.338478050000006
Austria,AUT,country,2013,0.625974,3.1532316,42.01672,4.7102733,50.5061989
Austria,AUT,country,2014,0.785246,3.845768,41.007236,4.5615125,50.1997625
Austria,AUT,country,2015,0.937098,4.840343,37.156864,4.66263,47.596935
Austria,AUT,country,2016,1.096016,5.2348385,39.971336,4.7955213,51.0977118
Austria,AUT,country,2017,1.268971,6.5715113,38.29375,4.933439,51.0676713
Austria,AUT,country,2018,1.455132,6.0304294,37.63791,4.9433427,50.0668141
Austria,AUT,country,2019,1.702093,7.4500766,40.82597,4.6682663,54.6464059
Austria,AUT,country,2020,2.042934,6.7915306,41.99803,4.6011376,55.4336322
Austria,AUT,country,2021,2.773905,6.740042,38.88971,4.479689,52.883346
Austria,AUT,country,2022,3.782507,7.24165,34.62511,4.756716,50.405983
Austria,AUT,country,2023,6.394811,8.036705,40.672634,4.558207,59.662357
Austria,AUT,country,2024,9.4231615,9.209467,44.79416,4.646196,68.07298449999999
Azerbaijan,AZE,country,2000,0.0,0.0,1.534,0.0,1.534
Azerbaijan,AZE,country,2001,0.0,0.0,1.301,0.0,1.301
Azerbaijan,AZE,country,2002,0.0,0.0,2.02,0.0,2.02
Azerbaijan,AZE,country,2003,0.0,0.0,2.47,0.0,2.47
Azerbaijan,AZE,country,2004,0.0,0.0,2.755,0.0,2.755
Azerbaijan,AZE,country,2005,0.0,0.0,3.0094,0.0,3.0094
Azerbaijan,AZE,country,2006,0.0,0.0,2.518,0.0,2.518
Azerbaijan,AZE,country,2007,0.0,0.0,2.364,0.0,2.364
Azerbaijan,AZE,country,2008,0.0,0.0,2.232,0.0,2.232
Azerbaijan,AZE,country,2009,0.0,0.0021,2.3084,0.0,2.3105
Azerbaijan,AZE,country,2010,0.0,0.0005,3.4463,0.0,3.4468
Azerbaijan,AZE,country,2011,0.0,0.0,2.6758,0.0,2.6758
Azerbaijan,AZE,country,2012,0.0,0.0,1.821,0.0,1.821
Azerbaijan,AZE,country,2013,0.0008,0.0008,1.4891,0.067,1.5577
Azerbaijan,AZE,country,2014,0.0029,0.0023,1.2997,0.087,1.3919
Azerbaijan,AZE,country,2015,0.0046,0.0046,1.6375,0.0909,1.7376
Azerbaijan,AZE,country,2016,0.0353,0.0228,1.9593,0.08725,2.10465
Azerbaijan,AZE,country,2017,0.0372,0.0221,1.7464,0.08515,1.89085
Azerbaijan,AZE,country,2018,0.03926,0.0827,1.768,0.0811,1.97106
Azerbaijan,AZE,country,2019,0.0442,0.1054,1.5648,0.09795,1.81235
Azerbaijan,AZE,country,2020,0.047,0.0961,1.0695,0.1003,1.3129
Azerbaijan,AZE,country,2021,0.0552,0.0914,1.2773,0.0966,1.5205000000000002
Azerbaijan,AZE,country,2022,0.0609,0.0833,1.5957,0.10265,1.84255
Azerbaijan,AZE,country,2023,0.0807,0.0554,1.7634,0.1115,2.011
Azerbaijan,AZE,country,2024,0.5497,0.0509,2.91346,0.11625,3.63031
Bangladesh,BGD,country,2000,1e-05,0.0,0.749,0.04195,0.79096
Bangladesh,BGD,country,2001,1.4e-05,0.0,0.993,0.0332,1.026214
Bangladesh,BGD,country,2002,6.6e-05,0.0,0.749,0.0694,0.818466
Bangladesh,BGD,country,2003,0.00085,0.0,0.749,0.06025,0.8101
Bangladesh,BGD,country,2004,0.001914,0.0,0.749,0.04048,0.791394
Bangladesh,BGD,country,2005,0.003402,0.0,0.749,0.03595,0.788352
Bangladesh,BGD,country,2006,0.005433,0.0016,0.749,0.045,0.801033
Bangladesh,BGD,country,2007,0.009047,0.0016,0.749,0.05563,0.815277
Bangladesh,BGD,country,2008,0.015214,0.0029,0.95,0.05533,1.023444
Bangladesh,BGD,country,2009,0.025104,0.0051,0.417,0.02716,0.474364
Bangladesh,BGD,country,2010,0.044304,0.0051,0.729,0.02122,0.799624
Bangladesh,BGD,country,2011,0.123639,0.0051,0.872,0.03496,1.035699
Bangladesh,BGD,country,2012,0.155977,0.0051,0.777,0.02462,0.962697
Bangladesh,BGD,country,2013,0.194296,0.005081,0.7283787,0.0377,0.9654557
Bangladesh,BGD,country,2014,0.231503,0.005081,0.56645346,0.0452,0.84823746
Bangladesh,BGD,country,2015,0.26592,0.005081,0.89814645,0.02981,1.19895745
Bangladesh,BGD,country,2016,0.219934,0.005081,0.8846326,0.02343,1.1330776
Bangladesh,BGD,country,2017,0.291528,0.005081,1.0295281,0.04343,1.3695671
Bangladesh,BGD,country,2018,0.314983,0.005081,0.8654111,0.03093,1.2164051
Bangladesh,BGD,country,2019,0.37403,0.005081,0.8230912,0.03498,1.2371822
Bangladesh,BGD,country,2020,0.458908,0.005094921,0.7006707,0.03511,1.199783621
Bangladesh,BGD,country,2021,0.612685,0.005081,0.6818673,0.03199,1.3316233
Bangladesh,BGD,country,2022,0.64830434,0.005081,0.77502656,0.01169,1.4401019000000002
Bangladesh,BGD,country,2023,0.92508394,0.01658254,0.6835707,0.01169,1.63692718
Bangladesh,BGD,country,2024,1.26838,0.097183295,0.9938011,0.011722027,2.3710864220000003
Belarus,BLR,country,2000,0.0,0.0,0.027,0.0,0.027
Belarus,BLR,country,2001,0.0,0.0,0.03,0.0,0.03
Belarus,BLR,country,2002,0.0,0.0,0.029,0.0,0.029
Belarus,BLR,country,2003,0.0,0.0,0.028,0.0,0.028
Belarus,BLR,country,2004,0.0,0.001010101,0.033,0.0,0.034010101
Belarus,BLR,country,2005,0.0,0.001,0.036,0.0,0.037
Belarus,BLR,country,2006,0.0,0.001,0.035,0.002,0.038
Belarus,BLR,country,2007,0.0,0.001,0.035,0.014,0.05
Belarus,BLR,country,2008,0.0,0.001,0.039,0.033,0.073
Belarus,BLR,country,2009,0.0,0.001,0.045,0.06,0.106
Belarus,BLR,country,2010,0.0,0.001,0.045,0.084,0.13
Belarus,BLR,country,2011,0.0,0.004,0.042,0.095,0.141
Belarus,BLR,country,2012,0.0,0.006,0.072,0.095,0.173
Belarus,BLR,country,2013,0.0004,0.008,0.138,0.082,0.2284
Belarus,BLR,country,2014,0.002,0.009,0.121,0.079,0.211
Belarus,BLR,country,2015,0.009,0.039,0.111,0.094,0.253
Belarus,BLR,country,2016,0.026,0.073,0.142,0.094,0.3349999999999999
Belarus,BLR,country,2017,0.089,0.097,0.406,0.106,0.6980000000000001
Belarus,BLR,country,2018,0.118,0.099,0.324,0.109,0.6499999999999999
Belarus,BLR,country,2019,0.179,0.166,0.351,0.11,0.8059999999999999
Belarus,BLR,country,2020,0.17,0.185,0.4,0.268,1.023
Belarus,BLR,country,2021,0.1738,0.168,0.371,0.5439,1.2567
Belarus,BLR,country,2022,0.2087,0.1747112,0.37,0.5208,1.2742112
Belarus,BLR,country,2023,0.1533,0.17174067,0.3,0.5075,1.13254067
Belarus,BLR,country,2024,0.14937954,0.17221119,0.2690252,0.5088904,1.09950633
Belgium,BEL,country,2000,0.0,0.016,0.46,0.568,1.044
Belgium,BEL,country,2001,0.0,0.037,0.441,0.597,1.075
Belgium,BEL,country,2002,0.0,0.057,0.36,0.721,1.138
Belgium,BEL,country,2003,0.0,0.088,0.247,0.857,1.192
Belgium,BEL,country,2004,0.001,0.142,0.317,1.037,1.4969999999999997
Belgium,BEL,country,2005,0.001,0.227,0.288,1.59,2.106
Belgium,BEL,country,2006,0.002,0.366,0.359,2.225,2.952
Belgium,BEL,country,2007,0.006,0.491,0.389,2.6,3.486
Belgium,BEL,country,2008,0.042,0.637,0.41,3.329,4.418
Belgium,BEL,country,2009,0.166,0.996,0.328,3.949,5.439000000000001
Belgium,BEL,country,2010,0.5839,1.292,0.312,4.4667,6.6546
Belgium,BEL,country,2011,1.2123,2.312,0.196,4.6572,8.3775
Belgium,BEL,country,2012,2.1537,2.7593,0.357,5.2573,10.5273
Belgium,BEL,country,2013,2.64,3.665,0.38,5.0424,11.7274
Belgium,BEL,country,2014,2.8864,4.6153,0.2922,4.4187,12.2126
Belgium,BEL,country,2015,3.0565,5.574,0.3184,5.5047,14.4536
Belgium,BEL,country,2016,3.0954,5.4195,0.37,5.3768,14.2617
Belgium,BEL,country,2017,3.308,6.5207,0.2701,5.7066,15.8054
Belgium,BEL,country,2018,3.9035,7.5741,0.2923,5.4125,17.182399999999998
Belgium,BEL,country,2019,4.2524,9.7554,0.302,5.1654,19.4752
Belgium,BEL,country,2020,5.1127,12.8186,0.2669,5.2625,23.4607
Belgium,BEL,country,2021,5.6227,11.9976,0.4181,4.703,22.7414
Belgium,BEL,country,2022,6.8788,12.3526,0.2711,4.9259,24.4284
Belgium,BEL,country,2023,7.82,15.4439,0.4066,3.8024,27.4729
Belgium,BEL,country,2024,8.584015,13.167563,0.5289801,3.2419496,25.5225077
Brazil,BRA,country,2000,0.0,0.001,304.4033,7.855363,312.259663
Brazil,BRA,country,2001,0.0,0.0349,267.876,9.022407,276.933307
Brazil,BRA,country,2002,0.0,0.061,286.0922,10.270147,296.423347
Brazil,BRA,country,2003,0.0,0.061,305.616,11.939463,317.616463
Brazil,BRA,country,2004,0.0,0.061,320.7969,12.515056,333.372956
Brazil,BRA,country,2005,0.0,0.0929,337.4568,13.643077,351.192777
Brazil,BRA,country,2006,0.0,0.237,348.80545,14.845659,363.888109
Brazil,BRA,country,2007,0.0,0.66278183,374.01514,18.063444,392.74136583
Brazil,BRA,country,2008,0.0,1.183,369.5564,19.786257,390.525657
Brazil,BRA,country,2009,0.0,1.238,390.98807,22.875872,415.101942
Brazil,BRA,country,2010,0.0,2.176558,403.28983,31.942375,437.408763
Brazil,BRA,country,2011,0.0,2.704769,428.33292,32.62904,463.666729
Brazil,BRA,country,2012,0.001615116,5.05,415.34216,35.76567,456.159445116
Brazil,BRA,country,2013,0.004793593,6.575863,390.992,40.971848,438.544504593
Brazil,BRA,country,2014,0.016081803,12.210252,373.43906,47.07918,432.744573803
Brazil,BRA,country,2015,0.05891741,21.625702,359.7428,49.88032,431.30773941
Brazil,BRA,country,2016,0.08526059,33.488873,380.91095,51.334698,465.8197815900001
Brazil,BRA,country,2017,0.8318134,42.373257,370.90646,52.912106,467.0236364
Brazil,BRA,country,2018,3.4614348,48.47514,388.97107,54.382233,495.2898778
Brazil,BRA,country,2019,6.654579,55.985622,397.87704,54.920876,515.438117
Brazil,BRA,country,2020,10.748342,57.050705,396.3812,58.741848,522.922095
Brazil,BRA,country,2021,16.752281,72.28597,362.81845,56.011387,507.868088
Brazil,BRA,country,2022,30.126461,81.63157,427.11356,55.02174,593.893331
Brazil,BRA,country,2023,50.63289,95.80072,425.9961,57.756065,630.185775
Brazil,BRA,country,2024,71.320244,108.49336,413.21426,58.235554,651.263418
Bulgaria,BGR,country,2000,0.0,0.0,2.631,0.0,2.631
Bulgaria,BGR,country,2001,0.0,0.0,1.651,0.0,1.651
Bulgaria,BGR,country,2002,0.0,0.0,2.116,0.0,2.116
Bulgaria,BGR,country,2003,0.0,0.0,2.995,0.0,2.995
Bulgaria,BGR,country,2004,0.0,0.001,3.138811,0.0,3.139811
Bulgaria,BGR,country,2005,0.0,0.004587,4.297428,0.0,4.302015
Bulgaria,BGR,country,2006,0.0,0.020047,4.212974,0.0,4.233021
Bulgaria,BGR,country,2007,6e-05,0.046802,2.829847,0.0,2.876709
Bulgaria,BGR,country,2008,0.000167,0.121758,2.79271,0.015532,2.930167
Bulgaria,BGR,country,2009,0.003267,0.237009,3.431712,0.007402,3.67939
Bulgaria,BGR,country,2010,0.014865,0.681369,5.031341,0.035239,5.7628140000000005
Bulgaria,BGR,country,2011,0.100862,0.861095,2.871581,0.055737,3.889275
Bulgaria,BGR,country,2012,0.778696,1.220898,3.177636,0.065827,5.243057
Bulgaria,BGR,country,2013,1.391987,1.373512,4.036138,0.111713,6.91335
Bulgaria,BGR,country,2014,1.256651,1.330577,4.601629,0.200792,7.389649
Bulgaria,BGR,country,2015,1.381661,1.451511,5.654542,0.270185,8.757899
Bulgaria,BGR,country,2016,1.38799,1.42497,3.879842,0.353614,7.046416000000001
Bulgaria,BGR,country,2017,1.40297,1.504064,2.828103,0.395981,6.131118000000001
Bulgaria,BGR,country,2018,1.342788,1.318123,5.146578,1.572966,9.380455
Bulgaria,BGR,country,2019,1.417286,1.316988,2.929499,1.820811,7.484584
Bulgaria,BGR,country,2020,1.46872,1.477131,2.820398,1.699341,7.46559
Bulgaria,BGR,country,2021,1.466598,1.433561,4.819205,2.588892,10.308256
Bulgaria,BGR,country,2022,2.093838,1.499125,3.803279,2.243594,9.639836
Bulgaria,BGR,country,2023,3.520709,1.583852,3.080132,1.874002,10.058695
Bulgaria,BGR,country,2024,5.4212894,1.3770839,2.8774345,1.721178,11.3969858
Canada,CAN,country,2000,0.016421054,0.264,356.76007,8.917043,365.957534054
Canada,CAN,country,2001,0.019578947,0.329,331.52103,9.67215,341.541758947
Canada,CAN,country,2002,0.022736842,0.405,349.27463,10.046104,359.748470842
Canada,CAN,country,2003,0.022789475,0.69,336.13937,9.4172945,346.269453975
Canada,CAN,country,2004,0.014263158,0.945,338.39835,9.804526,349.162139158
Canada,CAN,country,2005,0.017,1.5674546,361.95575,9.155414,372.6956186000001
Canada,CAN,country,2006,0.021,2.4730656,352.8873,8.938046,364.3194116
Canada,CAN,country,2007,0.026,3.0072787,367.62146,8.991077,379.6458157
Canada,CAN,country,2008,0.035,3.7885141,377.48773,7.978966,389.2902101
Canada,CAN,country,2009,0.109,6.6416516,368.6874,8.942057,384.3801086
Canada,CAN,country,2010,0.25555557,8.724192,351.3848,10.297558,370.66210557
Canada,CAN,country,2011,0.5717152,10.188574,375.72372,10.213784,396.6977932
Canada,CAN,country,2012,0.88080704,11.311488,380.26715,10.913819,403.37326404
Canada,CAN,country,2013,1.4989899,11.145443,391.78888,11.03561,415.4689229
Canada,CAN,country,2014,2.120201,12.81707,382.50137,9.795245,407.233886
Canada,CAN,country,2015,2.8949516,26.96639,382.19327,9.987179,422.0417906
Canada,CAN,country,2016,3.0050516,30.933117,385.43243,11.359523,430.7301216
Canada,CAN,country,2017,3.3090918,31.513615,394.58737,11.145218,440.5552948
Canada,CAN,country,2018,3.4919193,33.47136,385.89395,10.541605,433.3988343
Canada,CAN,country,2019,3.7525241,32.875572,381.77032,10.307284,428.7057001
Canada,CAN,country,2020,4.071718,35.76448,386.54474,10.405078,436.786016
Canada,CAN,country,2021,5.1141415,37.29677,382.4294,10.54888,435.3891915
Canada,CAN,country,2022,5.737375,39.47773,397.72525,9.51923,452.459585
Canada,CAN,country,2023,8.3973875,40.51046,360.73584,9.801047,419.4447345
Canada,CAN,country,2024,9.416499,46.82984,343.1973,9.831747,409.275386
Chile,CHL,country,2000,0.0,0.0,19.081,1.375,20.456
Chile,CHL,country,2001,0.0,0.007,21.68,1.683,23.37
Chile,CHL,country,2002,0.0,0.007,23.187,1.781,24.975
Chile,CHL,country,2003,0.0,0.007,22.603,1.695,24.305
Chile,CHL,country,2004,0.0,0.005,20.969337,2.031,23.005337
Chile,CHL,country,2005,0.0,0.007,25.5755,1.79,27.3725
Chile,CHL,country,2006,0.0,0.007,28.21505,1.431,29.65305
Chile,CHL,country,2007,0.0,0.0112,22.33486,2.696,25.04206
Chile,CHL,country,2008,0.0,0.03812314,24.266146,3.5882213,27.89249044
Chile,CHL,country,2009,0.0,0.07901422,25.17931,3.391682,28.65000622
Chile,CHL,country,2010,0.0,0.325326,21.759474,3.4124773,25.4972773
Chile,CHL,country,2011,0.0,0.33759564,20.510006,4.314426,25.16202764
Chile,CHL,country,2012,0.00034039,0.40838745,20.162024,5.9831734,26.55392524
Chile,CHL,country,2013,0.00675656,0.5450756,19.907211,6.896006,27.35504916
Chile,CHL,country,2014,0.458713,1.4431201,23.045078,4.989873,29.9367841
Chile,CHL,country,2015,1.3601003,2.114648,23.621508,5.5661297,32.662386
Chile,CHL,country,2016,2.5502636,2.4518394,19.690727,6.722216,31.415046
Chile,CHL,country,2017,3.8959484,3.6255593,21.325731,7.4493103,36.296549
Chile,CHL,country,2018,5.118721,3.5878947,23.36677,9.157252,41.2306377
Chile,CHL,country,2019,6.300226,4.895221,21.440327,7.931265,40.567039
Chile,CHL,country,2020,7.6148434,5.6023026,21.720932,7.151853,42.08993100000001
Chile,CHL,country,2021,10.750199,7.628098,18.072273,6.57354,43.02410999999999
Chile,CHL,country,2022,15.713686,8.89331,20.387756,6.0717387,51.0664907
Chile,CHL,country,2023,18.437656,9.390953,23.385221,7.5315537,58.745383700000005
Chile,CHL,country,2024,20.655298,10.509565,26.483824,7.628073,65.27676
China,CHN,country,2000,0.022,0.589899,222.41,2.537,225.558899
China,CHN,country,2001,0.031,0.7191919,277.43,2.554,280.7341919
China,CHN,country,2002,0.048,0.83737373,287.97,2.546,291.40137373000005
China,CHN,country,2003,0.064,0.9969697,283.68,2.536,287.2769697
China,CHN,country,2004,0.076,1.2777778,353.544,2.528,357.4257778
China,CHN,country,2005,0.084,1.9460607,397.017,5.322,404.3690607
China,CHN,country,2006,0.095,3.7118182,435.786,7.133,446.7258182
China,CHN,country,2007,0.114,5.479293,485.264,9.863,500.720293
China,CHN,country,2008,0.152,13.1,636.96,14.866,665.0780000000001
China,CHN,country,2009,0.279,27.614998,615.644,20.85932,664.397318
China,CHN,country,2010,0.701,49.39962,711.3831,24.90023,786.38395
China,CHN,country,2011,2.61,74.1,688.045,27.632,792.387
China,CHN,country,2012,3.5945098,103.049904,862.7941,30.133,999.5715138
China,CHN,country,2013,8.373886,138.26413,909.61224,37.133,1093.383256
China,CHN,country,2014,23.51216,159.7627,1059.6917,46.26822,1289.23478
China,CHN,country,2015,39.48057,185.59145,1114.5154,54.07029,1393.65771
China,CHN,country,2016,66.52795,240.8605,1153.2675,62.134766,1522.790716
China,CHN,country,2017,117.8,304.6,1165.065,79.59891,1667.06391
China,CHN,country,2018,176.9,365.8,1198.887,93.7957,1835.3827
China,CHN,country,2019,224.0,405.3,1272.538,112.7957,2014.6337
China,CHN,country,2020,261.1,466.5,1321.709,135.69624,2185.00524
China,CHN,country,2021,327.0,655.8,1300.0,165.9957,2448.7957
China,CHN,country,2022,427.27,762.67,1298.1221,182.5957,2670.6578
China,CHN,country,2023,584.15,885.87,1225.9955,198.1957,2894.2112
China,CHN,country,2024,839.04,997.04,1354.2543,208.49623,3398.83053
Colombia,COL,country,2000,0.001835014,0.0,30.815718,0.496,31.313553014
Colombia,COL,country,2001,0.00266875,0.0,31.632658,0.496,32.13132675
Colombia,COL,country,2002,0.00465125,0.0,33.968037,0.491,34.463688250000004
Colombia,COL,country,2003,0.006405,0.0,36.17636,0.495,36.677765
Colombia,COL,country,2004,0.007951726,0.05199,38.33006,0.467,38.857001726
Colombia,COL,country,2005,0.00953125,0.04948,39.220886,0.503,39.78289725
Colombia,COL,country,2006,0.0,0.06298139,42.55789,0.5197261,43.14059749
Colombia,COL,country,2007,0.0,0.049890976,44.24198,0.5071364,44.799007376
Colombia,COL,country,2008,0.0,0.053918168,46.16088,0.50934935,46.724147518
Colombia,COL,country,2009,0.0,0.057707813,40.837364,1.0032873,41.898359113
Colombia,COL,country,2010,0.0,0.03856992,40.55746,1.1099824,41.70601232
Colombia,COL,country,2011,0.0,0.041271944,48.42748,1.3783877,49.847139644
Colombia,COL,country,2012,0.0,0.05485471,47.58171,1.4760586,49.11262331
Colombia,COL,country,2013,0.0,0.057624802,44.36279,1.3464338,45.766848602
Colombia,COL,country,2014,0.0,0.0702303,44.741962,1.728923,46.5411153
Colombia,COL,country,2015,0.0,0.06837745,44.681904,1.8229002,46.57318165
Colombia,COL,country,2016,0.0,0.050887343,46.787926,1.9938043,48.832617643
Colombia,COL,country,2017,0.005,0.003071419,57.32773,1.9912593,59.327060719
Colombia,COL,country,2018,0.012,0.04344,56.65124,2.1187904,58.8254704
Colombia,COL,country,2019,0.13206,0.06332,54.437,2.004308,56.636688
Colombia,COL,country,2020,0.1908,0.01012,49.83735,2.0409844,52.0792544
Colombia,COL,country,2021,0.32301,0.06047,60.49647,1.8626548,62.7426048
Colombia,COL,country,2022,0.50259,0.07488,64.33728,1.9327716,66.84752160000001
Colombia,COL,country,2023,1.19984,0.2036,59.83452,1.7728655,63.0108255
Colombia,COL,country,2024,3.30338,0.1488,54.49474,1.8725764,59.8194964
Croatia,HRV,country,2000,0.0,0.0,6.4529,0.001,6.4539
Croatia,HRV,country,2001,0.0,0.0,7.1804,0.0,7.1804
Croatia,HRV,country,2002,0.0,0.0,5.8514,0.0,5.8514
Croatia,HRV,country,2003,0.0,0.0,5.4578,0.0,5.4578
Croatia,HRV,country,2004,0.0,0.002,7.6266,0.004,7.6326
Croatia,HRV,country,2005,0.0,0.01,7.0355,0.014,7.0595
Croatia,HRV,country,2006,0.0,0.019,6.617,0.011,6.647
Croatia,HRV,country,2007,0.0,0.0349,4.6998,0.007,4.7417
Croatia,HRV,country,2008,0.0,0.0399,5.78,0.0211,5.841
Croatia,HRV,country,2009,9.1e-05,0.0542,7.408401,0.019969,7.482660999999999
Croatia,HRV,country,2010,0.00012,0.1391,9.126203,0.033037,9.29846
Croatia,HRV,country,2011,0.000137,0.201,5.031887,0.054245,5.287269
Croatia,HRV,country,2012,0.002404,0.328746,4.8369,0.093906,5.261956
Croatia,HRV,country,2013,0.011283,0.517287,8.6217,0.125695,9.275965
Croatia,HRV,country,2014,0.035174,0.72997,9.00612,0.164578,9.935842
Croatia,HRV,country,2015,0.057264,0.796295,6.390636,0.265181,7.509376
Croatia,HRV,country,2016,0.065541,1.014248,6.852099,0.431424,8.363312
Croatia,HRV,country,2017,0.0787,1.204,5.3074,0.5256,7.1157
Croatia,HRV,country,2018,0.0749,1.3354,7.7009,0.6701,9.7813
Croatia,HRV,country,2019,0.0831,1.4673,5.8261,0.9703,8.3468
Croatia,HRV,country,2020,0.0955,1.7207,5.6624,1.072,8.5506
Croatia,HRV,country,2021,0.1489,2.0618,7.1277,1.1895,10.5279
Croatia,HRV,country,2022,0.1519,2.1378,5.4597,1.2015,8.9509
Croatia,HRV,country,2023,0.4131,2.5865,8.1605,1.0671,12.2272
Croatia,HRV,country,2024,0.81781065,2.6794534,6.766598,1.0123833,11.27624535
Cyprus,CYP,country,2000,0.0,0.0,0.0,0.0,0.0
Cyprus,CYP,country,2001,0.0,0.0,0.0,0.0,0.0
Cyprus,CYP,country,2002,0.0,0.0,0.0,0.0,0.0
Cyprus,CYP,country,2003,0.0,0.0,0.0,0.0,0.0
Cyprus,CYP,country,2004,0.0004,0.000355,0.0,0.0,0.000755
Cyprus,CYP,country,2005,0.000566,0.000355,0.0,0.0,0.0009209999999999
Cyprus,CYP,country,2006,0.001002,0.000355,0.0,0.000155,0.001512
Cyprus,CYP,country,2007,0.001733,0.000356,0.0,0.0014,0.003489
Cyprus,CYP,country,2008,0.003,0.000356,0.0,0.012,0.015356
Cyprus,CYP,country,2009,0.004,0.000356,0.0,0.027,0.031356
Cyprus,CYP,country,2010,0.007,0.031,0.0,0.035,0.073
Cyprus,CYP,country,2011,0.012,0.114,0.0,0.052,0.178
Cyprus,CYP,country,2012,0.022,0.185,0.0,0.05,0.257
Cyprus,CYP,country,2013,0.047,0.231,0.0,0.049,0.327
Cyprus,CYP,country,2014,0.0836,0.1839,0.0,0.0505,0.318
Cyprus,CYP,country,2015,0.126659,0.221857,0.0,0.051236,0.399752
Cyprus,CYP,country,2016,0.145937,0.226701,0.0,0.052021,0.424659
Cyprus,CYP,country,2017,0.17202,0.21145,0.0,0.05175,0.43522
Cyprus,CYP,country,2018,0.19183,0.22061,0.0,0.05136,0.4638
Cyprus,CYP,country,2019,0.218267,0.238565,0.0,0.05792,0.514752
Cyprus,CYP,country,2020,0.295608,0.240408,0.0,0.060632,0.5966480000000001
Cyprus,CYP,country,2021,0.468338,0.246478,0.0,0.05994,0.774756
Cyprus,CYP,country,2022,0.601859,0.224266,0.0,0.05784,0.883965
Cyprus,CYP,country,2023,0.830523,0.208477,0.0,0.053873,1.092873
Cyprus,CYP,country,2024,1.0758234,0.20265098,0.0,0.05476721,1.33324159
Czechia,CZE,country,2000,0.0,0.0,1.758,0.52479,2.28279
Czechia,CZE,country,2001,0.0,0.0002,2.054,0.52259,2.57679
Czechia,CZE,country,2002,0.0,0.0016,2.492,0.503807,2.997407
Czechia,CZE,country,2003,0.0,0.0039,1.383,0.490589,1.877489
Czechia,CZE,country,2004,0.0001,0.0099,2.0192,0.713371,2.742571
Czechia,CZE,country,2005,6.8e-05,0.02128,2.37991,0.731721,3.132979
Czechia,CZE,country,2006,0.00017,0.049375,2.5503,0.918167,3.518012
Czechia,CZE,country,2007,0.001754,0.125098,2.089409,1.195259,3.41152
Czechia,CZE,country,2008,0.012937,0.244661,2.024335,1.449079,3.731012
Czechia,CZE,country,2009,0.088807,0.288067,2.429607,1.848464,4.654945
Czechia,CZE,country,2010,0.615702,0.335493,2.789474,2.162487,5.903156
Czechia,CZE,country,2011,2.182018,0.397003,1.963016,2.703475,7.245512
Czechia,CZE,country,2012,2.148624,0.415817,2.129143,3.371706,8.06529
Czechia,CZE,country,2013,2.032654,0.480519,2.734507,4.060706,9.308386
Czechia,CZE,country,2014,2.1273375,0.47654453,1.9097624,4.6634326,9.17707703
Czechia,CZE,country,2015,2.267284,0.5726116,1.795387,4.792041,9.4273236
Czechia,CZE,country,2016,2.134217,0.49696034,2.001489,4.7665653,9.39923164
Czechia,CZE,country,2017,2.1969082,0.59103835,1.869534,4.9645762,9.62205675
Czechia,CZE,country,2018,2.3415933,0.6093297,1.6275184,4.8261795,9.4046209
Czechia,CZE,country,2019,2.2877533,0.70003396,2.0086746,5.030655,10.02711686
Czechia,CZE,country,2020,2.2372687,0.6990835,2.1442552,5.212986,10.2935934
Czechia,CZE,country,2021,2.1522183,0.6015541,2.4102345,5.3839655,10.5479724
Czechia,CZE,country,2022,2.4891188,0.6413605,2.1011646,5.404244,10.6358879
Czechia,CZE,country,2023,2.8920655,0.70164096,2.362978,5.189739,11.14642346
Czechia,CZE,country,2024,3.5903816,0.70491415,2.6562767,5.4988394,12.45041185
Denmark,DNK,country,2000,0.0012,4.2412,0.0302,1.2996056,5.5722056
Denmark,DNK,country,2001,0.0012,4.3060193,0.0276,1.5115592,5.8463785
Denmark,DNK,country,2002,0.001280556,4.876939,0.0318,1.8791215,6.789141055999999
Denmark,DNK,country,2003,0.001519444,5.5607834,0.0212,2.4933515,8.076854344000001
Denmark,DNK,country,2004,0.001838889,6.5831113,0.0265,2.9107547,9.522204889
Denmark,DNK,country,2005,0.002161111,6.614,0.0225,3.1742494,9.812910511
Denmark,DNK,country,2006,0.002213889,6.1079583,0.0234,3.0699494,9.203521589
Denmark,DNK,country,2007,0.002494444,7.1712,0.0282,3.105064,10.306958444
Denmark,DNK,country,2008,0.002622222,6.9278,0.0258,3.1405714,10.096793622
Denmark,DNK,country,2009,0.00375,6.7205,0.0189,3.3202577,10.0634077
Denmark,DNK,country,2010,0.006161111,7.809422,0.020641666,4.5939307,12.430155477
Denmark,DNK,country,2011,0.015130555,9.774183,0.016869444,4.375025,14.181207999
Denmark,DNK,country,2012,0.10386111,10.269938,0.017475,4.4460053,14.83727941
Denmark,DNK,country,2013,0.51754165,11.123275,0.013419445,4.313503,15.967739095
Denmark,DNK,country,2014,0.5955167,13.078503,0.015102778,4.3018527,17.990975178
Denmark,DNK,country,2015,0.6042611,14.133092,0.018030556,4.200628,18.956011656
Denmark,DNK,country,2016,0.74378055,12.781731,0.019272223,4.845242,18.390025773
Denmark,DNK,country,2017,0.7514861,14.78,0.017872222,6.248558,21.797916322
Denmark,DNK,country,2018,0.952973,13.901956,0.014861112,5.890091,20.759881112
Denmark,DNK,country,2019,0.9632695,16.149834,0.016955,5.943146,23.0732045
Denmark,DNK,country,2020,1.180532,16.330214,0.017064,5.919057,23.446867
Denmark,DNK,country,2021,1.308929,16.054466,0.016294,8.718286,26.097975
Denmark,DNK,country,2022,2.202567,19.02224,0.014944,7.273093,28.512844
Denmark,DNK,country,2023,3.363278,19.393192,0.019628,6.436815,29.212913
Denmark,DNK,country,2024,3.895869,20.557018,0.019513994,5.793155,30.265555994
Ecuador,ECU,country,2000,0.0,0.0,7.6112313,0.0,7.6112313
Ecuador,ECU,country,2001,0.0,0.0,7.0706525,0.0,7.0706525
Ecuador,ECU,country,2002,0.0,0.0,7.524256,0.0,7.524256
Ecuador,ECU,country,2003,0.0,0.0,7.180417,0.0,7.180417
Ecuador,ECU,country,2004,0.0,0.0,7.4116993,0.00324057,7.41493987
Ecuador,ECU,country,2005,1.23899e-05,0.0,6.8826394,0.102856286,6.9855080759
Ecuador,ECU,country,2006,1.4875e-05,0.0,7.129493,0.14555573,7.275063605
Ecuador,ECU,country,2007,1.8162e-05,0.000962135,9.037655,0.21875276,9.257388057
Ecuador,ECU,country,2008,2.6687e-05,0.002682461,11.293333,0.20832446,11.504366608
Ecuador,ECU,country,2009,7.8786e-06,0.003204417,9.225408,0.2165198,9.4451400956
Ecuador,ECU,country,2010,0.0,0.00343485,8.636401,0.23556188,8.87539773
Ecuador,ECU,country,2011,5.812e-05,0.00334467,11.133088,0.27820036,11.41469115
Ecuador,ECU,country,2012,0.00032566,0.002398368,12.237723,0.29635325,12.536800278
Ecuador,ECU,country,2013,0.003663607,0.056702975,11.038825,0.29578793,11.394979512
Ecuador,ECU,country,2014,0.016482696,0.07974247,11.457895,0.3994712,11.953591366
Ecuador,ECU,country,2015,0.036057927,0.098806314,13.09627,0.40775105,13.638885291
Ecuador,ECU,country,2016,0.038754817,0.08395875,15.833842,0.4897965,16.446352067
Ecuador,ECU,country,2017,0.03748,0.0734,20.08861,0.459,20.65849
Ecuador,ECU,country,2018,0.038079325,0.08025777,20.678001,0.42796764,21.224305735
Ecuador,ECU,country,2019,0.038,0.085526936,24.641,0.45472345,25.219250386
Ecuador,ECU,country,2020,0.03776,0.0771,24.33326,0.47058,24.9187
Ecuador,ECU,country,2021,0.03687,0.06201,25.57461,0.41493,26.08842
Ecuador,ECU,country,2022,0.0385,0.0606,24.63516,0.38967,25.12393
Ecuador,ECU,country,2023,0.03833,0.20858,25.34871,0.35859,25.95421
Ecuador,ECU,country,2024,0.03611,0.22354,22.61443,0.49968,23.37376
Egypt,EGY,country,2000,0.0002,0.0805,14.178,0.0,14.2587
Egypt,EGY,country,2001,0.0009,0.179,14.4135,0.0,14.5934
Egypt,EGY,country,2002,0.001,0.2125,13.9945,0.0,14.208
Egypt,EGY,country,2003,0.001,0.286,12.939,0.0,13.226
Egypt,EGY,country,2004,0.001,0.5040505,12.8315,0.0,13.3365505
Egypt,EGY,country,2005,0.001,0.5101111,12.644,0.0,13.1551111
Egypt,EGY,country,2006,0.001,0.6050606,12.7845,0.0,13.3905606
Egypt,EGY,country,2007,0.0012,0.66243637,14.2175,0.0,14.88113637
Egypt,EGY,country,2008,0.0015,0.92981315,15.096,0.0,16.02731315
Egypt,EGY,country,2009,0.0022,1.0371939,13.7725,0.0,14.8118939
Egypt,EGY,country,2010,0.0252,1.4091434,12.9545,0.0,14.3888434
Egypt,EGY,country,2011,0.244569,1.4948249,12.99,0.0,14.7293939
Egypt,EGY,country,2012,0.504201,1.3362031,13.0275,0.0,14.8679041
Egypt,EGY,country,2013,0.025437,1.5765831,13.2365,0.0,14.8385201
Egypt,EGY,country,2014,0.139549,1.0281278,13.587,0.0,14.7546768
Egypt,EGY,country,2015,0.042,1.8945454,13.6835,0.0,15.6200454
Egypt,EGY,country,2016,0.23361,2.396693,13.1975,0.0,15.827803
Egypt,EGY,country,2017,0.602545,2.1095762,12.788,0.0,15.5001212
Egypt,EGY,country,2018,0.553053,2.987351,12.9235,0.0,16.463904
Egypt,EGY,country,2019,1.489,4.9796867,13.121,0.0,19.5896867
Egypt,EGY,country,2020,4.45251,5.2323384,14.0795,0.0,23.7643484
Egypt,EGY,country,2021,4.97142,5.486156,14.9035,0.0,25.361076
Egypt,EGY,country,2022,5.00306,5.89694,14.7075,0.0,25.6075
Egypt,EGY,country,2023,4.93476,5.986452,15.052,0.0,25.973212
Egypt,EGY,country,2024,6.067527,6.1372714,14.3727,0.0,26.577498400000003
Estonia,EST,country,2000,0.0,0.0,0.005,0.055,0.06
Estonia,EST,country,2001,0.0,0.0,0.0074,0.022,0.0294
Estonia,EST,country,2002,0.0,0.0014,0.0056,0.027,0.0339999999999999
Estonia,EST,country,2003,0.0,0.0061,0.0128,0.026,0.0448999999999999
Estonia,EST,country,2004,0.0,0.0076,0.0224,0.031,0.061
Estonia,EST,country,2005,0.0,0.0539,0.0215,0.033,0.1084
Estonia,EST,country,2006,0.0,0.0763,0.0135,0.038,0.1278
Estonia,EST,country,2007,0.0,0.091,0.022,0.036,0.149
Estonia,EST,country,2008,0.0,0.133,0.028,0.038,0.199
Estonia,EST,country,2009,0.0001,0.195,0.032,0.314,0.5411
Estonia,EST,country,2010,0.0001,0.277,0.027,0.742,1.0460999999999998
Estonia,EST,country,2011,0.0002,0.368,0.03,0.783,1.1812
Estonia,EST,country,2012,0.0003,0.434,0.042,1.001,1.4772999999999998
Estonia,EST,country,2013,0.0014,0.529,0.026,0.6965,1.2529
Estonia,EST,country,2014,0.0031,0.604,0.027,0.796,1.4301
Estonia,EST,country,2015,0.0059,0.715,0.027,0.843,1.5908999999999998
Estonia,EST,country,2016,0.0097,0.594,0.035,0.9495,1.5881999999999998
Estonia,EST,country,2017,0.0145,0.723,0.026,1.1085,1.872
Estonia,EST,country,2018,0.0308,0.636,0.015,1.332,2.0138000000000003
Estonia,EST,country,2019,0.0735,0.687,0.019,1.363,2.1425
Estonia,EST,country,2020,0.245,0.844,0.03,1.8515,2.9704999999999995
Estonia,EST,country,2021,0.35367,0.733,0.023,1.768863,2.8785330000000005
Estonia,EST,country,2022,0.596,0.668,0.023,1.569152,2.856152
Estonia,EST,country,2023,0.721,0.683,0.024,1.377112,2.8051120000000003
Estonia,EST,country,2024,1.1261708,1.0474237,0.03166414,1.3797698,3.58502844
Finland,FIN,country,2000,0.001576,0.078,14.66,8.639025,23.378601
Finland,FIN,country,2001,0.001715,0.07,13.205,8.271852,21.548567
Finland,FIN,country,2002,0.001865,0.064,10.776,8.988814,19.830679
Finland,FIN,country,2003,0.002097,0.093,9.591,9.379286,19.065383
Finland,FIN,country,2004,0.002361,0.120344,15.069615,10.439557,25.631877000000003
Finland,FIN,country,2005,0.002631,0.169942,13.784,9.512216,23.468789
Finland,FIN,country,2006,0.003379,0.155641,11.493691,10.81394,22.466651
Finland,FIN,country,2007,0.003811,0.188408,14.177206,9.954877,24.324302000000003
Finland,FIN,country,2008,0.003944,0.26052,17.112131,10.404638,27.781233
Finland,FIN,country,2009,0.004317,0.276624,12.68603,8.733982,21.700953
Finland,FIN,country,2010,0.004739,0.294317,12.921994,10.974214,24.195264
Finland,FIN,country,2011,0.0053,0.481393,12.445039,11.244833,24.176565
Finland,FIN,country,2012,0.005749,0.494323,16.859129,11.199986,28.559187
Finland,FIN,country,2013,0.006452,0.773692,12.838601,12.010922,25.629667
Finland,FIN,country,2014,0.007752,1.107172,13.397044,11.758651,26.270619
Finland,FIN,country,2015,0.011311,2.327359,16.768698,11.419356,30.526724
Finland,FIN,country,2016,0.022066,3.068041,15.799127,11.522723,30.411957
Finland,FIN,country,2017,0.048513,4.795192,14.771469,11.861537,31.476711
Finland,FIN,country,2018,0.090225,5.838668,13.301104,12.910225,32.140222
Finland,FIN,country,2019,0.147182,6.024746,12.420475,13.292058,31.884461
Finland,FIN,country,2020,0.218471,8.255676,15.883341,11.569852,35.92734
Finland,FIN,country,2021,0.297518,8.506734,15.791129,13.579126,38.174507
Finland,FIN,country,2022,0.392342,12.021995,13.49176,12.760534,38.666631
Finland,FIN,country,2023,0.71644,15.043174,15.200385,11.342414,42.302413
Finland,FIN,country,2024,1.2809415,20.655367,14.317854,10.261455,46.51561749999999
France,FRA,country,2000,0.00522325,0.048,66.363,2.986,69.40222325
France,FRA,country,2001,0.0061605,0.131,74.268,3.334,77.7391605
France,FRA,country,2002,0.00710345,0.265,60.397,3.537,64.20610345
France,FRA,country,2003,0.0077673,0.388,58.943,3.717,63.0557673
France,FRA,country,2004,0.008447984,0.595,59.555,3.782,63.940447984
France,FRA,country,2005,0.01050076,0.962,51.48,3.872,56.32450076
France,FRA,country,2006,0.01190605,2.182,56.303,3.841,62.33790605
France,FRA,country,2007,0.018,4.07,57.604,4.216,65.908
France,FRA,country,2008,0.042,5.694,63.654,4.436,73.82600000000001
France,FRA,country,2009,0.174,7.912,56.994,4.578,69.658
France,FRA,country,2010,0.62,9.945,62.714,4.917,78.196
France,FRA,country,2011,2.07784,12.561006,44.848557,5.518408,65.005811
France,FRA,country,2012,4.015693,15.411553,58.781254,5.757187,83.965687
France,FRA,country,2013,4.734146,16.387354,70.8423,6.096901,98.060701
France,FRA,country,2014,5.913478,17.596663,62.828735,6.582303,92.921179
France,FRA,country,2015,7.263165,21.77858,54.556957,7.1144433,90.7131453
France,FRA,country,2016,8.164944,21.735586,59.923428,7.7130413,97.5369993
France,FRA,country,2017,9.102626,25.03588,48.964455,8.246541,91.349502
France,FRA,country,2018,10.327941,29.10284,63.915768,8.631376,111.977925
France,FRA,country,2019,11.647888,35.30979,56.027714,8.763643,111.749035
France,FRA,country,2020,12.716188,40.543602,61.703796,8.812483,123.776069
France,FRA,country,2021,14.880584,37.487778,58.653072,9.240985,120.262419
France,FRA,country,2022,19.144035,38.86119,44.27017,9.680372,111.955767
France,FRA,country,2023,21.312368,51.39639,55.720673,9.514223,137.943654
France,FRA,country,2024,23.183577,47.145226,70.907906,9.612644,150.849353
Germany,DEU,country,2000,0.0,9.5,24.9,3.4,37.8
Germany,DEU,country,2001,0.1,10.5,23.2,5.2,39.0
Germany,DEU,country,2002,0.2,15.8,23.7,6.4,46.1
Germany,DEU,country,2003,0.313,19.087,18.321198,8.948651,46.669849
Germany,DEU,country,2004,0.557,26.019,20.745722,10.635514,57.957236
Germany,DEU,country,2005,1.308,27.774,19.638,14.707401,63.427401
Germany,DEU,country,2006,2.265,31.324,20.031,18.935265,72.55526499999999
Germany,DEU,country,2007,3.137,40.507,21.17,24.615967,89.429967
Germany,DEU,country,2008,4.508,41.385,20.443,28.033205,94.369205
Germany,DEU,country,2009,6.715,39.42,19.031,30.904196,96.070196
Germany,DEU,country,2010,11.963,38.547,20.953,33.952076,105.415076
Germany,DEU,country,2011,19.991,49.857,17.671,36.909298,124.42829799999998
Germany,DEU,country,2012,26.744,51.68,21.755,43.228863,143.407863
Germany,DEU,country,2013,30.621,52.737,22.998,45.59228,151.94827999999998
Germany,DEU,country,2014,35.448,58.497,19.587,48.386147,161.91814699999998
Germany,DEU,country,2015,38.076,80.624,18.977,50.459496,188.136496
Germany,DEU,country,2016,37.556,79.924,20.546,51.103508,189.129508
Germany,DEU,country,2017,38.761,105.693,20.15,51.080452,215.684452
Germany,DEU,country,2018,44.32,109.951,17.693,50.97157,222.93557
Germany,DEU,country,2019,45.221,125.894,19.731,50.32362,241.16962
Germany,DEU,country,2020,49.496,132.102,18.322,51.16132,251.08132
Germany,DEU,country,2021,49.34,114.647,19.657415,50.304493,233.948908
Germany,DEU,country,2022,60.304,124.816,17.624172,51.902596,254.646768
Germany,DEU,country,2023,63.873,141.764,19.895378,49.57122,275.10359800000003
Germany,DEU,country,2024,74.134,138.859,22.213,48.790928,283.996928
Greece,GRC,country,2000,0.0,0.451,3.693,0.0,4.144
Greece,GRC,country,2001,0.0,0.756,2.097,0.079,2.932
Greece,GRC,country,2002,0.0,0.651,2.8,0.126,3.577
Greece,GRC,country,2003,0.0,1.021,4.766,0.105,5.892
Greece,GRC,country,2004,0.000775,1.120765,4.672078,0.124163,5.917781
Greece,GRC,country,2005,0.000953,1.266452,5.017497,0.12152,6.406421999999999
Greece,GRC,country,2006,0.001386,1.699353,5.864849,0.114125,7.679713
Greece,GRC,country,2007,0.00142,1.818,2.591422,0.184,4.594842
Greece,GRC,country,2008,0.005236,2.242,3.312288,0.191356,5.75088
Greece,GRC,country,2009,0.05,2.543,5.352558,0.217572,8.16313
Greece,GRC,country,2010,0.157748,2.713937,7.474753,0.19,10.536438
Greece,GRC,country,2011,0.610311,3.315227,4.011165,0.206815,8.143518
Greece,GRC,country,2012,1.693986,3.850157,4.392525,0.204294,10.140962
Greece,GRC,country,2013,3.648101,4.139136,6.346921,0.216409,14.350567
Greece,GRC,country,2014,3.791885,3.688575,4.478322,0.219661,12.178443
Greece,GRC,country,2015,3.899636,4.621019,6.098194,0.231426,14.850275
Greece,GRC,country,2016,3.929716,5.145896,5.542638,0.27423,14.89248
Greece,GRC,country,2017,3.991477,5.536987,3.962547,0.310028,13.801039
Greece,GRC,country,2018,3.790652,6.300259,5.743448,0.31407,16.148429
Greece,GRC,country,2019,4.42851,7.266347,3.999598,0.402027,16.096481999999998
Greece,GRC,country,2020,4.446854,9.310104,3.343687,0.453554,17.554199
Greece,GRC,country,2021,5.250978,10.482981,5.903439,0.499205,22.136603
Greece,GRC,country,2022,7.139715,10.88325,3.855192,0.568604,22.446761
Greece,GRC,country,2023,8.893572,11.021764,3.815328,0.654851,24.385515
Greece,GRC,country,2024,10.168503,11.947859,3.2183368,0.7260179,26.0607167
Hong Kong,HKG,country,2000,0.0,0.0,0.0,0.0,0.0
Hong Kong,HKG,country,2001,0.0,0.0,0.0,0.0,0.0
Hong Kong,HKG,country,2002,0.0,0.0,0.0,0.0,0.0
Hong Kong,HKG,country,2003,0.0,0.0,0.0,0.0,0.0
Hong Kong,HKG,country,2004,0.0,0.0,0.0,0.0,0.0
Hong Kong,HKG,country,2005,0.0,0.0,0.0,0.0,0.0
Hong Kong,HKG,country,2006,0.0,0.000694,0.0,0.0,0.000694
Hong Kong,HKG,country,2007,0.0,0.000865,0.0,0.0,0.000865
Hong Kong,HKG,country,2008,0.0,0.000807,0.0,0.0,0.000807
Hong Kong,HKG,country,2009,0.0,0.001099,0.0,0.0,0.001099
Hong Kong,HKG,country,2010,0.001,0.001041,0.0,0.039,0.041041
Hong Kong,HKG,country,2011,0.003,0.000868,0.0,0.043,0.046868
Hong Kong,HKG,country,2012,0.003,0.001053,0.0,0.041,0.045053
Hong Kong,HKG,country,2013,0.003,0.000836,0.0,0.036,0.039836
Hong Kong,HKG,country,2014,0.003,0.0009,0.0,0.043,0.0469
Hong Kong,HKG,country,2015,0.004,0.000811,0.0,0.057,0.061811
Hong Kong,HKG,country,2016,0.004,0.000492,0.0,0.065,0.069492
Hong Kong,HKG,country,2017,0.005605,0.001045,0.0,0.065044,0.071694
Hong Kong,HKG,country,2018,0.006383,0.0007,0.0,0.067185,0.074268
Hong Kong,HKG,country,2019,0.0166,0.0007,0.0,0.074305,0.091605
Hong Kong,HKG,country,2020,0.052235,0.001026,0.0,0.114057,0.167318
Hong Kong,HKG,country,2021,0.120359,0.000832,0.0,0.14105,0.262241
Hong Kong,HKG,country,2022,0.179168,0.000832,0.0,0.149691,0.329691
Hong Kong,HKG,country,2023,0.32294837,0.000832,0.0,0.1608702,0.4846505699999999
Hong Kong,HKG,country,2024,0.32383317,0.000834279,0.0,0.17926611,0.503933559
Hungary,HUN,country,2000,0.0,0.0,0.178,0.065,0.243
Hungary,HUN,country,2001,0.0,0.001,0.186,0.07,0.257
Hungary,HUN,country,2002,0.0,0.001,0.194,0.042,0.237
Hungary,HUN,country,2003,0.0,0.004,0.171,0.161,0.336
Hungary,HUN,country,2004,0.0,0.006,0.205,0.725,0.936
Hungary,HUN,country,2005,0.0,0.01,0.202,1.658,1.87
Hungary,HUN,country,2006,0.0,0.043,0.186,1.264,1.493
Hungary,HUN,country,2007,0.0,0.11,0.21,1.563,1.883
Hungary,HUN,country,2008,0.001,0.205,0.213,1.938,2.357
Hungary,HUN,country,2009,0.001,0.331,0.228,2.335,2.895
Hungary,HUN,country,2010,0.001,0.527,0.188,2.297,3.0130000000000003
Hungary,HUN,country,2011,0.001,0.626,0.222,1.859,2.708
Hungary,HUN,country,2012,0.008,0.771181,0.213,1.655,2.647181
Hungary,HUN,country,2013,0.025,0.717905,0.213,1.832,2.7879050000000003
Hungary,HUN,country,2014,0.067,0.65654,0.301,2.126,3.1505400000000003
Hungary,HUN,country,2015,0.141,0.693,0.234,2.161,3.229
Hungary,HUN,country,2016,0.244,0.684,0.259,2.071,3.2580000000000005
Hungary,HUN,country,2017,0.349,0.758,0.22,2.153,3.48
Hungary,HUN,country,2018,0.629,0.607,0.222,2.308,3.766
Hungary,HUN,country,2019,1.497,0.729,0.219,2.245,4.69
Hungary,HUN,country,2020,2.459,0.655,0.244,2.171,5.529
Hungary,HUN,country,2021,3.796,0.664,0.212,2.243,6.914999999999999
Hungary,HUN,country,2022,4.732,0.61,0.178,2.142,7.662000000000001
Hungary,HUN,country,2023,6.925,0.646,0.222,1.58,9.373
Hungary,HUN,country,2024,8.973962,0.657892,0.231262,1.745108,11.608224
Iceland,ISL,country,2000,0.0,0.0,6.350488,1.322663,7.673151000000001
Iceland,ISL,country,2001,0.0,0.0,6.572595,1.450863,8.023458
Iceland,ISL,country,2002,0.0,0.0,6.970682,1.43042,8.401102
Iceland,ISL,country,2003,0.0,0.0,7.0823274,1.4046782,8.4870056
Iceland,ISL,country,2004,0.0,0.0,7.131893,1.4823828,8.6142758
Iceland,ISL,country,2005,0.0,0.0,7.015286,1.6590298,8.6743158
Iceland,ISL,country,2006,0.0,0.0,7.288997,2.632598,9.921595
Iceland,ISL,country,2007,0.0,0.0,8.393735,3.5806527,11.9743877
Iceland,ISL,country,2008,0.0,0.0,12.427433,4.037937,16.46537
Iceland,ISL,country,2009,0.0,0.0,12.279343,4.5530868,16.8324298
Iceland,ISL,country,2010,0.0,0.0,12.592082,4.4653225,17.0574045
Iceland,ISL,country,2011,0.0,7.936e-06,12.506839,4.701463,17.208309936
Iceland,ISL,country,2012,0.0,0.0,12.33653,5.209505,17.546035
Iceland,ISL,country,2013,0.0,0.005484748,12.8628435,5.244992,18.113320248
Iceland,ISL,country,2014,0.0,0.008385545,12.873015,5.2383647,18.119765245
Iceland,ISL,country,2015,0.0,0.010894204,13.780769,5.002982,18.794645204
Iceland,ISL,country,2016,0.0,0.009209778,13.469596,5.06728,18.546085778
Iceland,ISL,country,2017,0.0,0.008126884,14.0587225,5.1695986,19.236447984
Iceland,ISL,country,2018,0.0,0.004363,13.812796,6.009834,19.826993
Iceland,ISL,country,2019,0.0,0.006569191,13.461466,6.0181384,19.486173591
Iceland,ISL,country,2020,0.0,0.0066603,13.156972,5.9606023,19.1242346
Iceland,ISL,country,2021,0.0,0.006087,13.804,5.8016,19.611687
Iceland,ISL,country,2022,6e-06,0.005749,14.195721,5.916097,20.117573
Iceland,ISL,country,2023,9e-06,0.007228,14.225992,6.006219,20.239448
Iceland,ISL,country,2024,8e-06,0.012339001,13.58024,5.966055,19.558642001
India,IND,country,2000,0.007070707,1.582,76.990364,1.6860788,80.265513507
India,IND,country,2001,0.011111111,2.085,72.022964,2.06915,76.18822511100001
India,IND,country,2002,0.013131313,2.085,68.54489,2.1399007,72.78292201299999
India,IND,country,2003,0.016161617,2.60448,69.29619,2.7125397,74.629371317
India,IND,country,2004,0.018181818,5.22543,100.636,3.3143632,109.193975018
India,IND,country,2005,0.018181818,5.991,97.42,4.035136,107.464317818
India,IND,country,2006,0.0072,9.3373,112.61733,5.587,127.54883
India,IND,country,2007,0.059,11.6828,122.6131,7.403,141.7579
India,IND,country,2008,0.063,14.3782,115.16902,9.302,138.91222
India,IND,country,2009,0.075,16.271,106.33803,10.557121,133.241151
India,IND,country,2010,0.113,19.4564,108.744095,13.218581,141.53207600000002
India,IND,country,2011,0.827,23.9523,131.7046,15.457723,171.941623
India,IND,country,2012,2.099,27.4326,115.776375,16.516031,161.824006
India,IND,country,2013,3.433,30.0074,131.98302,17.572956,182.996376
India,IND,country,2014,4.909,33.4549,138.99629,21.144981,198.505171
India,IND,country,2015,7.0925517,32.74138,133.47508,18.360935,191.6699467
India,IND,country,2016,12.202886,43.45271,128.55463,17.201618,201.411844
India,IND,country,2017,22.364824,52.62928,135.9791,14.987752,225.960956
India,IND,country,2018,37.45111,60.31128,139.92252,18.403305,256.088215
India,IND,country,2019,47.6505,63.31423,162.28539,18.988113,292.23823300000004
India,IND,country,2020,60.446114,60.427402,163.94116,19.88381,304.698486
India,IND,country,2021,70.192726,68.094246,160.565,21.19745,320.049422
India,IND,country,2022,97.45222,70.045166,175.08661,23.2931,365.877096
India,IND,country,2023,116.1257,82.10639,149.4338,23.006577,370.672467
India,IND,country,2024,136.75388,81.54415,156.52817,22.249485,397.075685
Indonesia,IDN,country,2000,0.0,0.0,10.016,4.8724,14.8884
Indonesia,IDN,country,2001,0.0,0.0,11.655,6.0346,17.6896
Indonesia,IDN,country,2002,0.0,0.0,9.933,6.2433,16.176299999999998
Indonesia,IDN,country,2003,0.0,0.0,9.099,6.3019,15.4009
Indonesia,IDN,country,2004,0.0,0.0,9.674,6.6656,16.3396
Indonesia,IDN,country,2005,0.0,0.0,10.725,6.615,17.34
Indonesia,IDN,country,2006,0.0,0.0,9.623,6.674,16.297
Indonesia,IDN,country,2007,0.0,2e-05,11.286,7.039,18.32502
Indonesia,IDN,country,2008,0.0001,0.00027,11.52825,8.336595,19.865215
Indonesia,IDN,country,2009,0.0001,0.00367,11.38385,9.326545,20.714165
Indonesia,IDN,country,2010,0.00052,0.00364,17.45622,9.40429,26.86467
Indonesia,IDN,country,2011,0.00077,0.00469,12.4189,9.57289,21.99725
Indonesia,IDN,country,2012,0.00301,0.00461,12.79911,9.68067,22.4874
Indonesia,IDN,country,2013,0.0055,0.0001,16.92278,9.57752,26.5059
Indonesia,IDN,country,2014,0.00681,0.0,15.16129,10.2617,25.4298
Indonesia,IDN,country,2015,0.00528,0.0037,13.74053,10.518175,24.267685
Indonesia,IDN,country,2016,0.02109,0.00569,18.67689,11.24301,29.94668
Indonesia,IDN,country,2017,0.02905,0.0,18.63239,13.35233,32.01377
Indonesia,IDN,country,2018,0.09027,0.18998,21.63638,26.44828,48.36491
Indonesia,IDN,country,2019,0.11828,0.484,21.161,26.2815,48.04478
Indonesia,IDN,country,2020,0.17097,0.475,24.325,27.9305,52.90147
Indonesia,IDN,country,2021,0.19262,0.437,24.697,30.8745,56.20112
Indonesia,IDN,country,2022,0.44373,0.356,27.295,37.298,65.39273
Indonesia,IDN,country,2023,0.71287,0.481,24.59,39.4105,65.19437
Indonesia,IDN,country,2024,0.9248443,0.4823178,26.486706,44.452133,72.3460011
Iran,IRN,country,2000,0.0,0.0365,3.781,0.0,3.8175
Iran,IRN,country,2001,0.0,0.0337,4.122,0.0,4.1557
Iran,IRN,country,2002,0.0,0.0303,8.012,0.0,8.042300000000001
Iran,IRN,country,2003,0.0,0.0276,9.588,0.0,9.6156
Iran,IRN,country,2004,0.0,0.0463,11.933,0.0,11.9793
Iran,IRN,country,2005,0.0,0.0709,14.448,0.0,14.5189
Iran,IRN,country,2006,0.0001,0.1253,18.509,0.0,18.6344
Iran,IRN,country,2007,0.0001,0.1409,17.959,0.0,18.1
Iran,IRN,country,2008,0.0002,0.1958,7.438,0.0,7.633999999999999
Iran,IRN,country,2009,0.0003,0.2262,6.723,0.0017,6.9512
Iran,IRN,country,2010,0.0007,0.169,10.252,0.0102,10.4319
Iran,IRN,country,2011,0.0007,0.212,10.684,0.022,10.9187
Iran,IRN,country,2012,0.0007,0.283,12.502,0.0226,12.8083
Iran,IRN,country,2013,0.0007,0.219,14.624,0.0193,14.863
Iran,IRN,country,2014,0.0007,0.2,14.504,0.0466,14.7513
Iran,IRN,country,2015,0.0015,0.141,13.252,0.0163,13.4108
Iran,IRN,country,2016,0.005,0.156,15.422,0.0218,15.6048
Iran,IRN,country,2017,0.085805,0.318,17.232,0.02444,17.660245
Iran,IRN,country,2018,0.221816,0.75,9.838,0.02444,10.834256
Iran,IRN,country,2019,0.510473,0.722,33.865,0.010686,35.108159
Iran,IRN,country,2020,0.583868,1.126,23.205,0.022342,24.93721
Iran,IRN,country,2021,0.619635,1.1306508,13.827,0.022341,15.5996268
Iran,IRN,country,2022,0.619635,1.1306508,14.004,0.022341,15.7766268
Iran,IRN,country,2023,0.68356544,1.2063249,22.81529,0.022341,24.727521340000003
Iran,IRN,country,2024,0.9004023,1.2474548,18.873251,0.03438009,21.05548819
Iraq,IRQ,country,2000,0.0,0.0,3.196577,0.0,3.196577
Iraq,IRQ,country,2001,0.0,0.0,3.701006,0.0,3.701006
Iraq,IRQ,country,2002,0.0,0.0,4.56004,0.0,4.56004
Iraq,IRQ,country,2003,0.0,0.0,4.7559,0.0,4.7559
Iraq,IRQ,country,2004,0.0,0.0,5.749923,0.0,5.749923
Iraq,IRQ,country,2005,0.0,0.0,4.893819,0.0,4.893819
Iraq,IRQ,country,2006,0.0,0.0,4.99076,0.0,4.99076
Iraq,IRQ,country,2007,0.0,0.0,4.56631,0.0,4.56631
Iraq,IRQ,country,2008,0.0,0.0,2.932036,0.0,2.932036
Iraq,IRQ,country,2009,0.0,0.0,2.83021,0.0,2.83021
Iraq,IRQ,country,2010,0.0,0.0,3.615072,0.0,3.615072
Iraq,IRQ,country,2011,0.0,0.0,3.399509,0.0,3.399509
Iraq,IRQ,country,2012,0.0,0.0,4.396909,0.0,4.396909
Iraq,IRQ,country,2013,0.0463,0.0,4.608721,0.0,4.655021
Iraq,IRQ,country,2014,0.0573,0.0,2.835202,0.0,2.8925020000000004
Iraq,IRQ,country,2015,0.057305,0.0,2.546137,0.0,2.603442
Iraq,IRQ,country,2016,0.057305,0.0,3.371234,0.0,3.428539
Iraq,IRQ,country,2017,0.057305,0.0,2.176083,0.0,2.233388
Iraq,IRQ,country,2018,0.376545,0.0,1.817702,0.0,2.194247
Iraq,IRQ,country,2019,0.376545,0.0,4.963264,0.0,5.339809
Iraq,IRQ,country,2020,0.37757662,0.0,4.161628,0.0,4.5392046200000005
Iraq,IRQ,country,2021,0.376545,0.0,3.345781,0.0,3.722326
Iraq,IRQ,country,2022,0.376545,0.0,2.650656,0.0,3.0272010000000003
Iraq,IRQ,country,2023,0.376545,0.0,1.382999,0.0,1.759544
Iraq,IRQ,country,2024,0.37757662,0.0,1.386788,0.0,1.7643646199999998
Ireland,IRL,country,2000,0.0,0.24404392,0.846,0.0950171,1.18506102
Ireland,IRL,country,2001,0.0,0.33406013,0.596,0.09701746,1.02707759
Ireland,IRL,country,2002,0.0,0.38806984,0.912,0.08101458,1.38108442
Ireland,IRL,country,2003,0.0,0.4540817,0.598,0.08601548,1.13809718
Ireland,IRL,country,2004,0.0,0.6551179,0.63,0.10901962,1.39413752
Ireland,IRL,country,2005,0.0,1.1121101,0.63126,0.13028544,1.87365554
Ireland,IRL,country,2006,0.0,1.6223332,0.724273,0.12845582,2.47506202
Ireland,IRL,country,2007,0.0,1.9587231,0.666576,0.17003784,2.7953369400000003
Ireland,IRL,country,2008,0.0,2.410447,0.968323,0.2089215,3.5876915
Ireland,IRL,country,2009,0.000424236,2.9557493,0.901734,0.2513545,4.109262036
Ireland,IRL,country,2010,0.000476107,2.8151658,0.599231,0.3150562,3.729929107
Ireland,IRL,country,2011,0.000542081,4.381103,0.706687,0.3360968,5.424428881
Ireland,IRL,country,2012,0.000645929,4.0112,0.802349,0.43932655,5.253521479
Ireland,IRL,country,2013,0.000699463,4.542332,0.599497,0.48095158,5.623480043000001
Ireland,IRL,country,2014,0.000946215,5.1409864,0.708654,0.5362493,6.386835915
Ireland,IRL,country,2015,0.001616621,6.5741806,0.80649,0.47624168,7.858528901000001
Ireland,IRL,country,2016,0.004736,6.248551,0.681025,0.679216,7.613528
Ireland,IRL,country,2017,0.009951,7.567004,0.691603,0.735247,9.003805
Ireland,IRL,country,2018,0.018151,8.782527,0.69409,0.848341,10.343108999999998
Ireland,IRL,country,2019,0.033811,10.184945,0.886584,0.854785,11.960125
Ireland,IRL,country,2020,0.055114,11.740253,0.932655,0.923773,13.651795
Ireland,IRL,country,2021,0.084647,9.939705,0.74942,0.994948,11.76872
Ireland,IRL,country,2022,0.148665,11.393491,0.701202,1.013688,13.257046
Ireland,IRL,country,2023,0.646482,11.863352,0.942751,0.830855,14.28344
Ireland,IRL,country,2024,1.1223793,11.620009,0.76881003,0.8038648,14.31506313
Israel,ISR,country,2000,0.0,0.0,0.031,0.0,0.031
Israel,ISR,country,2001,0.0,0.01,0.01,0.0,0.02
Israel,ISR,country,2002,0.0,0.011,0.021,0.0,0.032
Israel,ISR,country,2003,0.0,0.012,0.031,0.0,0.043
Israel,ISR,country,2004,0.0,0.011,0.028,0.0,0.039
Israel,ISR,country,2005,0.0,0.011,0.028,0.0,0.039
Israel,ISR,country,2006,0.0,0.01,0.015,0.0,0.025
Israel,ISR,country,2007,0.0,0.01,0.014,0.0,0.024
Israel,ISR,country,2008,0.0,0.009,0.016,0.007,0.032
Israel,ISR,country,2009,0.024,0.009,0.024,0.042,0.099
Israel,ISR,country,2010,0.07,0.008,0.031,0.061,0.17
Israel,ISR,country,2011,0.192,0.007,0.029,0.073,0.301
Israel,ISR,country,2012,0.369,0.006,0.033,0.076,0.484
Israel,ISR,country,2013,0.4849,0.006,0.0277,0.043,0.5616
Israel,ISR,country,2014,0.8404,0.0414,0.0127,0.0621,0.9566
Israel,ISR,country,2015,1.2162,0.0066,0.0245,0.0703,1.3176
Israel,ISR,country,2016,1.6355,0.03002,0.02538,0.122,1.8129
Israel,ISR,country,2017,1.643,0.030403,0.024656,0.124941,1.823
Israel,ISR,country,2018,1.828,0.0403718,0.0229872,0.124941,2.0163
Israel,ISR,country,2019,3.1145,0.06140336,0.02204464,0.106952,3.3049
Israel,ISR,country,2020,4.163,0.062380433,0.023913568,0.117306,4.366600001000001
Israel,ISR,country,2021,5.3507,0.04324972,0.02379628,0.103054,5.5208
Israel,ISR,country,2022,6.0836,0.18996646,0.023479538,0.111215,6.408260997999999
Israel,ISR,country,2023,8.2111,0.39574075,0.023244245,0.111215,8.741299995
Israel,ISR,country,2024,10.143671,0.396825,0.023295654,0.1115197,10.675311354
Italy,ITA,country,2000,0.018,0.563,44.2,6.099,50.88
Italy,ITA,country,2001,0.019,1.179,46.811,6.338,54.347
Italy,ITA,country,2002,0.021,1.404,39.519,7.372,48.316
Italy,ITA,country,2003,0.024,1.458,36.67,8.714,46.866
Italy,ITA,country,2004,0.029,1.847,42.338,9.657,53.871
Italy,ITA,country,2005,0.031,2.343,36.067,9.998,48.439
Italy,ITA,country,2006,0.035,2.971,36.994,10.635,50.635
Italy,ITA,country,2007,0.039,4.034,32.815,10.827,47.715
Italy,ITA,country,2008,0.193,4.861,41.623,11.486,58.163
Italy,ITA,country,2009,0.677,6.543,49.138,12.8987,69.2567
Italy,ITA,country,2010,1.9057,9.1259,51.117,14.816,76.96459999999999
Italy,ITA,country,2011,10.7957,9.8564,45.823,16.4867,82.96180000000001
Italy,ITA,country,2012,18.8617,13.4071,41.875,18.0786,92.2224
Italy,ITA,country,2013,21.5886,14.897,52.774,22.7493,112.0089
Italy,ITA,country,2014,22.3064,15.1783,58.545,24.6487,120.6784
Italy,ITA,country,2015,22.9422,14.8439,45.5375,25.5807,108.9043
Italy,ITA,country,2016,22.1043,17.6887,42.432,25.7972,108.0222
Italy,ITA,country,2017,24.3777,17.7419,36.19874,25.5794,103.89774
Italy,ITA,country,2018,22.6538,17.7164,48.8248,25.258,114.453
Italy,ITA,country,2019,23.6889,20.202,46.3565,25.6375,115.8849
Italy,ITA,country,2020,24.9415,18.7616,47.633823,25.6599,116.996823
Italy,ITA,country,2021,25.039,20.9273,45.3882,24.9846,116.3391
Italy,ITA,country,2022,28.1215,20.4942,28.3976,23.4528,100.4661
Italy,ITA,country,2023,30.7111,23.6405,40.5173,21.7098,116.5787
Italy,ITA,country,2024,36.200855,22.319609,55.21528,19.551977,133.287721
Japan,JPN,country,2000,0.34406173,0.109,84.468,16.111082,101.03214373
Japan,JPN,country,2001,0.49973923,0.252,81.537,16.02874,98.31747923
Japan,JPN,country,2002,0.69462,0.413,80.6,16.93931,98.64693
Japan,JPN,country,2003,0.953955,0.832,92.472,17.876465,112.13442
Japan,JPN,country,2004,1.2716222,1.44,91.667,18.053455,112.4320772
Japan,JPN,country,2005,1.6300883,1.91,77.5615,21.686,102.7875883
Japan,JPN,country,2006,1.99563,2.135,88.80701,21.528,114.46564
Japan,JPN,country,2007,2.3124676,2.74,74.50974,22.198,101.7602076
Japan,JPN,country,2008,2.5939713,2.945,75.164375,21.293,101.9963463
Japan,JPN,country,2009,3.0455124,3.4273024,70.46622,20.32575,97.2647848
Japan,JPN,country,2010,3.9813788,3.925729,88.50272,21.827084,118.2369118
Japan,JPN,country,2011,5.43915,4.459041,82.48676,21.105194,113.490145
Japan,JPN,country,2012,7.371903,4.727417,77.09999,22.129982,111.329292
Japan,JPN,country,2013,12.908781,5.133169,79.33157,23.1767,120.55022
Japan,JPN,country,2014,23.548166,5.013972,81.70858,23.62768,133.898398
Japan,JPN,country,2015,34.540173,5.2228065,85.765114,28.485174,154.01326749999998
Japan,JPN,country,2016,43.32569,5.340769,79.42587,23.670853,151.763182
Japan,JPN,country,2017,54.040844,6.2215443,79.24343,23.804762,163.31058030000003
Japan,JPN,country,2018,61.22221,7.3673835,80.997406,25.747604,175.3346035
Japan,JPN,country,2019,67.42932,7.455136,73.91936,27.597107,176.400923
Japan,JPN,country,2020,75.92077,8.405158,78.33218,30.373043,193.031151
Japan,JPN,country,2021,84.18172,9.536232,79.626236,34.794033,208.138221
Japan,JPN,country,2022,91.07081,9.415498,74.8683,37.82991,213.184518
Japan,JPN,country,2023,96.36073,9.95675,74.531204,42.01337,222.862054
Japan,JPN,country,2024,96.703026,11.539877,79.44916,45.41789,233.109953
Kazakhstan,KAZ,country,2000,0.0,0.0,7.5310507,0.0,7.5310507
Kazakhstan,KAZ,country,2001,0.0,0.0,8.081139,0.0,8.081139
Kazakhstan,KAZ,country,2002,0.0,0.0,8.889543,0.0,8.889543
Kazakhstan,KAZ,country,2003,0.0,0.0,8.62454,0.0,8.62454
Kazakhstan,KAZ,country,2004,0.0,0.0,8.056666,0.0,8.056666
Kazakhstan,KAZ,country,2005,0.0,0.0,7.85597,0.0,7.85597
Kazakhstan,KAZ,country,2006,0.0,0.0,7.7680697,0.0,7.7680697
Kazakhstan,KAZ,country,2007,0.0,0.0,8.171407,0.0,8.171407
Kazakhstan,KAZ,country,2008,0.0,0.0,7.459829,0.0,7.459829
Kazakhstan,KAZ,country,2009,0.0,0.0,6.8791046,0.0,6.8791046
Kazakhstan,KAZ,country,2010,0.0,0.0,8.022023,0.0,8.022023
Kazakhstan,KAZ,country,2011,0.0,0.000147,7.8833227,0.0,7.8834697
Kazakhstan,KAZ,country,2012,2.1e-05,0.002665,7.6372657,0.0,7.6399517
Kazakhstan,KAZ,country,2013,0.0007874,0.0045487,7.730763,0.0,7.7360991
Kazakhstan,KAZ,country,2014,0.001239,0.0132652,8.262831,0.0,8.2773352
Kazakhstan,KAZ,country,2015,0.046171,0.1317223,9.269191,0.000476,9.4475603
Kazakhstan,KAZ,country,2016,0.0884031,0.2749828,11.620764,0.00186,11.9860099
Kazakhstan,KAZ,country,2017,0.0926455,0.3397637,11.210185,0.0021442,11.6447384
Kazakhstan,KAZ,country,2018,0.1412636,0.3853151,10.376336,0.0024284,10.9053431
Kazakhstan,KAZ,country,2019,0.3912209,0.7071334,9.993659,0.0049671,11.0969804
Kazakhstan,KAZ,country,2020,1.2374698,1.0286614,9.659646,0.0065268,11.932304
Kazakhstan,KAZ,country,2021,1.6290694,1.7466646,9.208468,0.0025643,12.5867663
Kazakhstan,KAZ,country,2022,1.772458,2.31184,9.201194,0.0029497,13.2884417
Kazakhstan,KAZ,country,2023,1.8722122,3.779561,8.800493,0.0051483,14.4574145
Kazakhstan,KAZ,country,2024,1.8719525,4.912376,11.253926,0.001735567,18.039990067
Kuwait,KWT,country,2000,0.0,0.0,0.0,0.0,0.0
Kuwait,KWT,country,2001,0.0,0.0,0.0,0.0,0.0
Kuwait,KWT,country,2002,0.0,0.0,0.0,0.0,0.0
Kuwait,KWT,country,2003,0.0,0.0,0.0,0.0,0.0
Kuwait,KWT,country,2004,0.0,0.0,0.0,0.0,0.0
Kuwait,KWT,country,2005,0.0,0.0,0.0,0.0,0.0
Kuwait,KWT,country,2006,0.0,0.0,0.0,0.0,0.0
Kuwait,KWT,country,2007,0.0,0.0,0.0,0.0,0.0
Kuwait,KWT,country,2008,0.0,0.0,0.0,0.0,0.0
Kuwait,KWT,country,2009,0.0,0.0,0.0,0.0,0.0
Kuwait,KWT,country,2010,0.0,0.0,0.0,0.0,0.0
Kuwait,KWT,country,2011,0.0,0.0,0.0,0.0,0.0
Kuwait,KWT,country,2012,0.0,0.0,0.0,0.0,0.0
Kuwait,KWT,country,2013,0.000182,0.0,0.0,0.0,0.000182
Kuwait,KWT,country,2014,0.003278,0.0,0.0,0.0,0.003278
Kuwait,KWT,country,2015,0.00509,0.0,0.0,0.0,0.00509
Kuwait,KWT,country,2016,0.048814,0.0,0.0,0.0,0.048814
Kuwait,KWT,country,2017,0.051254,0.00196,0.0,0.0,0.053214
Kuwait,KWT,country,2018,0.053214,0.00196,0.0,0.0,0.055174
Kuwait,KWT,country,2019,0.058538,0.003642,0.0,0.0,0.06218
Kuwait,KWT,country,2020,0.05869838,0.004767,0.0,0.0,0.06346538
Kuwait,KWT,country,2021,0.17696,0.03504,0.0,0.0,0.212
Kuwait,KWT,country,2022,0.14196,0.03504,0.0,0.0,0.177
Kuwait,KWT,country,2023,0.136481,0.03504,0.0,0.0,0.1715209999999999
Kuwait,KWT,country,2024,0.127657,0.035136,0.0,0.0,0.162793
Latvia,LVA,country,2000,0.0,0.005,2.819,0.0,2.824
Latvia,LVA,country,2001,0.0,0.003,2.833,0.003,2.839
Latvia,LVA,country,2002,0.0,0.011,2.464,0.01,2.485
Latvia,LVA,country,2003,0.0,0.048,2.266,0.024,2.338
Latvia,LVA,country,2004,0.0,0.049,3.109,0.038,3.196
Latvia,LVA,country,2005,0.0,0.047,3.326,0.042,3.415
Latvia,LVA,country,2006,0.0,0.046,2.698,0.043,2.787
Latvia,LVA,country,2007,0.0,0.053,2.733,0.042,2.8280000000000003
Latvia,LVA,country,2008,0.0,0.058,3.109,0.045,3.212
Latvia,LVA,country,2009,0.0,0.048,3.457,0.048,3.553
Latvia,LVA,country,2010,0.0,0.049,3.52,0.066,3.635
Latvia,LVA,country,2011,0.0002,0.071,2.887,0.12,3.0782
Latvia,LVA,country,2012,0.0002,0.108,3.7,0.288,4.0962000000000005
Latvia,LVA,country,2013,0.0002,0.119,2.912,0.502,3.5332
Latvia,LVA,country,2014,0.0002,0.101,1.994,0.669,2.7642
Latvia,LVA,country,2015,0.0002,0.147,1.868,0.769,2.7842
Latvia,LVA,country,2016,0.000382,0.13,2.529,0.823,3.482382
Latvia,LVA,country,2017,0.00044,0.15,4.38062,0.93064,5.4617
Latvia,LVA,country,2018,0.001273,0.122038,2.431569,0.943715,3.498595
Latvia,LVA,country,2019,0.003137,0.153999,2.107554,0.92742,3.19211
Latvia,LVA,country,2020,0.004847,0.176842,2.603042,0.864798,3.649529
Latvia,LVA,country,2021,0.006797,0.141436,2.707796,0.861794,3.717823
Latvia,LVA,country,2022,0.075163,0.190183,2.749823,0.801348,3.816517
Latvia,LVA,country,2023,0.239068,0.270757,3.794456,0.659077,4.963358
Latvia,LVA,country,2024,0.403,0.2778555,3.204899,0.53626007,4.42201457
Lithuania,LTU,country,2000,0.0,0.0,0.3393,0.0,0.3393
Lithuania,LTU,country,2001,0.0,0.0,0.3255,0.002,0.3275
Lithuania,LTU,country,2002,0.0,0.0,0.3532,0.004,0.3572
Lithuania,LTU,country,2003,0.0,0.0,0.3251,0.007,0.3321
Lithuania,LTU,country,2004,0.0,0.0012,0.4205,0.006,0.4276999999999999
Lithuania,LTU,country,2005,0.0,0.0018,0.4507,0.007,0.4594999999999999
Lithuania,LTU,country,2006,0.0,0.0137,0.3971,0.025,0.4358
Lithuania,LTU,country,2007,0.0,0.1061,0.4206,0.054,0.5807
Lithuania,LTU,country,2008,0.0,0.1311,0.4019,0.069,0.602
Lithuania,LTU,country,2009,0.0,0.1577,0.4243,0.102,0.6839999999999999
Lithuania,LTU,country,2010,0.0,0.224,0.54,0.147,0.911
Lithuania,LTU,country,2011,0.0001,0.475,0.4799,0.157,1.112
Lithuania,LTU,country,2012,0.0023,0.5401,0.4223,0.218,1.1827
Lithuania,LTU,country,2013,0.0448,0.6027,0.5212,0.357,1.5257
Lithuania,LTU,country,2014,0.073,0.6391,0.3982,0.3998,1.5101
Lithuania,LTU,country,2015,0.0733,0.8103,0.3496,0.4465,1.6797
Lithuania,LTU,country,2016,0.0665,1.1359,0.4539,0.4393,2.0956
Lithuania,LTU,country,2017,0.068,1.3638,0.6024,0.5036,2.5378
Lithuania,LTU,country,2018,0.0866,1.145,0.431,0.543,2.2056
Lithuania,LTU,country,2019,0.0911,1.4994,0.3454,0.5332,2.4691
Lithuania,LTU,country,2020,0.1288,1.5517,0.3005,0.5941,2.5751
Lithuania,LTU,country,2021,0.1908,1.3617,0.3837,0.6855,2.6217
Lithuania,LTU,country,2022,0.342,1.5124,0.4644,0.7082,3.027
Lithuania,LTU,country,2023,0.6884,2.5361,0.4502,0.7625,4.4372
Lithuania,LTU,country,2024,1.3844126,3.5087407,0.4347142,0.7457048,6.0735723
Luxembourg,LUX,country,2000,4e-05,0.024743,0.123504,0.022352,0.1706389999999999
Luxembourg,LUX,country,2001,4.6e-05,0.02374,0.118032,0.025873,0.167691
Luxembourg,LUX,country,2002,5.9e-05,0.024479,0.099731,0.027015,0.151284
Luxembourg,LUX,country,2003,0.001399,0.026168,0.07942,0.034151,0.1411379999999999
Luxembourg,LUX,country,2004,0.009199,0.039399,0.104058,0.042575,0.195231
Luxembourg,LUX,country,2005,0.017698,0.052251,0.092939,0.046163,0.209051
Luxembourg,LUX,country,2006,0.021114,0.057986,0.111312,0.055216,0.245628
Luxembourg,LUX,country,2007,0.020901,0.064286,0.116702,0.062667,0.264556
Luxembourg,LUX,country,2008,0.020031,0.060589,0.132114,0.069648,0.282382
Luxembourg,LUX,country,2009,0.020316,0.063472,0.105839,0.078185,0.267812
Luxembourg,LUX,country,2010,0.021148,0.055083,0.107661,0.08414,0.268032
Luxembourg,LUX,country,2011,0.025744,0.06405,0.063,0.092979,0.245773
Luxembourg,LUX,country,2012,0.038277,0.077466,0.098302,0.094011,0.308056
Luxembourg,LUX,country,2013,0.073738,0.083027,0.119195,0.094211,0.370171
Luxembourg,LUX,country,2014,0.094741,0.079876,0.107788,0.115225,0.39763
Luxembourg,LUX,country,2015,0.103721,0.101848,0.099253,0.125964,0.4307859999999999
Luxembourg,LUX,country,2016,0.100288,0.101486,0.115411,0.140018,0.457203
Luxembourg,LUX,country,2017,0.108463,0.234823,0.085649,0.171453,0.600388
Luxembourg,LUX,country,2018,0.118725,0.254575,0.092778,0.217172,0.68325
Luxembourg,LUX,country,2019,0.130385,0.281283,0.106915,0.278129,0.796712
Luxembourg,LUX,country,2020,0.161261,0.351135,0.091602,0.37229,0.976288
Luxembourg,LUX,country,2021,0.180187,0.314313,0.106812,0.388532,0.989844
Luxembourg,LUX,country,2022,0.276268,0.312221,0.064091,0.378744,1.031324
Luxembourg,LUX,country,2023,0.293959,0.495289,0.088616,0.365609,1.243473
Luxembourg,LUX,country,2024,0.47941035,0.4733545,0.10842031,0.4919892,1.55317436
Malaysia,MYS,country,2000,0.0,0.0,6.994,0.570903,7.564903
Malaysia,MYS,country,2001,0.0,0.0,6.066,0.574094,6.640094
Malaysia,MYS,country,2002,0.0,0.0,5.415,0.4044,5.8194
Malaysia,MYS,country,2003,0.0,0.0,5.09,0.4165,5.5065
Malaysia,MYS,country,2004,0.0,0.0,5.573,0.57636,6.149360000000001
Malaysia,MYS,country,2005,0.0,0.0,6.007,0.5925,6.5995
Malaysia,MYS,country,2006,0.0,0.0,6.323,0.623964,6.946964
Malaysia,MYS,country,2007,0.0,0.0,5.957,0.759773,6.716773
Malaysia,MYS,country,2008,0.0,0.0,7.807,0.796761,8.603761
Malaysia,MYS,country,2009,0.0,0.0,6.89,1.393368,8.283368
Malaysia,MYS,country,2010,0.0,0.0,6.361,1.2629545,7.6239545
Malaysia,MYS,country,2011,0.0,0.0,8.056,1.537535,9.593535
Malaysia,MYS,country,2012,0.007,0.0,9.251,1.5016624,10.7596624
Malaysia,MYS,country,2013,0.141,0.0,11.7987,1.10359,13.04329
Malaysia,MYS,country,2014,0.227,0.0,13.388,0.693,14.308
Malaysia,MYS,country,2015,0.273,0.0,13.924,0.751,14.948
Malaysia,MYS,country,2016,0.31,0.0,20.024,0.76,21.094
Malaysia,MYS,country,2017,0.33,0.0,26.846,0.765,27.941
Malaysia,MYS,country,2018,0.632,0.0,26.325,1.351,28.308
Malaysia,MYS,country,2019,1.459,0.0,26.196,1.136,28.791
Malaysia,MYS,country,2020,2.059,0.0,27.299,1.234,30.592
Malaysia,MYS,country,2021,2.139,0.0,31.105,1.21,34.454
Malaysia,MYS,country,2022,2.7903812,0.0,32.73367,1.4713821,36.9954333
Malaysia,MYS,country,2023,3.276781,0.0,32.447227,1.4713821,37.1953901
Malaysia,MYS,country,2024,3.5210488,0.0,34.387253,1.4754133,39.3837151
Mexico,MEX,country,2000,0.007,0.019,33.07488,6.358645,39.459525
Mexico,MEX,country,2001,0.008,0.018,28.43533,6.247497,34.708827
Mexico,MEX,country,2002,0.008,0.021,24.86159,6.07106,30.96165
Mexico,MEX,country,2003,0.008,0.019,19.852205,6.9497128,26.828917800000003
Mexico,MEX,country,2004,0.009,0.02,25.176394,7.261834,32.467228
Mexico,MEX,country,2005,0.009,0.019,27.709446,8.137519,35.874965
Mexico,MEX,country,2006,0.01,0.045,30.446474,7.4873867,37.9888607
Mexico,MEX,country,2007,0.009,0.248,27.339674,8.249913,35.846587
Mexico,MEX,country,2008,0.019,0.255,39.223907,7.896158,47.394065
Mexico,MEX,country,2009,0.027,0.59635276,26.722006,7.547069,34.892427760000004
Mexico,MEX,country,2010,0.031,1.2391111,37.196,8.000179,46.4662901
Mexico,MEX,country,2011,0.041,1.6483214,36.2668,7.967094,45.9232154
Mexico,MEX,country,2012,0.069,3.6883104,31.855,7.4474816,43.059792
Mexico,MEX,country,2013,0.106,4.184544,27.95813,7.873071,40.121745
Mexico,MEX,country,2014,0.221,6.4261966,38.89177,8.0979395,53.6369061
Mexico,MEX,country,2015,0.2021975,8.745094,30.89147,8.397325,48.2360865
Mexico,MEX,country,2016,0.25227612,10.378095,30.03122,8.316165,48.97775612
Mexico,MEX,country,2017,1.1865062,10.6197815,30.87776,8.093159,50.7772067
Mexico,MEX,country,2018,3.21171,12.43525,32.23409,7.361402,55.242452
Mexico,MEX,country,2019,9.96432,16.72691,23.60243,7.2126417,57.5063017
Mexico,MEX,country,2020,15.83562,19.70289,26.81701,7.0097604,69.3652804
Mexico,MEX,country,2021,20.19491,21.07487,34.71716,6.106319,82.09325899999999
Mexico,MEX,country,2022,20.34204,20.52875,35.55885,6.69662,83.12626
Mexico,MEX,country,2023,23.338,20.7,20.609,6.6322308,71.2792308
Mexico,MEX,country,2024,25.723602,19.754978,23.54291,5.9944305,75.0159205
Morocco,MAR,country,2000,0.0,0.064,0.718,0.0,0.782
Morocco,MAR,country,2001,0.0,0.2058,0.8623,0.0,1.0681
Morocco,MAR,country,2002,0.00010101,0.1939,0.842,0.0,1.03600101
Morocco,MAR,country,2003,0.00010101,0.2028,1.4417117,0.0,1.64461271
Morocco,MAR,country,2004,0.00010101,0.1989,1.5913,0.0,1.79030101
Morocco,MAR,country,2005,0.00010101,0.2063,0.9647,0.0,1.17110101
Morocco,MAR,country,2006,0.00010101,0.1832,0.9825,0.0,1.16580101
Morocco,MAR,country,2007,0.00010101,0.2789,0.902,0.0,1.18100101
Morocco,MAR,country,2008,0.00010101,0.2982,0.9158,0.0,1.21410101
Morocco,MAR,country,2009,0.00010101,0.3911,2.5683,0.0,2.95950101
Morocco,MAR,country,2010,0.00010101,0.6588,3.4678,0.0,4.12670101
Morocco,MAR,country,2011,0.00010101,0.6922,2.0054,0.0,2.69770101
Morocco,MAR,country,2012,0.000101283,0.728,1.631,0.0,2.359101283
Morocco,MAR,country,2013,0.00010101,1.2149,2.785,0.0,4.00000101
Morocco,MAR,country,2014,0.00010101,1.9238,1.6374,0.0,3.56130101
Morocco,MAR,country,2015,0.0057,2.5194,1.885,0.0,4.4101
Morocco,MAR,country,2016,0.4015,3.0001,1.2557,0.0,4.6573
Morocco,MAR,country,2017,0.4153,3.0349,1.184712,0.0,4.634912
Morocco,MAR,country,2018,0.950155,3.840743,1.693443,0.0,6.484341
Morocco,MAR,country,2019,1.581462,4.69919,1.262781,0.0,7.543433
Morocco,MAR,country,2020,1.5198336,4.591891,0.86763716,0.0,6.979361760000001
Morocco,MAR,country,2021,1.8202063,5.10667,0.81830716,0.0,7.74518346
Morocco,MAR,country,2022,1.4477472,5.355879,0.3502118,0.0,7.153838
Morocco,MAR,country,2023,2.1106727,6.545676,0.16276278,0.0,8.81911148
Morocco,MAR,country,2024,2.1164553,7.5174174,0.14157313,0.0,9.77544583
Netherlands,NLD,country,2000,0.00771,0.829,0.142393,2.013194,2.992297
Netherlands,NLD,country,2001,0.01306,0.825,0.117324,2.358034,3.3134179999999995
Netherlands,NLD,country,2002,0.01704,0.946,0.109636,2.906752,3.979428
Netherlands,NLD,country,2003,0.03074,1.318,0.072023,2.547534,3.9682970000000006
Netherlands,NLD,country,2004,0.03314,1.867,0.095732,3.324906,5.320778
Netherlands,NLD,country,2005,0.034199,2.067,0.088,5.276719,7.465918
Netherlands,NLD,country,2006,0.035223,2.734,0.105199,5.194,8.068422
Netherlands,NLD,country,2007,0.035712,3.437,0.107,4.026282,7.605994
Netherlands,NLD,country,2008,0.038889,4.258333,0.1,5.082893,9.480115
Netherlands,NLD,country,2009,0.044444,4.583333,0.097222,6.111,10.835999
Netherlands,NLD,country,2010,0.059444,3.993056,0.104167,7.058056,11.214723
Netherlands,NLD,country,2011,0.100344,5.100171,0.057,7.083559,12.341074
Netherlands,NLD,country,2012,0.253753,4.981829,0.104388,7.203605,12.543575
Netherlands,NLD,country,2013,0.5159,5.627148,0.114312,5.954,12.21136
Netherlands,NLD,country,2014,0.784762,5.797334,0.111925,5.013182,11.707203
Netherlands,NLD,country,2015,1.10852,7.549858,0.0927,4.935859,13.686937
Netherlands,NLD,country,2016,1.601808,8.170446,0.100079,4.908861,14.781194
Netherlands,NLD,country,2017,2.204346,10.568801,0.060757,4.604632,17.438536
Netherlands,NLD,country,2018,3.707792,10.548511,0.072348,4.553191,18.881842
Netherlands,NLD,country,2019,5.399406,11.507927,0.074182,5.821676,22.803191
Netherlands,NLD,country,2020,8.567013,15.277726,0.046066,8.838681,32.729486
Netherlands,NLD,country,2021,11.303873,18.046019,0.08824,10.917558,40.35569
Netherlands,NLD,country,2022,16.656805,21.565971,0.049998,9.819727,48.092501
Netherlands,NLD,country,2023,19.578188,29.525082,0.069369,7.614118,56.786757
Netherlands,NLD,country,2024,21.645,33.377243,0.085,7.183088,62.290331
New Zealand,NZL,country,2000,0.0,0.12020808,24.434969,3.7408855,28.29606258
New Zealand,NZL,country,2001,0.0,0.13898788,21.681162,3.5297565,25.34990638
New Zealand,NZL,country,2002,0.0,0.15548317,24.873026,3.3669994,28.39550857
New Zealand,NZL,country,2003,0.0,0.14654097,23.622797,3.2766335,27.04597147
New Zealand,NZL,country,2004,0.0,0.36153665,27.240088,3.3947048,30.99632945
New Zealand,NZL,country,2005,0.0,0.6143859,23.327555,3.8075435,27.7494844
New Zealand,NZL,country,2006,0.0,0.6222169,23.573221,4.0715566,28.2669945
New Zealand,NZL,country,2007,0.003405895,0.92987984,23.6405,4.2583714,28.832157135
New Zealand,NZL,country,2008,0.003455616,1.0584577,22.347338,4.893002,28.302253316
New Zealand,NZL,country,2009,0.003589863,1.4764609,24.217442,5.582571,31.280063763
New Zealand,NZL,country,2010,0.003828525,1.6371758,24.726507,6.608745,32.976256325
New Zealand,NZL,country,2011,0.004126869,1.9572189,25.110668,6.9373813,34.009395069
New Zealand,NZL,country,2012,0.004822949,2.0791955,22.896656,7.1866794,32.167353849
New Zealand,NZL,country,2013,0.006701959,2.0218704,23.029074,7.578271,32.635917359000004
New Zealand,NZL,country,2014,0.018797714,2.210925,24.318062,8.363213,34.910997714000004
New Zealand,NZL,country,2015,0.036830876,2.36413,24.529945,8.959386,35.890291876
New Zealand,NZL,country,2016,0.05674612,2.3407655,25.93505,8.945971,37.27853262
New Zealand,NZL,country,2017,0.07709482,2.091049,25.175854,8.977402,36.32139982
New Zealand,NZL,country,2018,0.10066275,2.0679657,26.25458,8.898494,37.32170245
New Zealand,NZL,country,2019,0.127903,2.2556674,25.598652,8.981838,36.9640604
New Zealand,NZL,country,2020,0.16111544,2.309158,24.266592,9.015269,35.75213444
New Zealand,NZL,country,2021,0.2104717,2.644358,24.234734,9.175668,36.2652317
New Zealand,NZL,country,2022,0.28559086,2.8656576,26.276207,9.196881,38.62433646
New Zealand,NZL,country,2023,0.37465358,3.238395,26.574657,8.8856125,39.07331808
New Zealand,NZL,country,2024,0.60716313,3.958227,23.797873,9.793521,38.15678413
North Macedonia,MKD,country,2000,0.0,0.0,1.17,0.0,1.17
North Macedonia,MKD,country,2001,0.0,0.0,0.626,0.0,0.626
North Macedonia,MKD,country,2002,0.0,0.0,0.757,0.0,0.757
North Macedonia,MKD,country,2003,0.0,0.0,1.374,0.0,1.374
North Macedonia,MKD,country,2004,0.0,0.0,1.482,0.0,1.482
North Macedonia,MKD,country,2005,0.0,0.0,1.492,0.0,1.492
North Macedonia,MKD,country,2006,0.0,0.0,1.65,0.0,1.65
North Macedonia,MKD,country,2007,0.0,0.0,1.01,0.0,1.01
North Macedonia,MKD,country,2008,0.0,0.0,0.84,0.0,0.84
North Macedonia,MKD,country,2009,0.0,0.0,1.27,0.0,1.27
North Macedonia,MKD,country,2010,2.6e-05,0.0,2.431,0.0,2.431026
North Macedonia,MKD,country,2011,0.001173,0.0,1.433,0.0,1.434173
North Macedonia,MKD,country,2012,0.002836,0.0,1.041,0.0,1.043836
North Macedonia,MKD,country,2013,0.009051,0.0,1.583967,0.0,1.5930179999999998
North Macedonia,MKD,country,2014,0.014382,0.070633,1.206651,0.0,1.291666
North Macedonia,MKD,country,2015,0.0226,0.120767,1.865193,0.020219,2.028779
North Macedonia,MKD,country,2016,0.0237,0.109483,1.897345,0.036033,2.066561
North Macedonia,MKD,country,2017,0.023751,0.11048,1.110279,0.051551,1.296061
North Macedonia,MKD,country,2018,0.022788,0.097338,1.791368,0.05405,1.965544
North Macedonia,MKD,country,2019,0.023225436,0.101806,1.163674,0.055103,1.3438084360000002
North Macedonia,MKD,country,2020,0.024161914,0.116885,1.277143,0.057298,1.475487914
North Macedonia,MKD,country,2021,0.050999276,0.103336,1.451623,0.053818,1.659776276
North Macedonia,MKD,country,2022,0.10088801,0.107656,1.345315,0.05138,1.60523901
North Macedonia,MKD,country,2023,0.35547403,0.157647,1.622933,0.065247,2.20130103
North Macedonia,MKD,country,2024,0.31199634,0.165916,1.366363,0.06293088,1.90720622
Norway,NOR,country,2000,0.0053,0.031,141.818,0.256,142.11030000000002
Norway,NOR,country,2001,0.0053,0.027,120.463,0.255,120.7503
Norway,NOR,country,2002,0.0053,0.075,129.372,0.25,129.7023
Norway,NOR,country,2003,0.0062,0.218,105.48,0.33,106.0342
Norway,NOR,country,2004,0.0062,0.252,108.781,0.359,109.3982
Norway,NOR,country,2005,0.0062,0.499,135.688,0.333,136.5262
Norway,NOR,country,2006,0.0071,0.636,119.369,0.388,120.4001
Norway,NOR,country,2007,0.0071,0.892,133.656,0.386,134.9411
Norway,NOR,country,2008,0.0074,0.913,139.044,0.397,140.3614
Norway,NOR,country,2009,0.0077,0.977,125.283,0.227,126.4947
Norway,NOR,country,2010,0.0081,0.879,116.739,0.349,117.9751
Norway,NOR,country,2011,0.0085,1.283,120.279,0.339,121.9095
Norway,NOR,country,2012,0.0089,1.548,141.724,0.326,143.6069
Norway,NOR,country,2013,0.0098,1.881,128.138,0.396,130.4248
Norway,NOR,country,2014,0.0116,2.217,135.466,0.2531,137.9477
Norway,NOR,country,2015,0.0134,2.515,137.302,0.253,140.08339999999998
Norway,NOR,country,2016,0.0238,2.116,142.807,0.233,145.1798
Norway,NOR,country,2017,0.039961,2.854,142.366,0.259,145.51896100000002
Norway,NOR,country,2018,0.060876,3.877,138.97115,0.204168,143.113194
Norway,NOR,country,2019,0.10502,5.525,125.28956,0.253005,131.172585
Norway,NOR,country,2020,0.13368152,9.911,140.9238,0.23981,151.20829152
Norway,NOR,country,2021,0.108939,11.769184,143.96523,0.21519,156.058543
Norway,NOR,country,2022,0.172866,14.809859,128.23982,0.238117,143.460662
Norway,NOR,country,2023,0.357619,13.965093,136.7138,0.24917,151.28568199999998
Norway,NOR,country,2024,0.5535703,14.523888,139.57597,0.13159631,154.78502461000002
Oman,OMN,country,2000,0.0,0.0,0.0,0.0,0.0
Oman,OMN,country,2001,0.0,0.0,0.0,0.0,0.0
Oman,OMN,country,2002,0.0,0.0,0.0,0.0,0.0
Oman,OMN,country,2003,0.0,0.0,0.0,0.0,0.0
Oman,OMN,country,2004,0.0,0.0,0.0,0.0,0.0
Oman,OMN,country,2005,0.0,0.0,0.0,0.0,0.0
Oman,OMN,country,2006,0.0,0.0,0.0,0.0,0.0
Oman,OMN,country,2007,0.0,0.0,0.0,0.0,0.0
Oman,OMN,country,2008,0.0,0.0,0.0,0.0,0.0
Oman,OMN,country,2009,0.0,0.0,0.0,0.0,0.0
Oman,OMN,country,2010,0.0,0.0,0.0,0.0,0.0
Oman,OMN,country,2011,0.0,0.0,0.0,0.0,0.0
Oman,OMN,country,2012,0.0,0.0,0.0,0.0,0.0
Oman,OMN,country,2013,0.0012,0.0,0.0,0.0,0.0012
Oman,OMN,country,2014,0.0012,0.0,0.0,0.0,0.0012
Oman,OMN,country,2015,0.0037,0.0,0.0,0.0,0.0037
Oman,OMN,country,2016,0.004196,0.0,0.0,0.0,0.004196
Oman,OMN,country,2017,0.01556,0.0,0.0,0.0,0.01556
Oman,OMN,country,2018,0.015712,0.0,0.0,0.0,0.015712
Oman,OMN,country,2019,0.016555,0.0087,0.0,0.0,0.025255
Oman,OMN,country,2020,0.055662,0.1043,0.0,0.0,0.159962
Oman,OMN,country,2021,0.683523,0.119071,0.0,0.0,0.802594
Oman,OMN,country,2022,1.8464189,0.11511274,0.0,0.0,1.96153164
Oman,OMN,country,2023,1.9149354,0.12131525,0.0,0.0,2.03625065
Oman,OMN,country,2024,1.9201818,0.12164762,0.0,0.0,2.04182942
Pakistan,PAK,country,2000,0.0,0.0,17.558277,0.9267,18.484977
Pakistan,PAK,country,2001,0.0,0.0,18.291897,0.8721,19.163997
Pakistan,PAK,country,2002,0.0,0.0,20.417627,0.9608,21.378427
Pakistan,PAK,country,2003,0.0,0.0,24.5975,1.0411,25.6386
Pakistan,PAK,country,2004,0.0,0.0,26.216,1.0764,27.2924
Pakistan,PAK,country,2005,0.0,0.0,30.699635,0.0,30.699635
Pakistan,PAK,country,2006,0.0,0.0,30.250881,0.0,30.250881
Pakistan,PAK,country,2007,0.000202,0.0,31.678736,0.0,31.678938
Pakistan,PAK,country,2008,0.001642,0.0,27.339064,0.0,27.340706
Pakistan,PAK,country,2009,0.009605,0.0,28.745743,0.0,28.755348
Pakistan,PAK,country,2010,0.013356,0.0,29.809982,0.0,29.823338000000003
Pakistan,PAK,country,2011,0.02683,0.0,30.59442,0.0,30.62125
Pakistan,PAK,country,2012,0.065927,0.019,10.74654,0.0,10.831467
Pakistan,PAK,country,2013,0.144948,0.15137164,31.485884,0.0,31.78220364
Pakistan,PAK,country,2014,0.238122,0.31336787,32.376305,0.0,32.92779487
Pakistan,PAK,country,2015,0.381837,0.598594,32.779472,0.07967607,33.83957907
Pakistan,PAK,country,2016,0.44788164,0.9181191,34.57764,0.5322557,36.47589644
Pakistan,PAK,country,2017,0.6587932,1.7629018,30.204067,1.0753148,33.7010768
Pakistan,PAK,country,2018,0.7228,2.83179,29.479803,1.0303783,34.064771300000004
Pakistan,PAK,country,2019,0.7002348,3.1482446,36.136223,0.61805326,40.60275566
Pakistan,PAK,country,2020,0.7099004,2.7321582,39.98724,0.6342793,44.0635779
Pakistan,PAK,country,2021,0.7175415,3.432321,37.63238,0.70385695,42.48609945
Pakistan,PAK,country,2022,0.8455621,4.641719,35.101276,0.96488345,41.55344055
Pakistan,PAK,country,2023,1.290224,4.3807354,38.453606,0.72996587,44.85453127
Pakistan,PAK,country,2024,1.6557723,3.476345,39.008297,0.79715407,44.93756837
Peru,PER,country,2000,0.0,0.0008,16.1761,0.158,16.3349
Peru,PER,country,2001,0.0,0.0012,17.6148,0.163,17.779
Peru,PER,country,2002,0.0,0.0012,18.0401,0.186,18.2273
Peru,PER,country,2003,0.0,0.0012,18.5337,0.196,18.7309
Peru,PER,country,2004,0.0,0.0012,17.5253,0.153,17.6795
Peru,PER,country,2005,0.0,0.0012,17.977,0.348,18.3262
Peru,PER,country,2006,0.0,0.0012,19.5943,0.348,19.9435
Peru,PER,country,2007,0.0,0.0012,19.5488,0.417,19.967
Peru,PER,country,2008,0.0,0.0012,19.0596,0.46,19.5208
Peru,PER,country,2009,0.0,0.0012,19.9038,0.46,20.365
Peru,PER,country,2010,0.0,0.0012,20.0521,0.673,20.7263
Peru,PER,country,2011,0.0,0.0012,21.5573,0.675,22.233500000000003
Peru,PER,country,2012,0.0597,0.0012,22.0319,0.668,22.7608
Peru,PER,country,2013,0.1969,0.0012,22.3196,0.96,23.4777
Peru,PER,country,2014,0.1993,0.2575,22.2107,1.291,23.9585
Peru,PER,country,2015,0.23025534,0.5943741,23.687063,0.907,25.41869244
Peru,PER,country,2016,0.241,1.064,24.136,0.31442258,25.75542258
Peru,PER,country,2017,0.329723,1.073432,29.074512,0.43491,30.912577
Peru,PER,country,2018,0.7967,1.5024,30.7374,0.491651,33.528151
Peru,PER,country,2019,0.8329,1.655,31.4621,0.45461112,34.40461112
Peru,PER,country,2020,0.8556,1.814102,30.5103,0.428702,33.608704
Peru,PER,country,2021,0.8878,1.822575,31.9257,0.48694444,35.12301944
Peru,PER,country,2022,0.91519076,1.9318693,29.743805,0.5238925,33.11475756
Peru,PER,country,2023,1.0662107,2.3553166,29.087812,0.5370693,33.0464086
Peru,PER,country,2024,1.4072415,3.9147332,32.02768,0.527589,37.8772437
Philippines,PHL,country,2000,0.0,0.0,7.799,11.626,19.425
Philippines,PHL,country,2001,0.0,0.0,7.104,10.442,17.546
Philippines,PHL,country,2002,0.0,0.0,7.032973,10.242493,17.275466
Philippines,PHL,country,2003,0.0,0.0,7.86982,9.822444,17.692264
Philippines,PHL,country,2004,0.0,0.0,8.592681,10.28155,18.874231
Philippines,PHL,country,2005,0.001517,0.017469,8.386773,9.902443,18.308202
Philippines,PHL,country,2006,0.001376,0.053235,9.939413,10.465279,20.459303
Philippines,PHL,country,2007,0.001309,0.057842,8.563433,10.214688,18.837272
Philippines,PHL,country,2008,0.001304,0.061386,9.842534,10.72278,20.628004
Philippines,PHL,country,2009,0.001252,0.064428,9.787567,10.337557,20.190804
Philippines,PHL,country,2010,0.001254,0.061717,7.803405,9.956422,17.822798
Philippines,PHL,country,2011,0.001212,0.088204,9.697532,10.057604,19.844552
Philippines,PHL,country,2012,0.00132,0.075339,10.252134,10.432809,20.761602
Philippines,PHL,country,2013,0.001414,0.065655,10.019308,9.816571,19.902948
Philippines,PHL,country,2014,0.016517,0.152052,9.137273,10.503812,19.809654
Philippines,PHL,country,2015,0.138534,0.748414,8.665078,11.41115,20.963176
Philippines,PHL,country,2016,1.097015,0.975219,8.110915,11.796309,21.979458
Philippines,PHL,country,2017,1.201153,1.093558,9.610799,11.283225,23.188735
Philippines,PHL,country,2018,1.249168,1.152923,9.40184,11.540128,23.344059
Philippines,PHL,country,2019,1.2461007,1.04166,8.043641,11.731147,22.0625487
Philippines,PHL,country,2020,1.3726242,1.02645,7.238952,12.017831,21.6558572
Philippines,PHL,country,2021,1.4755294,1.2924966,9.234082,11.461873,23.463981
Philippines,PHL,country,2022,1.8283652,1.052753,10.128013,11.746648,24.7557792
Philippines,PHL,country,2023,2.5506022,1.3299705,10.331502,12.139046,26.351120700000003
Philippines,PHL,country,2024,3.7902946,1.2979921,11.120603,12.0612,28.2700897
Poland,POL,country,2000,0.0,0.005,2.106,0.221,2.332
Poland,POL,country,2001,0.0,0.014,2.325,0.444,2.7830000000000004
Poland,POL,country,2002,0.0,0.061,2.279,0.427,2.767
Poland,POL,country,2003,0.0,0.124,1.671,0.455,2.25
Poland,POL,country,2004,0.0,0.142,2.082,0.8504,3.0744
Poland,POL,country,2005,0.0,0.135,2.201,1.5108,3.8468
Poland,POL,country,2006,0.0,0.256,2.042,1.9928,4.2908
Poland,POL,country,2007,0.0,0.522,2.352,2.5555,5.429499999999999
Poland,POL,country,2008,0.0,0.837,2.153,3.617,6.606999999999999
Poland,POL,country,2009,0.0,1.077,2.375,5.2263,8.6783
Poland,POL,country,2010,0.0,1.664,2.92,6.3045,10.8885
Poland,POL,country,2011,0.0002,3.205,2.332,7.6008,13.138000000000002
Poland,POL,country,2012,0.0011,4.747,2.037,10.0943,16.8794
Poland,POL,country,2013,0.0015,6.004,2.439,8.6221,17.0666
Poland,POL,country,2014,0.007,7.678,2.183,9.977,19.845
Poland,POL,country,2015,0.057,10.858,1.832,9.739,22.486000000000004
Poland,POL,country,2016,0.124,12.588,2.139,7.957,22.808
Poland,POL,country,2017,0.165,14.909,2.56,6.488,24.122
Poland,POL,country,2018,0.3,12.799,1.97,6.548,21.617
Poland,POL,country,2019,0.710673,15.106759,1.958416,7.682984,25.458832
Poland,POL,country,2020,1.957916,15.800049,2.118337,8.35026,28.226562
Poland,POL,country,2021,3.934448,16.233547,2.339182,8.061274,30.568451000000003
Poland,POL,country,2022,8.30967,19.779537,1.968187,7.631184,37.68857800000001
Poland,POL,country,2023,11.107089,24.176355,2.409511,8.160409,45.853364000000006
Poland,POL,country,2024,14.84156,25.855062,2.178473,7.9880404,50.8631354
Portugal,PRT,country,2000,0.0014,0.168,11.323,1.376,12.8684
Portugal,PRT,country,2001,0.0016,0.256,14.034,1.45,15.7416
Portugal,PRT,country,2002,0.0018,0.362,7.8,1.569,9.7328
Portugal,PRT,country,2003,0.0026,0.496,15.723,1.484,17.7056
Portugal,PRT,country,2004,0.0029,0.816,9.869,1.631,12.3189
Portugal,PRT,country,2005,0.0038,1.773,4.731,1.722,8.229800000000001
Portugal,PRT,country,2006,0.005,2.925,10.919,1.789,15.638
Portugal,PRT,country,2007,0.024,4.037,10.027,2.083,16.171
Portugal,PRT,country,2008,0.041,5.757,6.799,2.044,14.641
Portugal,PRT,country,2009,0.16,7.577,8.285,2.271,18.293
Portugal,PRT,country,2010,0.215,9.182,16.148,2.811,28.356
Portugal,PRT,country,2011,0.282,9.162,11.536,3.133,24.113
Portugal,PRT,country,2012,0.393,10.26,5.622,3.097,19.372
Portugal,PRT,country,2013,0.4791399,12.014601,13.73,3.2475834,29.4713243
Portugal,PRT,country,2014,0.6273166,12.111384,15.569,3.2543802,31.5620808
Portugal,PRT,country,2015,0.7961549,11.607637,8.660506,3.3075674,24.371865300000003
Portugal,PRT,country,2016,0.822,12.474,15.723,3.242,32.261
Portugal,PRT,country,2017,0.992,12.248,5.897,3.437,22.574
Portugal,PRT,country,2018,1.005,12.617,12.393,3.386,29.401000000000003
Portugal,PRT,country,2019,1.342,13.667,8.818,3.578,27.405
Portugal,PRT,country,2020,1.7155896,12.298664,12.08258,4.008636,30.1054696
Portugal,PRT,country,2021,2.237164,13.215613,11.907542,4.1855493,31.5458683
Portugal,PRT,country,2022,3.519,13.244,6.548,4.308,27.619
Portugal,PRT,country,2023,5.16,13.145,12.039,4.008,34.352
Portugal,PRT,country,2024,7.097,14.453,14.828,3.861,40.239
Qatar,QAT,country,2000,0.0,0.0,0.0,0.0,0.0
Qatar,QAT,country,2001,0.0,0.0,0.0,0.0,0.0
Qatar,QAT,country,2002,0.0,0.0,0.0,0.0,0.0
Qatar,QAT,country,2003,0.0,0.0,0.0,0.0,0.0
Qatar,QAT,country,2004,0.0,0.0,0.0,0.0,0.0
Qatar,QAT,country,2005,0.0,0.0,0.0,0.0,0.0
Qatar,QAT,country,2006,0.0,0.0,0.0,0.0,0.0
Qatar,QAT,country,2007,0.0,0.0,0.0,0.0,0.0
Qatar,QAT,country,2008,0.0,0.0,0.0,0.0,0.0
Qatar,QAT,country,2009,0.0,0.0,0.0,0.0,0.0
Qatar,QAT,country,2010,0.0,0.0,0.0,0.0,0.0
Qatar,QAT,country,2011,0.001094,0.0,0.0,0.009541,0.0106349999999999
Qatar,QAT,country,2012,0.001094,0.0,0.0,0.009541,0.0106349999999999
Qatar,QAT,country,2013,0.003751,0.0,0.0,0.07648,0.080231
Qatar,QAT,country,2014,0.006506,0.0,0.0,0.101814,0.10832
Qatar,QAT,country,2015,0.006506,0.0,0.0,0.119335,0.125841
Qatar,QAT,country,2016,0.008364,0.0,0.0,0.122776,0.13114
Qatar,QAT,country,2017,0.008364,0.0,0.0,0.128945,0.137309
Qatar,QAT,country,2018,0.008364,0.0,0.0,0.134525,0.142889
Qatar,QAT,country,2019,0.008364,0.0,0.0,0.117575,0.125939
Qatar,QAT,country,2020,0.008364,0.0,0.0,0.134388,0.142752
Qatar,QAT,country,2021,0.008341148,0.0,0.0,0.13402082,0.142361968
Qatar,QAT,country,2022,0.27130768,0.0,0.0,0.134388,0.40569568
Qatar,QAT,country,2023,1.9,0.0,0.0,0.134388,2.034388
Qatar,QAT,country,2024,2.0,0.0,0.0,0.1347562,2.1347562
Romania,ROU,country,2000,0.0,0.0,14.778,0.0,14.778
Romania,ROU,country,2001,0.0,0.0,14.923,0.0,14.923
Romania,ROU,country,2002,0.0,0.0,16.046,0.003,16.049
Romania,ROU,country,2003,0.0,0.0,13.259,0.003,13.262
Romania,ROU,country,2004,0.0,0.0,16.513,0.004,16.517000000000003
Romania,ROU,country,2005,0.0,0.0,20.207,0.006,20.213
Romania,ROU,country,2006,0.0,0.001,18.356,0.004,18.361
Romania,ROU,country,2007,0.0,0.003,15.966,0.035,16.003999999999998
Romania,ROU,country,2008,0.0,0.005,17.195,0.024,17.224
Romania,ROU,country,2009,0.001010101,0.009,15.534,0.01,15.554010101
Romania,ROU,country,2010,0.002020202,0.306,19.883,0.111,20.302020202
Romania,ROU,country,2011,0.001,1.387,14.728,0.198,16.314
Romania,ROU,country,2012,0.008,2.64,12.066,0.212,14.926000000000002
Romania,ROU,country,2013,0.42,4.52,14.7935,0.252,19.9855
Romania,ROU,country,2014,1.2953,4.7236,18.5235,0.505,25.0474
Romania,ROU,country,2015,1.982,7.063,16.633,0.524,26.202
Romania,ROU,country,2016,1.82,6.59,18.028,0.531,26.969
Romania,ROU,country,2017,1.856,7.407,14.494,0.525168,24.282168
Romania,ROU,country,2018,1.771,6.322,17.6639,0.43713,26.19403
Romania,ROU,country,2019,1.778,6.773,15.580921,0.504144,24.636065
Romania,ROU,country,2020,1.733,6.945,15.380857,0.546537,24.605394000000004
Romania,ROU,country,2021,1.703,6.576,17.411934,0.652799,26.343733
Romania,ROU,country,2022,1.988419,6.997,13.976628,0.647008,23.609055
Romania,ROU,country,2023,2.22705,7.548,18.136728,0.44453,28.356308
Romania,ROU,country,2024,4.592443,6.359,13.798326,0.49745023,25.24721923
Russia,RUS,country,2000,0.0,0.0019,164.076,0.0791,164.15699999999998
Russia,RUS,country,2001,0.0,0.0031,173.899,0.1141,174.0162
Russia,RUS,country,2002,0.0,0.0062,162.174,0.1733,162.3535
Russia,RUS,country,2003,0.0,0.0086,155.67,0.3658,156.0444
Russia,RUS,country,2004,0.0,0.007,175.677,0.4498,176.13379999999998
Russia,RUS,country,2005,0.0,0.0068,172.611,0.4513,173.0691
Russia,RUS,country,2006,0.0,0.0052,173.285,0.5057,173.7959
Russia,RUS,country,2007,0.0,0.0066,177.045,0.4845,177.53609999999998
Russia,RUS,country,2008,0.0,0.0052,164.78,0.4889,165.2741
Russia,RUS,country,2009,0.0,0.0038,174.199,0.4974,174.70020000000002
Russia,RUS,country,2010,0.0,0.004186,166.4837,0.536914,167.0248
Russia,RUS,country,2011,0.0012,0.005392,163.0552,0.557208,163.619
Russia,RUS,country,2012,0.004211507,0.005251,163.4543,0.502849,163.96661150699998
Russia,RUS,country,2013,0.0108,0.004473,181.1511,0.481527,181.6479
Russia,RUS,country,2014,0.16,0.096106,173.3945,0.5544,174.205006
Russia,RUS,country,2015,0.3356,0.148037,167.99347,0.4812,168.958307
Russia,RUS,country,2016,0.4683,0.1481205,184.61177,0.446249,185.6744395
Russia,RUS,country,2017,0.544,0.139,185.163,0.519528,186.365528
Russia,RUS,country,2018,0.62446,0.23716,190.63756,0.504656,192.003836
Russia,RUS,country,2019,0.98505,0.31481,194.37614,0.538549,196.214549
Russia,RUS,country,2020,1.86214,1.13802,212.43826,0.814779,216.253199
Russia,RUS,country,2021,2.31204,2.58484,214.53337,0.820069,220.250319
Russia,RUS,country,2022,2.39864,4.20105,197.66655,0.841799,205.108039
Russia,RUS,country,2023,2.634875,4.747359,200.86566,0.849376,209.09727
Russia,RUS,country,2024,2.923703,4.567221,210.53725,0.82827187,218.85644587
Saudi Arabia,SAU,country,2000,0.0,0.0,0.0,0.0,0.0
Saudi Arabia,SAU,country,2001,0.0,0.0,0.0,0.0,0.0
Saudi Arabia,SAU,country,2002,0.0,0.0,0.0,0.0,0.0
Saudi Arabia,SAU,country,2003,0.0,0.0,0.0,0.0,0.0
Saudi Arabia,SAU,country,2004,0.0,0.0,0.0,0.0,0.0
Saudi Arabia,SAU,country,2005,0.0,0.0,0.0,0.0,0.0
Saudi Arabia,SAU,country,2006,0.0,0.0,0.0,0.0,0.0
Saudi Arabia,SAU,country,2007,0.0,0.0,0.0,0.0,0.0
Saudi Arabia,SAU,country,2008,0.000609,0.0,0.0,0.0,0.000609
Saudi Arabia,SAU,country,2009,0.000609,0.0,0.0,0.0,0.000609
Saudi Arabia,SAU,country,2010,0.004089,0.0,0.0,0.0,0.004089
Saudi Arabia,SAU,country,2011,0.005392,0.0,0.0,0.0,0.005392
Saudi Arabia,SAU,country,2012,0.025637,0.0,0.0,0.0,0.025637
Saudi Arabia,SAU,country,2013,0.042475,0.0,0.0,0.0,0.042475
Saudi Arabia,SAU,country,2014,0.045881,0.0,0.0,0.0,0.045881
Saudi Arabia,SAU,country,2015,0.045881,0.0,0.0,0.0,0.045881
Saudi Arabia,SAU,country,2016,0.045881,0.0,0.0,0.0,0.045881
Saudi Arabia,SAU,country,2017,0.065036,0.004818,0.0,0.0,0.069854
Saudi Arabia,SAU,country,2018,0.15948816,0.004818,0.0,0.0,0.1643061599999999
Saudi Arabia,SAU,country,2019,0.20673662,0.005694,0.0,0.0,0.21243062
Saudi Arabia,SAU,country,2020,0.910906,0.005694,0.0,0.0,0.9166
Saudi Arabia,SAU,country,2021,0.9943216,0.005678443,0.0,0.0,1.000000043
Saudi Arabia,SAU,country,2022,1.216,0.794,0.0,0.0,2.01
Saudi Arabia,SAU,country,2023,3.126,1.588,0.0,0.0,4.714
Saudi Arabia,SAU,country,2024,8.229815,1.5923507,0.0,0.0,9.8221657
Singapore,SGP,country,2000,0.0,0.0,0.0,0.245,0.245
Singapore,SGP,country,2001,0.0,0.0,0.0,0.473,0.473
Singapore,SGP,country,2002,0.0,0.0,0.0,0.473,0.473
Singapore,SGP,country,2003,0.0,0.0,0.0,0.495,0.495
Singapore,SGP,country,2004,0.0,0.0,0.0,0.479,0.479
Singapore,SGP,country,2005,0.0,0.0,0.0,0.47765875,0.47765875
Singapore,SGP,country,2006,0.0,0.0,0.0,0.4737648,0.4737648
Singapore,SGP,country,2007,0.0,0.0,0.0,0.4936092,0.4936092
Singapore,SGP,country,2008,0.000297,0.0,0.0,0.5208825,0.5211795
Singapore,SGP,country,2009,0.001596,0.0,0.0,0.5270821,0.5286781
Singapore,SGP,country,2010,0.003086,0.0,0.0,0.5871582,0.5902442
Singapore,SGP,country,2011,0.004895,0.0,0.0,0.60518473,0.6100797299999999
Singapore,SGP,country,2012,0.008193,0.0,0.0,0.63571346,0.64390646
Singapore,SGP,country,2013,0.012556,0.0,0.0,0.7057131,0.7182691
Singapore,SGP,country,2014,0.027133,0.0,0.0,0.7414505,0.7685835
Singapore,SGP,country,2015,0.048733,0.0,0.0,0.8122861,0.8610191
Singapore,SGP,country,2016,0.08848914,0.0,0.0,0.80152607,0.89001521
Singapore,SGP,country,2017,0.122786,0.0,0.0,0.77486813,0.89765413
Singapore,SGP,country,2018,0.13516214,0.0,0.0,0.762494,0.89765614
Singapore,SGP,country,2019,0.19461899,0.0,0.0,0.7602769,0.95489589
Singapore,SGP,country,2020,0.2951081,0.0,0.0,0.6848291,0.9799372
Singapore,SGP,country,2021,0.39679468,0.0,0.0,0.6727106,1.06950528
Singapore,SGP,country,2022,0.66724044,0.0,0.0,0.9693054,1.63654584
Singapore,SGP,country,2023,0.9318029,0.0,0.0,0.8367282,1.7685311
Singapore,SGP,country,2024,1.2748251,0.0,0.0,0.8434234,2.1182485
Slovakia,SVK,country,2000,0.0,0.0,4.615,0.0,4.615
Slovakia,SVK,country,2001,0.0,0.0,4.927,0.154,5.081
Slovakia,SVK,country,2002,0.0,0.0,5.268,0.152,5.42
Slovakia,SVK,country,2003,0.0,0.002,3.48,0.099,3.581
Slovakia,SVK,country,2004,0.0,0.006,4.1,0.02,4.126
Slovakia,SVK,country,2005,0.0,0.006,4.638,0.032,4.676
Slovakia,SVK,country,2006,0.0,0.006,4.399,0.398314,4.803314
Slovakia,SVK,country,2007,0.0,0.008,4.451,0.474,4.933
Slovakia,SVK,country,2008,0.0,0.007,4.039332,0.517,4.563332
Slovakia,SVK,country,2009,0.0,0.006,4.367561,0.537,4.910561
Slovakia,SVK,country,2010,0.016942,0.006,5.255,0.662,5.939942
Slovakia,SVK,country,2011,0.397,0.005,3.778187,0.819,4.999187
Slovakia,SVK,country,2012,0.424,0.006,4.103,0.941,5.474
Slovakia,SVK,country,2013,0.588,0.006,4.848,0.911,6.353
Slovakia,SVK,country,2014,0.597,0.006,4.209,1.417,6.228999999999999
Slovakia,SVK,country,2015,0.506,0.006,3.866,1.662,6.04
Slovakia,SVK,country,2016,0.533,0.006,4.359,1.731,6.629
Slovakia,SVK,country,2017,0.506,0.006,4.324,1.696,6.532
Slovakia,SVK,country,2018,0.585,0.006,3.59,1.625,5.805999999999999
Slovakia,SVK,country,2019,0.589,0.006,4.356,1.693,6.644
Slovakia,SVK,country,2020,0.663,0.004,4.517,1.673,6.857000000000001
Slovakia,SVK,country,2021,0.671,0.005,4.258,1.844,6.7780000000000005
Slovakia,SVK,country,2022,0.65,0.004,3.678,1.49,5.822
Slovakia,SVK,country,2023,0.605,0.004,4.686,1.414,6.709
Slovakia,SVK,country,2024,0.69459236,0.004010959,4.9315176,1.4557174,7.0858383190000005
Slovenia,SVN,country,2000,0.0,0.0,3.834,0.07,3.904
Slovenia,SVN,country,2001,0.0,0.0,3.796,0.072,3.868
Slovenia,SVN,country,2002,0.0,0.0,3.313,0.102,3.415
Slovenia,SVN,country,2003,0.0,0.0,2.957,0.122,3.079
Slovenia,SVN,country,2004,0.0,0.0,4.095,0.121,4.215999999999999
Slovenia,SVN,country,2005,0.0,0.0,3.461,0.11,3.571
Slovenia,SVN,country,2006,0.0,0.0,3.591,0.099,3.69
Slovenia,SVN,country,2007,0.0,0.0,3.266,0.104,3.37
Slovenia,SVN,country,2008,0.001,0.0,4.018,0.291,4.31
Slovenia,SVN,country,2009,0.004,0.0,4.715,0.193,4.912
Slovenia,SVN,country,2010,0.013,0.0,4.518,0.221,4.752
Slovenia,SVN,country,2011,0.066,0.0,3.562,0.252,3.88
Slovenia,SVN,country,2012,0.163,0.0,3.899,0.267,4.329
Slovenia,SVN,country,2013,0.215,0.004,4.629,0.261,5.109
Slovenia,SVN,country,2014,0.257,0.004,6.092,0.259,6.612
Slovenia,SVN,country,2015,0.274,0.006,3.808,0.267,4.355
Slovenia,SVN,country,2016,0.267,0.006016438,4.503,0.283,5.059016438
Slovenia,SVN,country,2017,0.283867,0.005716,3.868345,0.293889,4.451817
Slovenia,SVN,country,2018,0.254961,0.006021,4.70432,0.272717,5.238019
Slovenia,SVN,country,2019,0.303039,0.00615,4.479395,0.256212,5.044796
Slovenia,SVN,country,2020,0.368196,0.006251,4.93406,0.277377,5.585884
Slovenia,SVN,country,2021,0.453113,0.005593,4.712511,0.2805,5.451717
Slovenia,SVN,country,2022,0.645587,0.005731,3.148507,0.272311,4.072136
Slovenia,SVN,country,2023,0.984359,0.006372,5.020766,0.299454,6.310951
Slovenia,SVN,country,2024,1.8336886,0.006614419,5.3207865,0.26850018,7.429589698999999
South Africa,ZAF,country,2000,0.0093,0.0,1.1009998,0.4775,1.5877998
South Africa,ZAF,country,2001,0.0108,0.0,1.721,0.4231,2.1549
South Africa,ZAF,country,2002,0.0124,0.0,2.084,0.4603,2.5567
South Africa,ZAF,country,2003,0.0139,0.006,0.82741207,0.4084,1.25571207
South Africa,ZAF,country,2004,0.0155,0.012,0.949939,0.3819,1.359339
South Africa,ZAF,country,2005,0.017,0.012,1.3319402,0.4253,1.7862402
South Africa,ZAF,country,2006,0.0186,0.012,2.8976197,0.4055,3.3337197
South Africa,ZAF,country,2007,0.0201,0.012,2.86562,0.4305,3.32822
South Africa,ZAF,country,2008,0.0217,0.021,1.2596198,0.4561,1.7584198
South Africa,ZAF,country,2009,0.0233,0.03,1.4516199,0.4491,1.9540199
South Africa,ZAF,country,2010,0.0276,0.034,1.1428998,0.3963,1.6007998
South Africa,ZAF,country,2011,0.0803,0.037,3.0638242,0.412,3.5931242
South Africa,ZAF,country,2012,0.086,0.037,1.0185099,0.4226,1.5641099
South Africa,ZAF,country,2013,0.243,0.037,1.1039158,0.4777,1.8616158
South Africa,ZAF,country,2014,1.074961,1.066,1.7950599,0.364211,4.3002319
South Africa,ZAF,country,2015,2.749,3.071,0.73,0.316528,6.866528000000001
South Africa,ZAF,country,2016,3.274,4.209,0.624,0.331492,8.438492
South Africa,ZAF,country,2017,4.239,7.022,0.776,0.386364,12.423364
South Africa,ZAF,country,2018,4.573,6.41,1.103,0.431334,12.517334
South Africa,ZAF,country,2019,4.903,6.632,0.741,0.43014,12.706139999999998
South Africa,ZAF,country,2020,5.7,6.411,1.465,0.4097,13.9857
South Africa,ZAF,country,2021,6.785,8.652,2.018,0.4097,17.8647
South Africa,ZAF,country,2022,6.2,9.7,3.1,0.362,19.362
South Africa,ZAF,country,2023,6.4,11.6,2.0,0.469,20.469
South Africa,ZAF,country,2024,6.6,11.1,1.1,0.47028494,19.27028494
South Korea,KOR,country,2000,0.005284,0.016685,4.009553,0.079,4.1105220000000005
South Korea,KOR,country,2001,0.006184,0.01259,2.329939,0.088,2.436713
South Korea,KOR,country,2002,0.007044,0.014881,3.2327778,0.179,3.4337028
South Korea,KOR,country,2003,0.007752,0.024865,4.8855767,0.188,5.1061937
South Korea,KOR,country,2004,0.009872,0.047442,4.311079,0.2928692,4.6612622
South Korea,KOR,country,2005,0.014399,0.129888,3.6732996,0.25981373,4.07740033
South Korea,KOR,country,2006,0.031022,0.238911,3.4675376,0.24129018,3.97876078
South Korea,KOR,country,2007,0.071279,0.375641,3.6316493,0.38390425,4.46247355
South Korea,KOR,country,2008,0.284315,0.436034,3.0701118,0.6530758,4.4435366
South Korea,KOR,country,2009,0.566191,0.685353,2.8131711,0.5390645,4.603779599999999
South Korea,KOR,country,2010,0.77342474,0.8169536,3.6819692,0.417752,5.69009954
South Korea,KOR,country,2011,0.92275506,0.86288923,4.597667,1.0193447,7.40265599
South Korea,KOR,country,2012,1.1270967,0.91277313,3.9690382,2.1562583,8.16516633
South Korea,KOR,country,2013,1.6676412,1.1482114,4.2892675,3.1209614,10.2260815
South Korea,KOR,country,2014,2.6943502,1.1456008,2.7514188,6.301323,12.8926928
South Korea,KOR,country,2015,4.229946,1.3424914,2.1457193,7.479414,15.1975707
South Korea,KOR,country,2016,5.516146,1.6832138,2.8462753,8.079599,18.1252341
South Korea,KOR,country,2017,7.739189,2.1691124,2.8088205,9.610962,22.3280839
South Korea,KOR,country,2018,10.167519,2.4649742,3.359418,11.814518,27.8064292
South Korea,KOR,country,2019,14.192911,2.6792476,2.788679,13.350539,33.0113766
South Korea,KOR,country,2020,19.337963,3.1499484,3.87723,14.033809,40.3989504
South Korea,KOR,country,2021,24.717623,3.1800172,3.054502,17.152586,48.1047282
South Korea,KOR,country,2022,30.72626,3.3694577,3.541179,17.847912,55.4848087
South Korea,KOR,country,2023,33.236446,3.392165,3.7164373,18.716084,59.0611323
South Korea,KOR,country,2024,32.72386,3.3642054,4.2992635,20.339903,60.72723190000001
Spain,ESP,country,2000,0.018,4.727,29.57,1.493,35.808
Spain,ESP,country,2001,0.024,6.759,41.027,1.631,49.441
Spain,ESP,country,2002,0.03,9.342,22.92,2.586,34.878
Spain,ESP,country,2003,0.041,12.075,41.054,3.184,56.354
Spain,ESP,country,2004,0.056,15.7,31.676,3.33,50.762
Spain,ESP,country,2005,0.041,21.176,17.872,2.653,41.742
Spain,ESP,country,2006,0.119,23.297,25.89,2.774,52.08
Spain,ESP,country,2007,0.508,27.568,27.233,2.898,58.207
Spain,ESP,country,2008,2.578,32.946,23.532,3.255,62.31099999999999
Spain,ESP,country,2009,6.0669346,37.8869,26.352478,3.4088092,73.7151218
Spain,ESP,country,2010,7.064429,43.68136,42.035698,3.817644,96.599131
Spain,ESP,country,2011,8.679536,42.433,30.596,4.515,86.223536
Spain,ESP,country,2012,11.965909,49.472,20.545,4.9770093,86.9599183
Spain,ESP,country,2013,13.110889,55.767128,36.7799,5.290421,110.948338
Spain,ESP,country,2014,13.673027,52.013,39.169,5.414057,110.269084
Spain,ESP,country,2015,13.85843,49.325,28.14,5.7641673,97.0875973
Spain,ESP,country,2016,13.641701,48.914,36.38557,5.6646805,104.6059515
Spain,ESP,country,2017,14.320671,49.127,18.322,6.078,87.847671
Spain,ESP,country,2018,12.744,50.896,34.334,6.175547,104.149547
Spain,ESP,country,2019,15.108287,53.08907,22.486076,5.637065,96.320498
Spain,ESP,country,2020,20.667141,56.443676,30.506727,6.137239,113.754783
Spain,ESP,country,2021,27.098,62.061,29.626,6.891004,125.676004
Spain,ESP,country,2022,35.723,62.784,17.59,6.7515163,122.8485163
Spain,ESP,country,2023,48.586,64.275,24.996,5.8525,143.70950000000002
Spain,ESP,country,2024,56.47332,62.59241,34.432693,5.931416,159.42983900000002
Sri Lanka,LKA,country,2000,0.000432,0.0034,3.2042077,0.0,3.2080397
Sri Lanka,LKA,country,2001,0.000903096,0.0035,3.1178436,0.0,3.122246696
Sri Lanka,LKA,country,2002,0.001501112,0.003605747,2.7004118,0.0,2.705518659
Sri Lanka,LKA,country,2003,0.002403992,0.003405747,3.3187416,0.0,3.324551339
Sri Lanka,LKA,country,2004,0.003539072,0.002705747,2.9692228,0.00012,2.975587619
Sri Lanka,LKA,country,2005,0.004615336,0.002405747,3.4595318,0.00228,3.468832883
Sri Lanka,LKA,country,2006,0.00538678,0.002305747,4.643377,0.00178,4.652849527
Sri Lanka,LKA,country,2007,0.00597646,0.002305747,3.956473,0.0011,3.965855207
Sri Lanka,LKA,country,2008,0.006375132,0.003241747,4.139193,0.00572,4.154529879
Sri Lanka,LKA,country,2009,0.006787804,0.003501447,3.8911111,0.02301,3.924410351
Sri Lanka,LKA,country,2010,0.007195476,0.053161446,5.6445594,0.03251,5.737426322
Sri Lanka,LKA,country,2011,0.008714148,0.091620445,4.583892,0.031626,4.715852592999999
Sri Lanka,LKA,country,2012,0.01000782,0.14680775,3.3021636,0.022173,3.48115217
Sri Lanka,LKA,country,2013,0.01438312,0.23458175,6.9292426,0.026389,7.20459647
Sri Lanka,LKA,country,2014,0.02808402,0.27245376,4.5626483,0.041393,4.90457908
Sri Lanka,LKA,country,2015,0.04872,0.34321,5.97989,0.05731,6.42913
Sri Lanka,LKA,country,2016,0.08297,0.34487,4.23154,0.07196,4.731339999999999
Sri Lanka,LKA,country,2017,0.22461,0.36681,4.03136,0.067,4.689780000000001
Sri Lanka,LKA,country,2018,0.32131,0.32631,6.41146,0.0871,7.14618
Sri Lanka,LKA,country,2019,0.5004,0.3482,4.8119,0.1175,5.778
Sri Lanka,LKA,country,2020,0.8192,0.3502,4.9763,0.0998,6.2455
Sri Lanka,LKA,country,2021,1.0777,0.6534,7.2266,0.1628,9.1205
Sri Lanka,LKA,country,2022,1.4215474,0.7385138,6.8729577,0.10468479,9.13770369
Sri Lanka,LKA,country,2023,1.7016379,0.78247297,5.85944,0.11392202,8.45747289
Sri Lanka,LKA,country,2024,2.5825138,0.7846167,6.9523993,0.11423414,10.43376394
Sweden,SWE,country,2000,0.001,0.457,78.584,4.098,83.14
Sweden,SWE,country,2001,0.002,0.482,79.061,3.777,83.322
Sweden,SWE,country,2002,0.002,0.608,66.358,4.175,71.143
Sweden,SWE,country,2003,0.002,0.679,53.54,4.51,58.731
Sweden,SWE,country,2004,0.002,0.85,60.588,7.201,68.641
Sweden,SWE,country,2005,0.002,0.939341,72.40339,7.48981,80.834541
Sweden,SWE,country,2006,0.002,0.988238,61.615597,8.359192,70.965027
Sweden,SWE,country,2007,0.003,1.431704,66.16978,9.835833,77.44031700000001
Sweden,SWE,country,2008,0.004,2.000572,69.27953,10.337182,81.62128399999999
Sweden,SWE,country,2009,0.007,2.490411,65.53944,11.46041,79.497261
Sweden,SWE,country,2010,0.009,3.486528,67.175674,12.191233,82.862435
Sweden,SWE,country,2011,0.013,6.110219,67.06347,11.536489,84.72317799999999
Sweden,SWE,country,2012,0.019,7.165177,78.93931,12.194,98.317487
Sweden,SWE,country,2013,0.035,9.842224,61.361156,11.45,82.68838
Sweden,SWE,country,2014,0.047,11.234097,63.762966,10.696,85.74006299999999
Sweden,SWE,country,2015,0.097,16.322739,75.312485,10.765,102.497224
Sweden,SWE,country,2016,0.143,15.479412,62.133778,11.487078,89.243268
Sweden,SWE,country,2017,0.23,17.608725,65.06267,12.076,94.977395
Sweden,SWE,country,2018,0.391,16.616726,62.14757,11.913,91.068296
Sweden,SWE,country,2019,0.663,19.846584,65.29721,13.036,98.842794
Sweden,SWE,country,2020,1.035,27.526217,72.28601,11.177,112.024227
Sweden,SWE,country,2021,1.507,27.108343,73.79413,13.082,115.491473
Sweden,SWE,country,2022,1.963,33.059967,69.808,13.132,117.962967
Sweden,SWE,country,2023,3.098,34.07461,66.090904,11.7,114.963514
Sweden,SWE,country,2024,4.145,40.51095,64.633804,10.355042,119.644796
Switzerland,CHE,country,2000,0.011,0.003,36.837334,0.833,37.684334
Switzerland,CHE,country,2001,0.013,0.004,41.32288,0.876,42.21588
Switzerland,CHE,country,2002,0.015,0.005,35.171818,0.909,36.100818
Switzerland,CHE,country,2003,0.018,0.005,34.76713,0.93,35.720130000000005
Switzerland,CHE,country,2004,0.018,0.006,33.751717,0.97,34.745717
Switzerland,CHE,country,2005,0.021,0.008,31.229898,1.016,32.274898
Switzerland,CHE,country,2006,0.024,0.015,30.961859,1.135,32.135859
Switzerland,CHE,country,2007,0.029,0.016,35.253403,1.179,36.477403
Switzerland,CHE,country,2008,0.037,0.019,36.039383,1.229,37.324383
Switzerland,CHE,country,2009,0.054,0.023,35.72711,1.229,37.03311
Switzerland,CHE,country,2010,0.094,0.037,36.06428,1.272,37.46728
Switzerland,CHE,country,2011,0.168,0.07,32.393364,1.385,34.016364
Switzerland,CHE,country,2012,0.299,0.088,38.60409,1.527,40.51809
Switzerland,CHE,country,2013,0.5,0.09,38.464718,1.607,40.661718
Switzerland,CHE,country,2014,0.842,0.101,38.04005,1.671,40.65405
Switzerland,CHE,country,2015,1.119,0.11,38.26185,1.601,41.09185
Switzerland,CHE,country,2016,1.333,0.109,34.62793,1.725,37.79493
Switzerland,CHE,country,2017,1.683,0.133,34.095364,1.838,37.749364
Switzerland,CHE,country,2018,1.945,0.122,34.60919,1.811,38.48719
Switzerland,CHE,country,2019,2.178,0.146,37.63397,1.862,41.81997
Switzerland,CHE,country,2020,2.599,0.145,37.463486,1.968,42.17548600000001
Switzerland,CHE,country,2021,2.842,0.145,36.569485,1.993,41.549485
Switzerland,CHE,country,2022,3.858,0.15,29.56513,2.005,35.57813
Switzerland,CHE,country,2023,4.624,0.169,36.979874,2.005,43.777874
Switzerland,CHE,country,2024,5.903,0.171,44.93138,1.5743359,52.5797159
Taiwan,TWN,country,2000,0.00012,0.00138286,4.5599804,1.0473682,5.60885146
Taiwan,TWN,country,2001,0.000264,0.012228773,5.0902977,1.3202713,6.423061773
Taiwan,TWN,country,2002,0.000348,0.0158796,2.778901,1.5993352,4.3944638000000005
Taiwan,TWN,country,2003,0.000461,0.02376162,3.0345163,1.7726265,4.83136542
Taiwan,TWN,country,2004,0.000584,0.025252812,3.2098691,1.8489027,5.084608612
Taiwan,TWN,country,2005,0.00096,0.09130043,4.0713735,1.8503945,6.01402843
Taiwan,TWN,country,2006,0.001457,0.27607474,4.088351,1.849629,6.21551174
Taiwan,TWN,country,2007,0.00218,0.43953452,4.41755,1.8839074,6.74317192
Taiwan,TWN,country,2008,0.004473143,0.5882652,4.305105,1.8168523,6.714695643000001
Taiwan,TWN,country,2009,0.009112535,0.78663546,3.7482882,1.7474192,6.291455395
Taiwan,TWN,country,2010,0.021727003,1.0263377,4.1941013,1.8338147,7.075980703
Taiwan,TWN,country,2011,0.061622538,1.4926766,3.9997265,1.8345631,7.388588737999999
Taiwan,TWN,country,2012,0.15986983,1.4134685,5.669558,1.8309407,9.07383703
Taiwan,TWN,country,2013,0.32109624,1.6400076,5.4228897,1.8513165,9.23531004
Taiwan,TWN,country,2014,0.5287621,1.5004843,4.317862,1.9152122,8.262320599999999
Taiwan,TWN,country,2015,0.85026795,1.5252357,4.470146,1.9410868,8.78673645
Taiwan,TWN,country,2016,1.1090046,1.4571018,6.562041,1.9063315,11.0344789
Taiwan,TWN,country,2017,1.6674529,1.7224586,5.446815,1.8620857,10.6988122
Taiwan,TWN,country,2018,2.7036583,1.7094872,4.4816446,1.9749492,10.8697393
Taiwan,TWN,country,2019,4.017031,1.8922317,5.544796,1.9947082,13.4487669
Taiwan,TWN,country,2020,6.0746737,2.3088717,3.0191524,1.9985378,13.4012356
Taiwan,TWN,country,2021,7.9701905,2.270784,3.4746625,2.0130382,15.7286752
Taiwan,TWN,country,2022,10.676988,3.5774763,5.8365026,1.9918681,22.082835
Taiwan,TWN,country,2023,12.9086895,6.238287,3.9630222,2.0088797,25.1188784
Taiwan,TWN,country,2024,14.902521,10.329074,4.205932,2.0729425,31.510469500000003
Thailand,THA,country,2000,0.0,0.0,5.891444,0.5268975,6.4183415
Thailand,THA,country,2001,0.0,0.0,6.174345,0.62108785,6.79543285
Thailand,THA,country,2002,0.0,0.0,7.36694,0.7524022,8.1193422
Thailand,THA,country,2003,0.0,0.0,7.207755,1.2314934,8.4392484
Thailand,THA,country,2004,0.0,0.0,5.896294,1.8419179,7.7382119
Thailand,THA,country,2005,0.0,0.0,5.671181,1.856268,7.527449
Thailand,THA,country,2006,0.03648,0.000131,7.95005,1.9878559,9.9745169
Thailand,THA,country,2007,0.03876,0.000394,7.961357,2.4176328,10.4181438
Thailand,THA,country,2008,0.03888,0.000482,6.95069,2.1383832,9.128435199999998
Thailand,THA,country,2009,0.0444,0.001,6.965736,2.250892,9.262028
Thailand,THA,country,2010,0.05832,0.003924,5.346753,3.3639715,8.7729685
Thailand,THA,country,2011,0.09444,0.005,7.934922,3.9772243,12.0115863
Thailand,THA,country,2012,0.498475,0.017179,8.431217,4.695536,13.642407
Thailand,THA,country,2013,1.257475,0.351304,5.412084,5.6251316,12.645994599999998
Thailand,THA,country,2014,1.933475,0.396,5.163573,6.71603,14.209078000000002
Thailand,THA,country,2015,2.378,0.328,3.760733,7.3354855,13.8022185
Thailand,THA,country,2016,3.553,0.383,3.543078,8.601202,16.080280000000002
Thailand,THA,country,2017,4.543,1.109,4.687186,9.292018,19.631204
Thailand,THA,country,2018,4.537,1.641,7.597013,11.744744,25.519757
Thailand,THA,country,2019,5.146,3.67,6.309958,12.586425,27.712383000000003
Thailand,THA,country,2020,5.031,3.22,4.539848,12.289118,25.079966
Thailand,THA,country,2021,4.989,3.532,4.539992,13.405634,26.466626
Thailand,THA,country,2022,5.026,2.988,6.598821,13.86209,28.474911
Thailand,THA,country,2023,5.141,3.741,6.588214,14.285206,29.75542
Thailand,THA,country,2024,5.4315233,3.3840847,6.414794,14.388258,29.61866
Trinidad and Tobago,TTO,country,2000,0.000531,0.0,0.0,0.02,0.020531
Trinidad and Tobago,TTO,country,2001,0.001039,0.0,0.0,0.029,0.030039
Trinidad and Tobago,TTO,country,2002,0.001369,0.0,0.0,0.026,0.0273689999999999
Trinidad and Tobago,TTO,country,2003,0.001902,0.0,0.0,0.012,0.013902
Trinidad and Tobago,TTO,country,2004,0.002579,0.0,0.0,0.023,0.025579
Trinidad and Tobago,TTO,country,2005,0.002743,0.0,0.0,0.022,0.0247429999999999
Trinidad and Tobago,TTO,country,2006,0.00309,0.0,0.0,0.026,0.0290899999999999
Trinidad and Tobago,TTO,country,2007,0.003285,0.0,0.0,0.019,0.022285
Trinidad and Tobago,TTO,country,2008,0.003534,0.0,0.0,0.02,0.023534
Trinidad and Tobago,TTO,country,2009,0.003939,0.0,0.0,0.019,0.022939
Trinidad and Tobago,TTO,country,2010,0.004408,0.0,0.0,0.0,0.004408
Trinidad and Tobago,TTO,country,2011,0.004408,0.0,0.0,0.0,0.004408
Trinidad and Tobago,TTO,country,2012,0.006228,0.0,0.0,0.0,0.006228
Trinidad and Tobago,TTO,country,2013,0.006228,0.0,0.0,0.0,0.006228
Trinidad and Tobago,TTO,country,2014,0.006228,0.0,0.0,0.0,0.006228
Trinidad and Tobago,TTO,country,2015,0.006228,2.7e-05,0.0,0.0,0.006255
Trinidad and Tobago,TTO,country,2016,0.006228,2.7e-05,0.0,0.0,0.006255
Trinidad and Tobago,TTO,country,2017,0.006228,2.7e-05,0.0,0.0,0.006255
Trinidad and Tobago,TTO,country,2018,0.006228,2.7e-05,0.0,0.0,0.006255
Trinidad and Tobago,TTO,country,2019,0.006228,2.7e-05,0.0,0.0,0.006255
Trinidad and Tobago,TTO,country,2020,0.006228,2.7e-05,0.0,0.0,0.006255
Trinidad and Tobago,TTO,country,2021,0.006228,2.7e-05,0.0,0.0,0.006255
Trinidad and Tobago,TTO,country,2022,0.006228,2.7e-05,0.0,0.0,0.006255
Trinidad and Tobago,TTO,country,2023,0.006235594,2.7e-05,0.0,0.0,0.006262594
Trinidad and Tobago,TTO,country,2024,0.007041495,2.7074e-05,0.0,0.0,0.007068569
Turkey,TUR,country,2000,0.0,0.0334,30.8785,0.2415,31.1534
Turkey,TUR,country,2001,0.0,0.0624,24.0099,0.2736,24.3459
Turkey,TUR,country,2002,0.0,0.048,33.6838,0.2346,33.9664
Turkey,TUR,country,2003,0.0,0.0614,35.3295,0.1676,35.5585
Turkey,TUR,country,2004,0.0,0.0577,46.0837,0.1692,46.3106
Turkey,TUR,country,2005,0.0,0.059,39.5605,0.1284,39.7479
Turkey,TUR,country,2006,0.0,0.1305,44.2442,0.14785,44.52255
Turkey,TUR,country,2007,0.0,0.3511,35.8508,0.254942,36.456842
Turkey,TUR,country,2008,0.0,0.8465,33.2698,0.304695,34.420995
Turkey,TUR,country,2009,0.0,1.49537,35.9584,0.687389,38.141159
Turkey,TUR,country,2010,0.0024,2.91643,51.79546,1.001144,55.715434
Turkey,TUR,country,2011,0.002861538,4.7239,52.33856,1.037141,58.102462538000005
Turkey,TUR,country,2012,0.004257787,5.86075,57.86501,1.491272,65.221289787
Turkey,TUR,country,2013,0.006784616,7.55745,59.42051,2.242158,69.226902616
Turkey,TUR,country,2014,0.0174,8.52005,40.6447,3.446564,52.628714
Turkey,TUR,country,2015,0.19412,11.65247,67.14584,4.665543,83.657973
Turkey,TUR,country,2016,1.0431,15.5171,67.2309,6.45323,90.24433
Turkey,TUR,country,2017,2.8893,17.9038,58.2185,8.2515,87.26310000000001
Turkey,TUR,country,2018,7.7998,19.9492,59.9385,10.080515,97.768015
Turkey,TUR,country,2019,9.249828,21.730713,88.82278,12.474454,132.277775
Turkey,TUR,country,2020,10.95018,24.828222,78.09437,14.487611,128.360383
Turkey,TUR,country,2021,13.942861,31.43675,55.92681,17.261044,118.567465
Turkey,TUR,country,2022,16.887571,34.94545,66.8025,19.20701,137.842531
Turkey,TUR,country,2023,22.09056,34.10905,64.00245,19.957554,140.15961399999998
Turkey,TUR,country,2024,30.374754,36.62889,74.881584,20.330189,162.215417
Turkmenistan,TKM,country,2000,0.0,0.0,0.003154,0.0,0.003154
Turkmenistan,TKM,country,2001,0.0,0.0,0.003154,0.0,0.003154
Turkmenistan,TKM,country,2002,0.0,0.0,0.003154,0.0,0.003154
Turkmenistan,TKM,country,2003,0.0,0.0,0.003154,0.0,0.003154
Turkmenistan,TKM,country,2004,0.0,0.0,0.003154,0.0,0.003154
Turkmenistan,TKM,country,2005,0.0,0.0,0.003154,0.0,0.003154
Turkmenistan,TKM,country,2006,0.0,0.0,0.003154,0.0,0.003154
Turkmenistan,TKM,country,2007,0.0,0.0,0.003154,0.0,0.003154
Turkmenistan,TKM,country,2008,0.0,0.0,0.003154,0.0,0.003154
Turkmenistan,TKM,country,2009,0.0,0.0,0.003154,0.0,0.003154
Turkmenistan,TKM,country,2010,0.0001595,0.0,0.003154,0.0,0.0033135
Turkmenistan,TKM,country,2011,0.00045675,0.0,0.003154,0.0,0.00361075
Turkmenistan,TKM,country,2012,0.000981432,0.0,0.003154,0.0,0.004135432
Turkmenistan,TKM,country,2013,0.00184875,0.0,0.003154,0.0,0.00500275
Turkmenistan,TKM,country,2014,0.0031175,0.0,0.003154,0.0,0.0062715
Turkmenistan,TKM,country,2015,0.00522,0.0,0.003154,0.0,0.008374
Turkmenistan,TKM,country,2016,0.006979068,0.0,0.003154,0.0,0.010133068
Turkmenistan,TKM,country,2017,0.00696,0.0,0.003154,0.0,0.010114
Turkmenistan,TKM,country,2018,0.00696,0.0,0.003154,0.0,0.010114
Turkmenistan,TKM,country,2019,0.00696,0.0,0.003154,0.0,0.010114
Turkmenistan,TKM,country,2020,0.006979068,0.0,0.003162641,0.0,0.0101417089999999
Turkmenistan,TKM,country,2021,0.00696,0.0,0.00315,0.0,0.01011
Turkmenistan,TKM,country,2022,0.00696,0.0,0.00315,0.0,0.01011
Turkmenistan,TKM,country,2023,0.00696,0.0,0.00315,0.0,0.01011
Turkmenistan,TKM,country,2024,0.006979068,0.0,0.00315863,0.0,0.010137698
Ukraine,UKR,country,2000,0.0,0.006,11.274,0.0,11.28
Ukraine,UKR,country,2001,0.0,0.016,12.032,0.0,12.048
Ukraine,UKR,country,2002,0.0,0.022,9.627,0.0,9.649
Ukraine,UKR,country,2003,0.0,0.031,9.238,0.0,9.269
Ukraine,UKR,country,2004,0.0,0.033,11.753,0.0,11.786
Ukraine,UKR,country,2005,0.0,0.038,12.363,0.0,12.401
Ukraine,UKR,country,2006,0.0,0.035,12.886,0.0,12.921
Ukraine,UKR,country,2007,0.0,0.045,10.143,0.281,10.469
Ukraine,UKR,country,2008,0.0,0.045,11.512,0.264,11.821
Ukraine,UKR,country,2009,0.0,0.043,11.936,0.139,12.118
Ukraine,UKR,country,2010,0.0,0.05,13.152,0.188,13.39
Ukraine,UKR,country,2011,0.0301,0.0895,10.94383,0.134,11.19743
Ukraine,UKR,country,2012,0.3333,0.2882,10.47863,0.134,11.23413
Ukraine,UKR,country,2013,0.57,0.6386,13.80481,0.101,15.11441
Ukraine,UKR,country,2014,0.429,1.1302,8.47827,0.13,10.16747
Ukraine,UKR,country,2015,0.4765,1.0844,5.39632,0.145,7.10222
Ukraine,UKR,country,2016,0.4908,0.9538,7.6758,0.136,9.2564
Ukraine,UKR,country,2017,0.7217,0.9834,8.94761,0.2099,10.86261
Ukraine,UKR,country,2018,1.1075,1.1884,10.4277,0.3005,13.0241
Ukraine,UKR,country,2019,2.9328,2.0202,6.5083,0.4069,11.8682
Ukraine,UKR,country,2020,5.3692,3.2643,7.563803,0.7554,16.952703
Ukraine,UKR,country,2021,6.50427,3.8227,10.4437,0.91288,21.68355
Ukraine,UKR,country,2022,5.0756,1.4177,11.023,0.7761,18.2924
Ukraine,UKR,country,2023,5.708212,0.943441,12.727588,1.046505,20.425746
Ukraine,UKR,country,2024,6.05484,0.2541,12.762458,0.75504,19.826438000000003
United Arab Emirates,ARE,country,2000,0.0,0.0,0.0,0.0,0.0
United Arab Emirates,ARE,country,2001,0.0,0.0,0.0,0.0,0.0
United Arab Emirates,ARE,country,2002,0.0,0.0,0.0,0.0,0.0
United Arab Emirates,ARE,country,2003,0.0,0.0,0.0,0.0,0.0
United Arab Emirates,ARE,country,2004,0.0,0.0,0.0,0.0,0.0
United Arab Emirates,ARE,country,2005,0.0,0.0,0.0,0.0,0.0
United Arab Emirates,ARE,country,2006,0.0,0.0,0.0,0.0,0.0
United Arab Emirates,ARE,country,2007,0.0,0.0,0.0,0.0,0.0
United Arab Emirates,ARE,country,2008,0.0,0.0,0.0,0.0,0.0
United Arab Emirates,ARE,country,2009,0.006354,0.0,0.0,0.0,0.006354
United Arab Emirates,ARE,country,2010,0.018424,0.0,0.0,0.0,0.018424
United Arab Emirates,ARE,country,2011,0.020696,0.0,0.0,0.0,0.020696
United Arab Emirates,ARE,country,2012,0.024242,0.0,0.0,0.0,0.024242
United Arab Emirates,ARE,country,2013,0.085423,0.001489,0.0,0.0,0.086912
United Arab Emirates,ARE,country,2014,0.308431,0.002978,0.0,0.0,0.311409
United Arab Emirates,ARE,country,2015,0.2991,0.001489,0.0,0.0,0.300589
United Arab Emirates,ARE,country,2016,0.316,0.0,0.0,0.0,0.316
United Arab Emirates,ARE,country,2017,0.7451,0.0,0.0,0.0,0.7451
United Arab Emirates,ARE,country,2018,1.1981,0.0,0.0,0.0,1.1981
United Arab Emirates,ARE,country,2019,3.6558,0.0,0.0,0.0,3.6558
United Arab Emirates,ARE,country,2020,5.184466,0.0,0.0,0.0009,5.185365999999999
United Arab Emirates,ARE,country,2021,6.2523384,4.5e-05,0.0,0.0003974,6.2527808
United Arab Emirates,ARE,country,2022,7.7433567,4.5e-05,0.0,0.0124,7.7558017
United Arab Emirates,ARE,country,2023,14.40392,0.0600018,0.0,0.2102731,14.6741949
United Arab Emirates,ARE,country,2024,15.209229,0.19961853,0.0,0.2108492,15.61969673
United Kingdom,GBR,country,2000,0.001,0.946,5.0857453,3.8818,9.9145453
United Kingdom,GBR,country,2001,0.002,0.965,4.054648,4.526,9.547648
United Kingdom,GBR,country,2002,0.003,1.259,4.7874846,5.0801,11.1295846
United Kingdom,GBR,country,2003,0.003,1.288,3.2277005,6.1737,10.692400500000002
United Kingdom,GBR,country,2004,0.004,1.939,4.8444605,7.3639,14.1513605
United Kingdom,GBR,country,2005,0.008,2.912,4.9229,9.1023,16.9452
United Kingdom,GBR,country,2006,0.011,4.236,4.5934067,9.2769,18.1173067
United Kingdom,GBR,country,2007,0.014,5.2738175,5.0773044,9.324501,19.6896229
United Kingdom,GBR,country,2008,0.017,7.097248,5.141186,9.649278,21.904712
United Kingdom,GBR,country,2009,0.020000206,9.280972,5.2278924,10.714948,25.243812606
United Kingdom,GBR,country,2010,0.0402771,10.285645,3.5913758,12.262968,26.1802659
United Kingdom,GBR,country,2011,0.24366343,15.962969,5.69175,13.313794,35.21217643
United Kingdom,GBR,country,2012,1.3537636,19.84712,5.309068,14.737997,41.2479486
United Kingdom,GBR,country,2013,2.010262,28.397152,4.701509,18.10489,53.213813
United Kingdom,GBR,country,2014,4.0540624,31.959244,5.887849,22.621246,64.5224014
United Kingdom,GBR,country,2015,7.532864,40.27472,6.2972684,29.258976,83.36382840000002
United Kingdom,GBR,country,2016,10.407928,37.159424,5.3705845,30.065535,83.00347150000002
United Kingdom,GBR,country,2017,11.45724,49.64115,5.8818,31.89828,98.87847
United Kingdom,GBR,country,2018,12.6684,56.90761,5.4433,35.1109,110.13021
United Kingdom,GBR,country,2019,12.41805,63.83489,5.9329,37.5402,119.72604
United Kingdom,GBR,country,2020,12.5469,75.6231,6.8782,38.5764,133.6246
United Kingdom,GBR,country,2021,12.1285,64.9239,5.4184,40.0065,122.4773
United Kingdom,GBR,country,2022,13.3389,80.5425,5.6608,35.852,135.3942
United Kingdom,GBR,country,2023,13.8844,82.3087,5.5376,34.098,135.8287
United Kingdom,GBR,country,2024,14.7895,84.0578,5.7642,40.0944,144.7059
United States,USA,country,2000,0.51851267,5.649759,272.76135,66.582825,345.51244667000003
United States,USA,country,2001,0.5743511,6.8053846,210.24,66.83044,284.4501757
United States,USA,country,2002,0.6015976,10.458869,258.16757,71.78936,341.0173966
United States,USA,country,2003,0.6106543,11.30047,269.97098,71.33214,353.2142443
United States,USA,country,2004,0.69813246,14.286607,262.55466,71.94537,349.48476946
United States,USA,country,2005,0.74890065,17.990454,266.42773,72.59806,357.76514465
United States,USA,country,2006,0.82443213,26.857714,285.544,73.08227,386.30841613
United States,USA,country,2007,1.0954105,34.797905,243.04407,73.86955,352.8069355
United States,USA,country,2008,1.6330626,55.922325,251.05386,73.551476,382.1607236
United States,USA,country,2009,2.0759604,74.632454,271.53308,73.15986,421.4013544
United States,USA,country,2010,3.0130365,95.60833,257.2747,75.061844,430.9579105
United States,USA,country,2011,4.738904,121.3905,316.09534,75.77516,517.999904
United States,USA,country,2012,9.037014,142.24414,274.03003,77.0361,502.347284
United States,USA,country,2013,16.039696,169.5351,266.54984,80.665535,532.790171
United States,USA,country,2014,29.216162,183.49019,255.75058,84.07023,552.5271620000001
United States,USA,country,2015,39.42626,192.645,246.45312,83.73627,562.26065
United States,USA,country,2016,55.4202,229.28542,263.76367,82.722565,631.191855
United States,USA,country,2017,78.05758,256.8714,296.80646,82.80032,714.53576
United States,USA,country,2018,94.30808,275.42166,289.5146,81.8932,741.13754
United States,USA,country,2019,107.97374,298.8712,285.46765,76.82054,769.1331299999999
United States,USA,country,2020,132.04141,341.35156,282.7805,74.31679,830.49026
United States,USA,country,2021,166.08282,382.01694,248.96278,73.92234,870.98488
United States,USA,country,2022,207.14546,438.6842,251.27354,71.5112,968.6144
United States,USA,country,2023,241.35051,425.3953,241.42657,66.91333,975.08571
United States,USA,country,2024,306.22928,458.0345,238.71255,65.696686,1068.673016
Uzbekistan,UZB,country,2000,0.0,0.0,5.879,0.0,5.879
Uzbekistan,UZB,country,2001,0.0,0.0,6.017,0.0,6.017
Uzbekistan,UZB,country,2002,0.0,0.0,6.186,0.0,6.186
Uzbekistan,UZB,country,2003,0.0,0.0,7.1548724,0.0,7.1548724
Uzbekistan,UZB,country,2004,0.0,0.0,6.4934173,0.0,6.4934173
Uzbekistan,UZB,country,2005,0.0,0.0,6.875604,0.0,6.875604
Uzbekistan,UZB,country,2006,0.0,0.0,5.8497224,0.0,5.8497224
Uzbekistan,UZB,country,2007,0.0,0.0,6.4571,0.0,6.4571
Uzbekistan,UZB,country,2008,0.0,0.0,4.3859,0.0,4.3859
Uzbekistan,UZB,country,2009,0.0,0.0,6.4833,0.0,6.4833
Uzbekistan,UZB,country,2010,0.0,0.0,8.1921,0.0,8.1921
Uzbekistan,UZB,country,2011,0.0,0.0,5.7213,0.0,5.7213
Uzbekistan,UZB,country,2012,0.0,0.0,6.3549814,0.0,6.3549814
Uzbekistan,UZB,country,2013,0.0,0.0,6.27,0.0,6.27
Uzbekistan,UZB,country,2014,0.0,0.0,6.185008,0.0,6.185008
Uzbekistan,UZB,country,2015,0.0,0.0,6.020495,0.0,6.020495
Uzbekistan,UZB,country,2016,0.004643,0.0,6.859814,0.0,6.864457
Uzbekistan,UZB,country,2017,0.00629,0.0,7.929553,0.0,7.935843
Uzbekistan,UZB,country,2018,0.006827,0.0,5.8973,0.0,5.904127000000001
Uzbekistan,UZB,country,2019,0.006827,0.0155,6.462083,0.0,6.48441
Uzbekistan,UZB,country,2020,0.006845704,0.0,4.999217,0.0,5.006062704
Uzbekistan,UZB,country,2021,0.049021,0.0012,5.01016,0.0,5.060381
Uzbekistan,UZB,country,2022,0.4358,0.0,5.313,0.0,5.7488
Uzbekistan,UZB,country,2023,0.6224,0.0072,6.9972,0.0,7.6268
Uzbekistan,UZB,country,2024,4.3111796,0.51873255,8.2,0.0,13.02991215
Venezuela,VEN,country,2000,0.0,0.0,62.886,0.0,62.886
Venezuela,VEN,country,2001,0.0,0.0,60.441,0.0,60.441
Venezuela,VEN,country,2002,0.0,0.0,59.534,0.0,59.534
Venezuela,VEN,country,2003,0.0,0.0,60.532,0.0,60.532
Venezuela,VEN,country,2004,0.0,0.0,70.075,0.0,70.075
Venezuela,VEN,country,2005,0.0,0.0,77.08849,0.0,77.08849
Venezuela,VEN,country,2006,0.0,0.0,81.41334,0.0,81.41334
Venezuela,VEN,country,2007,0.0,0.0,83.03442,0.0,83.03442
Venezuela,VEN,country,2008,0.0,0.0,86.7129,0.0,86.7129
Venezuela,VEN,country,2009,0.0,0.0,85.83926,0.0,85.83926
Venezuela,VEN,country,2010,0.00246,0.0,76.65978,0.0,76.66224
Venezuela,VEN,country,2011,0.00298,0.0,83.15471,0.0,83.15768999999999
Venezuela,VEN,country,2012,0.00522,0.0,81.73554,0.0,81.74076
Venezuela,VEN,country,2013,0.00536,0.08827,81.49598,0.0,81.58961000000001
Venezuela,VEN,country,2014,0.0055985,0.1097215,80.36382,0.0734,80.55254000000001
Venezuela,VEN,country,2015,0.005666,0.074664,74.7356,0.05858,74.87451
Venezuela,VEN,country,2016,0.005684,0.097986,62.95822,0.01109,63.07298
Venezuela,VEN,country,2017,0.004901,0.095649,70.03548,0.01634,70.15237
Venezuela,VEN,country,2018,0.000351,0.000429,65.28189,0.0409,65.32357
Venezuela,VEN,country,2019,0.001311,0.060359,62.7894,0.0,62.85107
Venezuela,VEN,country,2020,0.001311,0.019880213,67.19002,0.000516835,67.211728048
Venezuela,VEN,country,2021,0.0011385,0.019144934,67.84536,0.000620202,67.866263636
Venezuela,VEN,country,2022,0.0011385,0.0162215,68.51177,0.0,68.52913
Venezuela,VEN,country,2023,0.001207064,0.017198404,72.63774,0.0,72.65614546799999
Venezuela,VEN,country,2024,0.001712232,0.017245522,72.83675,0.0,72.855707754
Vietnam,VNM,country,2000,0.0,0.0,14.551,0.0,14.551
Vietnam,VNM,country,2001,0.0,0.0,18.21,0.0,18.21
Vietnam,VNM,country,2002,0.0,0.0,18.198,0.0,18.198
Vietnam,VNM,country,2003,0.0,0.0,18.986,0.0,18.986
Vietnam,VNM,country,2004,0.0,0.0,17.818,0.0,17.818
Vietnam,VNM,country,2005,0.0,0.0,16.535,0.05,16.585
Vietnam,VNM,country,2006,0.0,0.0,19.711,0.065,19.776
Vietnam,VNM,country,2007,0.0,0.0,22.437,0.079,22.516
Vietnam,VNM,country,2008,0.0,0.0017,25.984,0.055,26.0407
Vietnam,VNM,country,2009,0.0,0.0116,29.977,0.062,30.0506
Vietnam,VNM,country,2010,0.005896,0.0407,28.52437,0.055,28.625966
Vietnam,VNM,country,2011,0.005896,0.0407,41.075672,0.056,41.178268
Vietnam,VNM,country,2012,0.005896,0.0407,53.30537,0.057,53.40896600000001
Vietnam,VNM,country,2013,0.005896,0.0689,57.819687,0.058,57.952483
Vietnam,VNM,country,2014,0.006669,0.0689,62.164936,0.059,62.299505
Vietnam,VNM,country,2015,0.006669,0.121,56.123,0.07,56.320669
Vietnam,VNM,country,2016,0.00529,0.201,63.941,0.122,64.26929
Vietnam,VNM,country,2017,0.007992,0.35,85.94,0.208,86.50599199999999
Vietnam,VNM,country,2018,0.022,0.487,83.081,0.488,84.078
Vietnam,VNM,country,2019,4.818,0.724,66.117,0.35,72.009
Vietnam,VNM,country,2020,10.761,0.982,72.867,0.34,84.95
Vietnam,VNM,country,2021,26.151,3.341,78.673,0.32,108.485
Vietnam,VNM,country,2022,25.75,9.091,95.91,0.378,131.129
Vietnam,VNM,country,2023,25.692,11.586,80.621,0.868,118.767
Vietnam,VNM,country,2024,25.862,12.747,88.723,1.032,128.364
