"Entity","Code","Year","Total_Renewable","Hydropower","Wind","Solar","Other_renewables"
"Africa","AFR",1965,13905635,13905635,0,0,0
"Africa","AFR",1966,15510004,15510004,0,0,0
"Africa","AFR",1967,16190636,16190636,0,0,0
"Africa","AFR",1968,18938341,18938341,0,0,0
"Africa","AFR",1969,2210089,2210089,0,0,0
"Africa","AFR",1970,2763043,2763043,0,0,0
"Africa","AFR",1971,26013555,26013391,0,0,164
"Africa","AFR",1972,29633361,29633196,0,0,165
"Africa","AFR",1973,31345724,31345707,0,0,17
"Africa","AFR",1974,35667251,35667076,0,0,175
"Africa","AFR",1975,3771969,3771797,0,0,172
"Africa","AFR",1976,41797819,41797634,0,0,185
"Africa","AFR",1977,4593066,4592877,0,0,189
"Africa","AFR",1978,4630889,4630694,0,0,195
"Africa","AFR",1979,4956724,4956523,0,0,201
"Africa","AFR",1980,48311990,48311783,0,0,207
"Africa","AFR",1981,50193123,50192905,0,0,218
"Africa","AFR",1982,50206474,50206238,0,0,236
"Africa","AFR",1983,4524739,4524716,0,0,23
"Africa","AFR",1984,44490209,44489975,0,0,234
"Africa","AFR",1985,49449953,49449684,0,0,269
"Africa","AFR",1986,51146033,51145374,0,0,659
"Africa","AFR",1987,4906304,4905646,0,0,658
"Africa","AFR",1988,53594082,53593456,0,0,626
"Africa","AFR",1989,56276832,56276215,0,0,617
"Africa","AFR",1990,137829653,57254658,0,0,80574995
"Africa","AFR",1991,14282626,6065149,0,0,8217477
"Africa","AFR",1992,91180686,5786029,0,0,85394657
"Africa","AFR",1993,151619702,56682507,2,0,94937193
"Africa","AFR",1994,90429195,5759605,54,0,84669536
"Africa","AFR",1995,7003555,5975028,63,0,1028464
"Africa","AFR",1996,18908226,6229786,71,0,12678369
"Africa","AFR",1997,77795873,63831898,72,0,13963903
"Africa","AFR",1998,68379196,66654884,76,0,1724236
"Africa","AFR",1999,87782296,70684265,198,0,17097833
"Africa","AFR",2000,30293182,7530208,1755,12091,22749128
"Africa","AFR",2001,104449371,80910614,41558,15053,23482146
"Africa","AFR",2002,48529290,8506818,443584,16457712,23121176
"Africa","AFR",2003,128890516,82617035,535599,19282296,26455586
"Africa","AFR",2004,48861237,8722669,7682815,2325488,30130265
"Africa","AFR",2005,74487691,8884313,7803882,27105464,30694032
"Africa","AFR",2006,51948895,9205469,852607,3509121,38381698
"Africa","AFR",2007,95808580,9520505,10163264,44129808,31995003
"Africa","AFR",2008,118545004,9696208,13119144,62506974,33222678
"Africa","AFR",2009,70711653,9956687,15895555,8354463,36504948
"Africa","AFR",2010,189204229,107687065,22847242,20111556,38558366
"Africa","AFR",2011,133497268,11073344,23878222,58679986,39865716
"Africa","AFR",2012,235281976,110881065,25177002,94917136,4306773
"Africa","AFR",2013,93719630,11732104,3595774,73769605,4622147
"Africa","AFR",2014,198983948,124171074,50624056,18555973,5632845
"Africa","AFR",2015,237569090,120966484,8912966,35459864,72229776
"Africa","AFR",2016,101538253,11933239,11178679,5258691,73167644
"Africa","AFR",2017,170639129,12553052,13613888,69112763,75359426
"Africa","AFR",2018,32665104,1344142,14764321,8334139,8222502
"Africa","AFR",2019,44108050,13783789,19283148,11032807,8306
"Africa","AFR",2020,57029794,14740895,19111317,15181535,7996047
"Africa","AFR",2021,64031852,15550735,22960455,17457838,8062824
"Africa","AFR",2022,66614102,16192616,24724098,17226694,8470694
"Africa","AFR",2023,73815505,16711745,28409922,18962694,9731144
"Africa","AFR",2024,58958866,17007578,29071463,2086424,10793401
"Africa (EI)","REG",1965,13905635,13905635,0,0,0
"Africa (EI)","REG",1966,15510004,15510004,0,0,0
"Africa (EI)","REG",1967,16190636,16190636,0,0,0
"Africa (EI)","REG",1968,18938341,18938341,0,0,0
"Africa (EI)","REG",1969,2210089,2210089,0,0,0
"Africa (EI)","REG",1970,2763043,2763043,0,0,0
"Africa (EI)","REG",1971,26013555,26013391,0,0,164
"Africa (EI)","REG",1972,29633361,29633196,0,0,165
"Africa (EI)","REG",1973,31345724,31345707,0,0,17
"Africa (EI)","REG",1974,35667251,35667076,0,0,175
"Africa (EI)","REG",1975,3771969,3771797,0,0,172
"Africa (EI)","REG",1976,41797819,41797634,0,0,185
"Africa (EI)","REG",1977,4593066,4592877,0,0,189
"Africa (EI)","REG",1978,4630889,4630694,0,0,195
"Africa (EI)","REG",1979,4956724,4956523,0,0,201
"Africa (EI)","REG",1980,48311990,48311783,0,0,207
"Africa (EI)","REG",1981,50193123,50192905,0,0,218
"Africa (EI)","REG",1982,50206474,50206238,0,0,236
"Africa (EI)","REG",1983,4524739,4524716,0,0,23
"Africa (EI)","REG",1984,44490209,44489975,0,0,234
"Africa (EI)","REG",1985,49449953,49449684,0,0,269
"Africa (EI)","REG",1986,51146033,51145374,0,0,659
"Africa (EI)","REG",1987,4906304,4905646,0,0,658
"Africa (EI)","REG",1988,53594082,53593456,0,0,626
"Africa (EI)","REG",1989,56276832,56276215,0,0,617
"Africa (EI)","REG",1990,137829653,57254658,0,0,80574995
"Africa (EI)","REG",1991,14282626,6065149,0,0,8217477
"Africa (EI)","REG",1992,91180686,5786029,0,0,85394657
"Africa (EI)","REG",1993,151619702,56682507,2,0,94937193
"Africa (EI)","REG",1994,90429195,5759605,54,0,84669536
"Africa (EI)","REG",1995,7003555,5975028,63,0,1028464
"Africa (EI)","REG",1996,18908226,6229786,71,0,12678369
"Africa (EI)","REG",1997,77795873,63831898,72,0,13963903
"Africa (EI)","REG",1998,68379196,66654884,76,0,1724236
"Africa (EI)","REG",1999,87782296,70684265,198,0,17097833
"Africa (EI)","REG",2000,30293182,7530208,1755,12091,22749128
"Africa (EI)","REG",2001,104449371,80910614,41558,15053,23482146
"Africa (EI)","REG",2002,48529290,8506818,443584,16457712,23121176
"Africa (EI)","REG",2003,128890516,82617035,535599,19282296,26455586
"Africa (EI)","REG",2004,48861237,8722669,7682815,2325488,30130265
"Africa (EI)","REG",2005,74487691,8884313,7803882,27105464,30694032
"Africa (EI)","REG",2006,51948895,9205469,852607,3509121,38381698
"Africa (EI)","REG",2007,95808580,9520505,10163264,44129808,31995003
"Africa (EI)","REG",2008,118545004,9696208,13119144,62506974,33222678
"Africa (EI)","REG",2009,70711653,9956687,15895555,8354463,36504948
"Africa (EI)","REG",2010,189204229,107687065,22847242,20111556,38558366
"Africa (EI)","REG",2011,133497268,11073344,23878222,58679986,39865716
"Africa (EI)","REG",2012,235281976,110881065,25177002,94917136,4306773
"Africa (EI)","REG",2013,93719630,11732104,3595774,73769605,4622147
"Africa (EI)","REG",2014,198983948,124171074,50624056,18555973,5632845
"Africa (EI)","REG",2015,237569090,120966484,8912966,35459864,72229776
"Africa (EI)","REG",2016,101538253,11933239,11178679,5258691,73167644
"Africa (EI)","REG",2017,170639129,12553052,13613888,69112763,75359426
"Africa (EI)","REG",2018,32665104,1344142,14764321,8334139,8222502
"Africa (EI)","REG",2019,44108050,13783789,19283148,11032807,8306
"Africa (EI)","REG",2020,57029794,14740895,19111317,15181535,7996047
"Africa (EI)","REG",2021,64031852,15550735,22960455,17457838,8062824
"Africa (EI)","REG",2022,66614102,16192616,24724098,17226694,8470694
"Africa (EI)","REG",2023,73815505,16711745,28409922,18962694,9731144
"Africa (EI)","REG",2024,58958866,17007578,29071463,2086424,10793401
"Algeria","DZA",1965,4,4,0,0,0
"Algeria","DZA",1966,355,355,0,0,0
"Algeria","DZA",1967,41,41,0,0,0
"Algeria","DZA",1968,563,563,0,0,0
"Algeria","DZA",1969,361,361,0,0,0
"Algeria","DZA",1970,58,58,0,0,0
"Algeria","DZA",1971,33,33,0,0,0
"Algeria","DZA",1972,495,495,0,0,0
"Algeria","DZA",1973,752,752,0,0,0
"Algeria","DZA",1974,497,497,0,0,0
"Algeria","DZA",1975,328,328,0,0,0
"Algeria","DZA",1976,389,389,0,0,0
"Algeria","DZA",1977,269,269,0,0,0
"Algeria","DZA",1978,25,25,0,0,0
"Algeria","DZA",1979,291,291,0,0,0
"Algeria","DZA",1980,257,257,0,0,0
"Algeria","DZA",1981,366,366,0,0,0
"Algeria","DZA",1982,479,479,0,0,0
"Algeria","DZA",1983,235,235,0,0,0
"Algeria","DZA",1984,452,452,0,0,0
"Algeria","DZA",1985,646,646,0,0,0
"Algeria","DZA",1986,25,25,0,0,0
"Algeria","DZA",1987,499,499,0,0,0
"Algeria","DZA",1988,183,183,0,0,0
"Algeria","DZA",1989,226,226,0,0,0
"Algeria","DZA",1990,135,135,0,0,0
"Algeria","DZA",1991,293,293,0,0,0
"Algeria","DZA",1992,199,199,0,0,0
"Algeria","DZA",1993,353,353,0,0,0
"Algeria","DZA",1994,166,166,0,0,0
"Algeria","DZA",1995,193,193,0,0,0
"Algeria","DZA",1996,135,135,0,0,0
"Algeria","DZA",1997,75,75,0,0,0
"Algeria","DZA",1998,215,215,0,0,0
"Algeria","DZA",1999,203,203,0,0,0
"Algeria","DZA",2000,54,54,0,0,0
"Algeria","DZA",2001,69,69,0,0,0
"Algeria","DZA",2002,57,57,0,0,0
"Algeria","DZA",2003,265,265,0,0,0
"Algeria","DZA",2004,251,251,0,0,0
"Algeria","DZA",2005,5553,5553,0,0,0
"Algeria","DZA",2006,2176,2176,0,0,0
"Algeria","DZA",2007,226,226,0,0,0
"Algeria","DZA",2008,283,283,0,0,0
"Algeria","DZA",2009,342,342,0,0,0
"Algeria","DZA",2010,264,173,0,91,0
"Algeria","DZA",2011,1812253,378,0,1811875,0
"Algeria","DZA",2012,26723403,389,0,26723014,0
"Algeria","DZA",2013,385,99,0,286,0
"Algeria","DZA",2014,200,193,1,6,0
"Algeria","DZA",2015,222,145,19,58,0
"Algeria","DZA",2016,19052372,72,19052055,245,0
"Algeria","DZA",2017,579,56,19,504,0
"Algeria","DZA",2018,721,117,1,603,0
"Algeria","DZA",2019,768,152,1,615,0
"Algeria","DZA",2020,1258,496,77,685,0
"Algeria","DZA",2021,862,93,105,664,0
"Algeria","DZA",2022,681,16,16,649,0
"Algeria","DZA",2023,729,29,16,684,0
"Algeria","DZA",2024,16734828,5118,16043836,685874,0
"Argentina","ARG",1965,12251163,12251163,0,0,0
"Argentina","ARG",1966,12409302,12409302,0,0,0
"Argentina","ARG",1967,12706977,12706977,0,0,0
"Argentina","ARG",1968,14976745,14976745,0,0,0
"Argentina","ARG",1969,13432558,13432558,0,0,0
"Argentina","ARG",1970,21195457,15571272,0,0,5624185
"Argentina","ARG",1971,21360557,15461483,0,0,5899074
"Argentina","ARG",1972,22629202,15026463,0,0,7602739
"Argentina","ARG",1973,35971321,29974296,0,0,5997025
"Argentina","ARG",1974,11094986,4994663,0,0,6100323
"Argentina","ARG",1975,115938071,51947746,0,0,63990325
"Argentina","ARG",1976,65977449,5014902,0,0,60962547
"Argentina","ARG",1977,121670869,57667804,0,0,64003065
"Argentina","ARG",1978,83863464,77466183,0,0,6397281
"Argentina","ARG",1979,20155289,10656913,0,0,9498376
"Argentina","ARG",1980,25042644,15140881,0,0,9901763
"Argentina","ARG",1981,23386595,14684794,0,0,8701801
"Argentina","ARG",1982,18741930,17592196,0,0,1149734
"Argentina","ARG",1983,17339412,1841851,0,0,15497561
"Argentina","ARG",1984,31376712,19877867,0,0,11498845
"Argentina","ARG",1985,32653765,20653124,0,0,12000641
"Argentina","ARG",1986,145020492,21030247,0,0,123990245
"Argentina","ARG",1987,22972381,21912518,0,0,1059863
"Argentina","ARG",1988,27555273,15259144,0,0,12296129
"Argentina","ARG",1989,23787548,13187393,0,0,10600155
"Argentina","ARG",1990,31015357,17713175,0,0,13302182
"Argentina","ARG",1991,17179334,15869253,0,0,1310081
"Argentina","ARG",1992,14915102,1916509,0,0,12998593
"Argentina","ARG",1993,33367815,23768307,0,0,9599508
"Argentina","ARG",1994,28276720,27286676,0,0,990044
"Argentina","ARG",1995,145519807,26503681,0,0,119016126
"Argentina","ARG",1996,44783367,22471685,9618,0,22302064
"Argentina","ARG",1997,45815109,27924665,14592,0,17875852
"Argentina","ARG",1998,47197387,26475504,32541,17,20689325
"Argentina","ARG",1999,47631594,21396791,34781,26,26199996
"Argentina","ARG",2000,32470318,28575241,34758,36,3860283
"Argentina","ARG",2001,72929402,36580173,49361,43,36299825
"Argentina","ARG",2002,41152089,35778835,73405,47,5299802
"Argentina","ARG",2003,121938449,33800575,77954,65,88059855
"Argentina","ARG",2004,117286090,30462402,72446,7,86751235
"Argentina","ARG",2005,50553182,34216137,7171966,81,9164998
"Argentina","ARG",2006,39068495,38015213,6964,9,1046309
"Argentina","ARG",2007,13893211,3122015,61593,1089,10708514
"Argentina","ARG",2008,47456042,31199696,4195108,1437,12059801
"Argentina","ARG",2009,83415157,34618187,36831528,76084,11889358
"Argentina","ARG",2010,42469818,3335991,25351606,8589,13773632
"Argentina","ARG",2011,19674529,3118693,2659055,1614,13895167
"Argentina","ARG",2012,23365508,291644,369862,8172967,14531035
"Argentina","ARG",2013,108450029,32771378,45335487,15074079,15269085
"Argentina","ARG",2014,34534956,32416695,619491,15944,1482826
"Argentina","ARG",2015,18715477,3233747,593335,14683,14873712
"Argentina","ARG",2016,30432123,29752789,547359,14273,117702
"Argentina","ARG",2017,46839252,31594284,611567,16417,14616984
"Argentina","ARG",2018,47874459,32278667,1412743,10813,14172236
"Argentina","ARG",2019,172190475,27504503,49959664,79969794,14756514
"Argentina","ARG",2020,32986962,236697,9410639,1344358,21995268
"Argentina","ARG",2021,45681062,19648005,1293755,2202619,22536683
"Argentina","ARG",2022,43362873,2276959,14164993,2940079,23980842
"Argentina","ARG",2023,73287416,31493406,14478626,3279348,24036036
"Argentina","ARG",2024,85753347,29668793,16167492,39653625,263437
"Asia","ASI",1965,14290588,14290587,0,0,1
"Asia","ASI",1966,14904678,14904556,0,0,122
"Asia","ASI",1967,1392680,1392507,0,0,173
"Asia","ASI",1968,15478307,15478128,0,0,179
"Asia","ASI",1969,16068601,16068423,0,0,178
"Asia","ASI",1970,57318532,16448134,0,0,40870398
"Asia","ASI",1971,57753177,17992075,0,0,39761102
"Asia","ASI",1972,60966248,18607146,0,0,42359102
"Asia","ASI",1973,17749291,17298293,0,0,450998
"Asia","ASI",1974,20215900,19701353,0,0,514547
"Asia","ASI",1975,21822193,21223686,0,0,598507
"Asia","ASI",1976,22358588,21830035,0,0,528553
"Asia","ASI",1977,22197241,21444467,0,0,752774
"Asia","ASI",1978,23553496,22585852,0,0,967644
"Asia","ASI",1979,26301383,24419711,0,0,1881672
"Asia","ASI",1980,26491917,26164688,0,0,327229
"Asia","ASI",1981,51866181,279014,0,0,51587167
"Asia","ASI",1982,16550563,2763654,0,0,13786909
"Asia","ASI",1983,18860056,2890298,0,0,15969758
"Asia","ASI",1984,46474498,28970355,0,0,17504143
"Asia","ASI",1985,22089859,3432243,0,0,18657616
"Asia","ASI",1986,5409835,3458456,0,0,1951379
"Asia","ASI",1987,55676671,35831586,0,0,19845085
"Asia","ASI",1988,25520266,4117108,0,0,21403158
"Asia","ASI",1989,65240691,42120438,0,0,23120253
"Asia","ASI",1990,56652977,4441334,33323232,4,18888407
"Asia","ASI",1991,36072019,4490279,12300091,4,19281645
"Asia","ASI",1992,46140465,4522898,22078313,155,19539099
"Asia","ASI",1993,55977841,5026904,3098508,28500002,19352427
"Asia","ASI",1994,28513288,4987056,578078,36,22948118
"Asia","ASI",1995,88776389,538362,11145912,49510103,27582012
"Asia","ASI",1996,43866770,5347571,9768788,725606,28024805
"Asia","ASI",1997,60548910,5328737,11958565,11636545,31625063
"Asia","ASI",1998,70666174,5646518,14579805,16731885,33707966
"Asia","ASI",1999,64138247,550013,2029756,24566661,36991817
"Asia","ASI",2000,50144080,5666277,2382639,38029945,4065219
"Asia","ASI",2001,134941816,6115794,32005215,55250144,41570663
"Asia","ASI",2002,160869245,6334446,34702802,76870644,42961353
"Asia","ASI",2003,26173586,6582237,4594285,10510256,4486808
"Asia","ASI",2004,91820961,77540753,8149257,1388442,4742509
"Asia","ASI",2005,89072640,8034804,10250758,17651725,53135353
"Asia","ASI",2006,132100120,88437445,16057991,21887698,5716986
"Asia","ASI",2007,96841306,9283072,21330153,2624455,63603626
"Asia","ASI",2008,82150301,10533516,32621525,31835155,7160105
"Asia","ASI",2009,144480387,10232992,50676094,4120747,79450554
"Asia","ASI",2010,87030624,11786075,7796545,58577056,8870948
"Asia","ASI",2011,42836834,11932864,11011338,10410626,9482006
"Asia","ASI",2012,38144997,13507816,14408293,15641,10213247
"Asia","ASI",2013,73679400,14589414,18499382,29293423,11297181
"Asia","ASI",2014,109721983,15928436,21108124,59402878,13282545
"Asia","ASI",2015,64591876,16585212,24088101,9207264,14711299
"Asia","ASI",2016,48382499,1723443,31225186,13889127,1544743
"Asia","ASI",2017,45135489,1767018,3913327,21841371,17613773
"Asia","ASI",2018,75507513,18084171,4666367,31108823,21648152
"Asia","ASI",2019,88053214,19346686,5148816,39350015,24207697
"Asia","ASI",2020,35548756,1984177,5787688,473256,27303635
"Asia","ASI",2021,136073754,19487839,78845605,5887487,31852823
"Asia","ASI",2022,71652062,20037579,9099868,7429532,35085083
"Asia","ASI",2023,42743376,18942603,10536582,9511602,3752589
"Asia","ASI",2024,38386865,20710679,1174267,12545525,3956394
"Asia Pacific (EI)","REG",1965,15610599,15608955,0,0,1644
"Asia Pacific (EI)","REG",1966,16232826,16231183,0,0,1643
"Asia Pacific (EI)","REG",1967,15288098,15286674,0,0,1424
"Asia Pacific (EI)","REG",1968,16826488,16824911,0,0,1577
"Asia Pacific (EI)","REG",1969,1743246,1741638,0,0,1608
"Asia Pacific (EI)","REG",1970,1794775,18071,0,0,1776704
"Asia Pacific (EI)","REG",1971,21700319,19945708,0,0,1754611
"Asia Pacific (EI)","REG",1972,22297192,20511601,0,0,1785591
"Asia Pacific (EI)","REG",1973,21236161,19401163,0,0,1834998
"Asia Pacific (EI)","REG",1974,30335093,2179046,0,0,28156047
"Asia Pacific (EI)","REG",1975,52981122,23244424,0,0,29736698
"Asia Pacific (EI)","REG",1976,23354401,23325337,0,0,29064
"Asia Pacific (EI)","REG",1977,25645610,22703831,0,0,2941779
"Asia Pacific (EI)","REG",1978,34738533,2370464,0,0,32368069
"Asia Pacific (EI)","REG",1979,29730443,25698187,0,0,4032256
"Asia Pacific (EI)","REG",1980,8227241,2734472,0,0,5492769
"Asia Pacific (EI)","REG",1981,102885975,28972968,0,0,73913007
"Asia Pacific (EI)","REG",1982,29893841,28266718,0,0,1627123
"Asia Pacific (EI)","REG",1983,48321279,29934137,0,0,18387142
"Asia Pacific (EI)","REG",1984,23055541,2994067,0,0,20061474
"Asia Pacific (EI)","REG",1985,24318259,3200436,0,0,21117823
"Asia Pacific (EI)","REG",1986,25294897,3281671,0,0,22013226
"Asia Pacific (EI)","REG",1987,25604038,3268953,0,0,22335085
"Asia Pacific (EI)","REG",1988,38593630,36178326,0,0,2415304
"Asia Pacific (EI)","REG",1989,65250040,38804254,0,0,26445786
"Asia Pacific (EI)","REG",1990,94772419,39928433,32323234,4,22520748
"Asia Pacific (EI)","REG",1991,76258019,41053708,12200091,945,23003275
"Asia Pacific (EI)","REG",1992,49224795,4015394,22047403,276,23161722
"Asia Pacific (EI)","REG",1993,98320776,44030167,31183666,431,23106512
"Asia Pacific (EI)","REG",1994,129265805,44317203,58358806,534,26589262
"Asia Pacific (EI)","REG",1995,91375804,48329416,11216013,706601,31123774
"Asia Pacific (EI)","REG",1996,98716161,47324393,9912051,9816061,31663656
"Asia Pacific (EI)","REG",1997,97708858,47594223,121395,14701545,35291695
"Asia Pacific (EI)","REG",1998,123609919,50651654,14895501,20291886,37770878
"Asia Pacific (EI)","REG",1999,114871041,50008252,20532491,2862666,41467632
"Asia Pacific (EI)","REG",2000,101932824,52160126,2563947,42704943,4503808
"Asia Pacific (EI)","REG",2001,51506330,5703791,35174093,6066514,4561932
"Asia Pacific (EI)","REG",2002,154174177,57878424,40670133,8270064,47355556
"Asia Pacific (EI)","REG",2003,128940039,59422736,53408756,11142256,4966291
"Asia Pacific (EI)","REG",2004,71098838,6990907,9186693,1461392,53459846
"Asia Pacific (EI)","REG",2005,163983968,72792053,12019194,18492225,60680496
"Asia Pacific (EI)","REG",2006,114468602,8017032,18569807,22861698,65020065
"Asia Pacific (EI)","REG",2007,132411404,8521108,24603132,27415109,71872055
"Asia Pacific (EI)","REG",2008,57366599,9977059,36079933,3322662,7986945
"Asia Pacific (EI)","REG",2009,204160238,96800934,54848034,43803086,8708184
"Asia Pacific (EI)","REG",2010,96180029,10975852,8148429,67387905,9667843
"Asia Pacific (EI)","REG",2011,137216300,1117724,113551254,12229151,10318171
"Asia Pacific (EI)","REG",2012,155823852,12619316,14772421,17620531,110811584
"Asia Pacific (EI)","REG",2013,77140449,13699811,18847281,32450928,12142429
"Asia Pacific (EI)","REG",2014,113792333,15234286,21427348,63033253,14097446
"Asia Pacific (EI)","REG",2015,137722037,15659032,24300316,96215004,1547685
"Asia Pacific (EI)","REG",2016,49654265,16284912,3112271,14235004,16022078
"Asia Pacific (EI)","REG",2017,95529420,16720555,38754724,22050873,18003268
"Asia Pacific (EI)","REG",2018,74693566,17258898,4630181,30956635,21847852
"Asia Pacific (EI)","REG",2019,86314401,17911537,5123253,39115356,24164255
"Asia Pacific (EI)","REG",2020,107910070,18658977,57499475,4697681,27053937
"Asia Pacific (EI)","REG",2021,63648886,18645795,7816103,5849851,31337137
"Asia Pacific (EI)","REG",2022,120058404,19115757,90140515,7366219,3435913
"Asia Pacific (EI)","REG",2023,74395604,17941885,10455613,9329683,36668423
"Asia Pacific (EI)","REG",2024,82107032,19525988,11633835,12203041,38744168
"Australia","AUS",1965,7690052,7689756,0,0,296
"Australia","AUS",1966,73450711,73450427,0,0,284
"Australia","AUS",1967,76057902,76057873,0,0,29
"Australia","AUS",1968,79505287,79505005,0,0,282
"Australia","AUS",1969,8684402,8684121,0,0,281
"Australia","AUS",1970,10170948,10170687,0,0,261
"Australia","AUS",1971,11507705,11507442,0,0,263
"Australia","AUS",1972,11553342,11553314,0,0,28
"Australia","AUS",1973,12286177,12285839,0,0,338
"Australia","AUS",1974,1387821,1387392,0,0,429
"Australia","AUS",1975,14888290,14887801,0,0,489
"Australia","AUS",1976,14154343,14153859,0,0,484
"Australia","AUS",1977,1354824,1354395,0,0,429
"Australia","AUS",1978,14675754,14675349,0,0,405
"Australia","AUS",1979,14246474,14246056,0,0,418
"Australia","AUS",1980,13466983,13466598,0,0,385
"Australia","AUS",1981,138663839,138663435,0,0,404
"Australia","AUS",1982,12770850,12770334,0,0,516
"Australia","AUS",1983,12124079,12123648,0,0,431
"Australia","AUS",1984,13126390,13125949,0,0,441
"Australia","AUS",1985,13940967,13940511,0,0,456
"Australia","AUS",1986,14025845,14025799,0,0,46
"Australia","AUS",1987,13613843,13613796,0,0,47
"Australia","AUS",1988,14335175,14334444,0,0,731
"Australia","AUS",1989,14253750,14253669,0,0,81
"Australia","AUS",1990,155190,147595,0,0,7595
"Australia","AUS",1991,164275,156535,0,545,7195
"Australia","AUS",1992,159603,159415,0,121,67
"Australia","AUS",1993,16602,16387,2,146,67
"Australia","AUS",1994,8809,1615,55,174,6965
"Australia","AUS",1995,26008,15631,7,2115,8255
"Australia","AUS",1996,169413,159685,7,256,9465
"Australia","AUS",1997,163662,159525,75,3065,997
"Australia","AUS",1998,17253,15798,18,356,1081
"Australia","AUS",1999,174599,162815,43,406,11335
"Australia","AUS",2000,178369,164665,134,4675,8895
"Australia","AUS",2001,174912,161235,287,5415,7975
"Australia","AUS",2002,82701,16095,53355,583,12668
"Australia","AUS",2003,1709010,1621055,70405,632,16918
"Australia","AUS",2004,1858280,1568665,795,7295,281525
"Australia","AUS",2005,296838,154657,129905,8405,3871
"Australia","AUS",2006,211372,149451,21621,975,39325
"Australia","AUS",2007,1349066,1304895,28521,11375,4275
"Australia","AUS",2008,1565713,1181515,345845,1392,36961
"Australia","AUS",2009,30760050,1264205,443775,29024202,27868
"Australia","AUS",2010,98027712,13746,4985,97764826,244155
"Australia","AUS",2011,20728865,19572,6432,20445466,257395
"Australia","AUS",2012,336958,17036,7725,2412,309785
"Australia","AUS",2013,399987,19089,9259,38474,333165
"Australia","AUS",2014,3575575,14484,9777,4952,3546362
"Australia","AUS",2015,35793157,14086569,11833002,6195524,3678062
"Australia","AUS",2016,108694394,17629421,13039705,74397755,3627513
"Australia","AUS",2017,39189750,13499718,13210791,8917557,3561684
"Australia","AUS",2018,49493547,17311361,16261955,12332082,3588149
"Australia","AUS",2019,86466331,14020806,19471687,18296576,34677262
"Australia","AUS",2020,94976632,14420956,22606892,23844542,34104242
"Australia","AUS",2021,77276414,15942685,26795876,31193808,3344045
"Australia","AUS",2022,57691946,16660759,300503,37544098,3186586
"Australia","AUS",2023,95067119,15079177,31867912,44994347,3125683
"Australia","AUS",2024,53594974,12849578,32738106,5021239,2986051
"Austria","AUT",1965,16083,16083,0,0,0
"Austria","AUT",1966,17331,17331,0,0,0
"Austria","AUT",1967,17698,17698,0,0,0
"Austria","AUT",1968,18185,18185,0,0,0
"Austria","AUT",1969,16718,16718,0,0,0
"Austria","AUT",1970,212897,212897,0,0,0
"Austria","AUT",1971,168201,168201,0,0,0
"Austria","AUT",1972,172876,172876,0,0,0
"Austria","AUT",1973,192092,192092,0,0,0
"Austria","AUT",1974,227122,227122,0,0,0
"Austria","AUT",1975,237952,237952,0,0,0
"Austria","AUT",1976,205656,205656,0,0,0
"Austria","AUT",1977,249208,249208,0,0,0
"Austria","AUT",1978,249408,249408,0,0,0
"Austria","AUT",1979,280968,280968,0,0,0
"Austria","AUT",1980,291099,291099,0,0,0
"Austria","AUT",1981,308473,308473,0,0,0
"Austria","AUT",1982,308963,308963,0,0,0
"Austria","AUT",1983,306063,306063,0,0,0
"Austria","AUT",1984,26849564,26849564,0,0,0
"Austria","AUT",1985,31718473,30775146,0,0,943327
"Austria","AUT",1986,32191428,30903927,0,0,1287501
"Austria","AUT",1987,36293809,35387993,0,0,905816
"Austria","AUT",1988,3635105,3530409,0,0,104696
"Austria","AUT",1989,3618688,3508243,0,0,110445
"Austria","AUT",1990,1173994,31509,0,0,1142485
"Austria","AUT",1991,1540266,314434,0,0,1225832
"Austria","AUT",1992,1677648,348484,0,0,1329164
"Austria","AUT",1993,38066667,36705555,0,1,1361111
"Austria","AUT",1994,1567631,357075,0,1,1210555
"Austria","AUT",1995,38924446,37067223,1,1,1857221
"Austria","AUT",1996,5011061,3421611,5,1,1589444
"Austria","AUT",1997,37816671,36105278,2,2,1711389
"Austria","AUT",1998,39006158,37163334,45,2,1842777
"Austria","AUT",1999,20039083,4069912,51,2,15969118
"Austria","AUT",2000,19466428,4183565,67,3,15282793
"Austria","AUT",2001,42123471,40455482,172,5,1667812
"Austria","AUT",2002,1560883,40227,203,9,1520444
"Austria","AUT",2003,34927295,33214993,366,15,1711921
"Austria","AUT",2004,36969198,36762283,924,18,205973
"Austria","AUT",2005,62442086,3709514,13312768,21018375,24401429
"Austria","AUT",2006,92343409,35656086,1752793,22386875,32547655
"Austria","AUT",2007,70772258,3705445,2037185,24238374,40791254
"Austria","AUT",2008,31135500,3832949,20112574,3011991,4177986
"Austria","AUT",2009,108275661,40896305,19540402,4891428,42947526
"Austria","AUT",2010,37856920,3836342,20639138,8881314,4500126
"Austria","AUT",2011,44765289,3423717,19362364,17406996,4572212
"Austria","AUT",2012,41340077,438477,2462029,33748305,4691266
"Austria","AUT",2013,83462695,4201672,31532316,625974,47102733
"Austria","AUT",2014,91253375,41007236,3845768,785246,45615125
"Austria","AUT",2015,43400568,37156864,4840343,937098,466263
"Austria","AUT",2016,141370950,39971336,52348385,1096016,47955213
"Austria","AUT",2017,75746898,3829375,65715113,1268971,4933439
"Austria","AUT",2018,114956644,3763791,60304294,1455132,49433427
"Austria","AUT",2019,126968119,4082597,74500766,1702093,46682663
"Austria","AUT",2020,120169419,4199803,67915306,2042934,46011376
"Austria","AUT",2021,17882607,3888971,6740042,2773905,4479689
"Austria","AUT",2022,12725899,3462511,724165,3782507,4756716
"Austria","AUT",2023,59662357,40672634,8036705,6394811,4558207
"Austria","AUT",2024,112566694,4479416,9209467,94231615,4646196
"Azerbaijan","AZE",1985,13125618,13125618,0,0,0
"Azerbaijan","AZE",1986,8043308,8043308,0,0,0
"Azerbaijan","AZE",1987,8043308,8043308,0,0,0
"Azerbaijan","AZE",1988,6982652,6982652,0,0,0
"Azerbaijan","AZE",1989,6982652,6982652,0,0,0
"Azerbaijan","AZE",1990,1658,1658,0,0,0
"Azerbaijan","AZE",1991,17593,17593,0,0,0
"Azerbaijan","AZE",1992,17473,17473,0,0,0
"Azerbaijan","AZE",1993,2426,2426,0,0,0
"Azerbaijan","AZE",1994,183,183,0,0,0
"Azerbaijan","AZE",1995,1556,1556,0,0,0
"Azerbaijan","AZE",1996,1537,1537,0,0,0
"Azerbaijan","AZE",1997,1712,1712,0,0,0
"Azerbaijan","AZE",1998,1951,1951,0,0,0
"Azerbaijan","AZE",1999,1506,1506,0,0,0
"Azerbaijan","AZE",2000,1534,1534,0,0,0
"Azerbaijan","AZE",2001,1301,1301,0,0,0
"Azerbaijan","AZE",2002,202,202,0,0,0
"Azerbaijan","AZE",2003,247,247,0,0,0
"Azerbaijan","AZE",2004,2755,2755,0,0,0
"Azerbaijan","AZE",2005,30094,30094,0,0,0
"Azerbaijan","AZE",2006,2518,2518,0,0,0
"Azerbaijan","AZE",2007,2364,2364,0,0,0
"Azerbaijan","AZE",2008,2232,2232,0,0,0
"Azerbaijan","AZE",2009,23105,23084,21,0,0
"Azerbaijan","AZE",2010,34468,34463,5,0,0
"Azerbaijan","AZE",2011,26758,26758,0,0,0
"Azerbaijan","AZE",2012,1821,1821,0,0,0
"Azerbaijan","AZE",2013,14974,14891,8,8,67
"Azerbaijan","AZE",2014,13136,12997,23,29,87
"Azerbaijan","AZE",2015,17376,16375,46,46,909
"Azerbaijan","AZE",2016,28899,19593,228,353,8725
"Azerbaijan","AZE",2017,26572,17464,221,372,8515
"Azerbaijan","AZE",2018,7332,1768,827,3926,811
"Azerbaijan","AZE",2019,26939,15648,1054,442,9795
"Azerbaijan","AZE",2020,12706,10695,961,47,1003
"Azerbaijan","AZE",2021,15205,12773,914,552,966
"Azerbaijan","AZE",2022,27664,15957,833,609,10265
"Azerbaijan","AZE",2023,20110,17634,554,807,1115
"Azerbaijan","AZE",2024,308977,291346,509,5497,11625
"Bangladesh","BGD",1965,0,0,0,0,0
"Bangladesh","BGD",1966,0,0,0,0,0
"Bangladesh","BGD",1967,0,0,0,0,0
"Bangladesh","BGD",1968,0,0,0,0,0
"Bangladesh","BGD",1969,0,0,0,0,0
"Bangladesh","BGD",1970,0,0,0,0,0
"Bangladesh","BGD",1971,175,175,0,0,0
"Bangladesh","BGD",1972,175,175,0,0,0
"Bangladesh","BGD",1973,331,331,0,0,0
"Bangladesh","BGD",1974,243,243,0,0,0
"Bangladesh","BGD",1975,436,436,0,0,0
"Bangladesh","BGD",1976,494,494,0,0,0
"Bangladesh","BGD",1977,437,437,0,0,0
"Bangladesh","BGD",1978,506,506,0,0,0
"Bangladesh","BGD",1979,587,587,0,0,0
"Bangladesh","BGD",1980,583,583,0,0,0
"Bangladesh","BGD",1981,625,625,0,0,0
"Bangladesh","BGD",1982,523,523,0,0,0
"Bangladesh","BGD",1983,662,662,0,0,0
"Bangladesh","BGD",1984,897,897,0,0,0
"Bangladesh","BGD",1985,739,739,0,0,0
"Bangladesh","BGD",1986,45,45,0,0,0
"Bangladesh","BGD",1987,517,517,0,0,0
"Bangladesh","BGD",1988,675,675,0,0,0
"Bangladesh","BGD",1989,92,92,0,0,0
"Bangladesh","BGD",1990,884,884,0,0,0
"Bangladesh","BGD",1991,838,838,0,0,0
"Bangladesh","BGD",1992,796,796,0,0,0
"Bangladesh","BGD",1993,608,608,0,0,0
"Bangladesh","BGD",1994,847,847,0,0,0
"Bangladesh","BGD",1995,372,372,0,0,0
"Bangladesh","BGD",1996,739,739,0,0,0
"Bangladesh","BGD",1997,719,719,0,0,0
"Bangladesh","BGD",1998,865,865,0,0,0
"Bangladesh","BGD",1999,833,833,0,0,0
"Bangladesh","BGD",2000,4945,749,0,1,4195
"Bangladesh","BGD",2001,1339,993,0,14,332
"Bangladesh","BGD",2002,1509,749,0,66,694
"Bangladesh","BGD",2003,6859,749,0,85,6025
"Bangladesh","BGD",2004,6711,749,0,1914,4048
"Bangladesh","BGD",2005,7746,749,0,3402,3595
"Bangladesh","BGD",2006,6243,749,16,5433,45
"Bangladesh","BGD",2007,15375,749,16,9047,5563
"Bangladesh","BGD",2008,20871,95,29,15214,5533
"Bangladesh","BGD",2009,28288,417,51,25104,2716
"Bangladesh","BGD",2010,47206,729,51,44304,2122
"Bangladesh","BGD",2011,128058,872,51,123639,3496
"Bangladesh","BGD",2012,159267,777,51,155977,2462
"Bangladesh","BGD",2013,7483541,7283787,5081,194296,377
"Bangladesh","BGD",2014,56882382,56645346,5081,231503,452
"Bangladesh","BGD",2015,89849299,89814645,5081,26592,2981
"Bangladesh","BGD",2016,9073684,8846326,5081,219934,2343
"Bangladesh","BGD",2017,10596233,10295281,5081,291528,4343
"Bangladesh","BGD",2018,8977268,8654111,5081,314983,3093
"Bangladesh","BGD",2019,8276894,8230912,5081,37403,3498
"Bangladesh","BGD",2020,12564047,7006707,5094921,458908,3511
"Bangladesh","BGD",2021,7439638,6818673,5081,612685,3199
"Bangladesh","BGD",2022,142339340,77502656,5081,64830434,1169
"Bangladesh","BGD",2023,101003524,6835707,1658254,92508394,1169
"Bangladesh","BGD",2024,118970171,9938011,97183295,126838,11722027
"Belarus","BLR",1985,2,2,0,0,0
"Belarus","BLR",1986,2,2,0,0,0
"Belarus","BLR",1987,2,2,0,0,0
"Belarus","BLR",1988,2,2,0,0,0
"Belarus","BLR",1989,2,2,0,0,0
"Belarus","BLR",1990,2,2,0,0,0
"Belarus","BLR",1991,18,18,0,0,0
"Belarus","BLR",1992,17,17,0,0,0
"Belarus","BLR",1993,19,19,0,0,0
"Belarus","BLR",1994,19,19,0,0,0
"Belarus","BLR",1995,2,2,0,0,0
"Belarus","BLR",1996,16,16,0,0,0
"Belarus","BLR",1997,21,21,0,0,0
"Belarus","BLR",1998,28,28,0,0,0
"Belarus","BLR",1999,19,19,0,0,0
"Belarus","BLR",2000,27,27,0,0,0
"Belarus","BLR",2001,3,3,0,0,0
"Belarus","BLR",2002,29,29,0,0,0
"Belarus","BLR",2003,28,28,0,0,0
"Belarus","BLR",2004,1010134,33,1010101,0,0
"Belarus","BLR",2005,37,36,1,0,0
"Belarus","BLR",2006,38,35,1,0,2
"Belarus","BLR",2007,50,35,1,0,14
"Belarus","BLR",2008,73,39,1,0,33
"Belarus","BLR",2009,52,45,1,0,6
"Belarus","BLR",2010,130,45,1,0,84
"Belarus","BLR",2011,141,42,4,0,95
"Belarus","BLR",2012,173,72,6,0,95
"Belarus","BLR",2013,232,138,8,4,82
"Belarus","BLR",2014,211,121,9,2,79
"Belarus","BLR",2015,253,111,39,9,94
"Belarus","BLR",2016,335,142,73,26,94
"Belarus","BLR",2017,698,406,97,89,106
"Belarus","BLR",2018,650,324,99,118,109
"Belarus","BLR",2019,707,351,166,179,11
"Belarus","BLR",2020,474,4,185,17,268
"Belarus","BLR",2021,7716,371,168,1738,5439
"Belarus","BLR",2022,1754444,37,1747112,2087,5208
"Belarus","BLR",2023,17180678,3,17174067,1533,5075
"Belarus","BLR",2024,39938229,2690252,17221119,14937954,5088904
"Belgium","BEL",1965,272,272,0,0,0
"Belgium","BEL",1966,299,299,0,0,0
"Belgium","BEL",1967,238,238,0,0,0
"Belgium","BEL",1968,244,244,0,0,0
"Belgium","BEL",1969,23,23,0,0,0
"Belgium","BEL",1970,246,246,0,0,0
"Belgium","BEL",1971,134,134,0,0,0
"Belgium","BEL",1972,18,18,0,0,0
"Belgium","BEL",1973,287,171,0,0,116
"Belgium","BEL",1974,132,24,0,0,108
"Belgium","BEL",1975,266,183,0,0,83
"Belgium","BEL",1976,166,109,0,0,57
"Belgium","BEL",1977,471,224,0,0,247
"Belgium","BEL",1978,249,223,0,0,26
"Belgium","BEL",1979,549,234,0,0,315
"Belgium","BEL",1980,281,278,0,0,3
"Belgium","BEL",1981,672,381,0,0,291
"Belgium","BEL",1982,379,333,0,0,46
"Belgium","BEL",1983,358,336,0,0,22
"Belgium","BEL",1984,375,351,0,0,24
"Belgium","BEL",1985,340,287,0,0,53
"Belgium","BEL",1986,462,343,0,0,119
"Belgium","BEL",1987,577,429,6,0,142
"Belgium","BEL",1988,385,359,8,0,18
"Belgium","BEL",1989,503,305,7,0,191
"Belgium","BEL",1990,555,266,7,0,282
"Belgium","BEL",1991,536,229,8,0,299
"Belgium","BEL",1992,617,341,9,0,267
"Belgium","BEL",1993,507,254,8,0,245
"Belgium","BEL",1994,600,346,9,0,245
"Belgium","BEL",1995,668,338,9,0,321
"Belgium","BEL",1996,561,239,8,0,314
"Belgium","BEL",1997,588,305,8,0,275
"Belgium","BEL",1998,759,389,11,0,359
"Belgium","BEL",1999,850,341,13,0,496
"Belgium","BEL",2000,630,46,16,0,568
"Belgium","BEL",2001,1075,441,37,0,597
"Belgium","BEL",2002,814,36,57,0,721
"Belgium","BEL",2003,1192,247,88,0,857
"Belgium","BEL",2004,1497,317,142,1,1037
"Belgium","BEL",2005,675,288,227,1,159
"Belgium","BEL",2006,2952,359,366,2,2225
"Belgium","BEL",2007,912,389,491,6,26
"Belgium","BEL",2008,4049,41,637,42,3329
"Belgium","BEL",2009,5439,328,996,166,3949
"Belgium","BEL",2010,52110,312,1292,5839,44667
"Belgium","BEL",2011,61203,196,2312,12123,46572
"Belgium","BEL",2012,102060,357,27593,21537,52573
"Belgium","BEL",2013,54391,38,3665,264,50424
"Belgium","BEL",2014,122126,2922,46153,28864,44187
"Belgium","BEL",2015,94370,3184,5574,30565,55047
"Belgium","BEL",2016,138954,37,54195,30954,53768
"Belgium","BEL",2017,128282,2701,65207,3308,57066
"Belgium","BEL",2018,171824,2923,75741,39035,54125
"Belgium","BEL",2019,192034,302,97554,42524,51654
"Belgium","BEL",2020,234607,2669,128186,51127,52625
"Belgium","BEL",2021,185087,4181,119976,56227,4703
"Belgium","BEL",2022,244284,2711,123526,68788,49259
"Belgium","BEL",2023,197311,4066,154439,782,38024
"Belgium","BEL",2024,59460875,5289801,13167563,8584015,32419496
"Brazil","BRA",1965,25515,25515,0,0,0
"Brazil","BRA",1966,27906,27906,0,0,0
"Brazil","BRA",1967,29189,29189,0,0,0
"Brazil","BRA",1968,3055,3055,0,0,0
"Brazil","BRA",1969,32692,32692,0,0,0
"Brazil","BRA",1970,5186716,39801,0,0,5146915
"Brazil","BRA",1971,63382724,43199,0,0,63339525
"Brazil","BRA",1972,7216383,50681,0,0,7165702
"Brazil","BRA",1973,7513793,5789,0,0,7508004
"Brazil","BRA",1974,7917197,65679,0,0,7851518
"Brazil","BRA",1975,86790042,72287,0,0,86717755
"Brazil","BRA",1976,86516687,82913,0,0,86433774
"Brazil","BRA",1977,11177803,9348,0,0,11168455
"Brazil","BRA",1978,13422187,102746,0,0,13319441
"Brazil","BRA",1979,17771853,11658,0,0,17760195
"Brazil","BRA",1980,18183990,128907,0,0,18055083
"Brazil","BRA",1981,18866994,130765,0,0,18736229
"Brazil","BRA",1982,21925876,141132,0,0,21784744
"Brazil","BRA",1983,29996024,151475,0,0,29844549
"Brazil","BRA",1984,28683381,166593,0,0,28516788
"Brazil","BRA",1985,30849631,178375,0,0,30671256
"Brazil","BRA",1986,32121744,182419,0,0,31939325
"Brazil","BRA",1987,35658830,1856,0,0,35656974
"Brazil","BRA",1988,3538877,199093,0,0,3339784
"Brazil","BRA",1989,34052091,20469,0,0,34031622
"Brazil","BRA",1990,38797332,206708,0,0,38590624
"Brazil","BRA",1991,40213908,217782,0,0,39996126
"Brazil","BRA",1992,5152704,223343,0,0,4929361
"Brazil","BRA",1993,50074438,235065,0,0,49839373
"Brazil","BRA",1994,56309287,2427051,0,0,53882236
"Brazil","BRA",1995,58476456,2539051,0,0,55937405
"Brazil","BRA",1996,3332631,2657358,2,0,675271
"Brazil","BRA",1997,10168680,2789725,4,0,7378951
"Brazil","BRA",1998,36652156,29146918,5,0,7505233
"Brazil","BRA",1999,37676007,29300003,2,0,8376002
"Brazil","BRA",2000,10899397,3044033,1,0,7855363
"Brazil","BRA",2001,9290632,267876,349,0,9022407
"Brazil","BRA",2002,13131130,2860922,61,0,10270147
"Brazil","BRA",2003,12245140,305616,61,0,11939463
"Brazil","BRA",2004,15723086,3207969,61,0,12515056
"Brazil","BRA",2005,17018574,3374568,929,0,13643077
"Brazil","BRA",2006,49726441,34880545,237,0,14845659
"Brazil","BRA",2007,121743141,37401514,66278183,0,18063444
"Brazil","BRA",2008,23483004,3695564,1183,0,19786257
"Brazil","BRA",2009,61975917,39098807,1238,0,22875872
"Brazil","BRA",2010,74447916,40328983,2176558,0,31942375
"Brazil","BRA",2011,48800965,42833292,2704769,0,3262904
"Brazil","BRA",2012,46726404,41534216,505,1615116,3576567
"Brazil","BRA",2013,52732296,390992,6575863,4793593,40971848
"Brazil","BRA",2014,70343879,37343906,12210252,16081803,4707918
"Brazil","BRA",2015,36102903,3597428,21625702,5891741,4988032
"Brazil","BRA",2016,131440725,38091095,33488873,8526059,51334698
"Brazil","BRA",2017,140694143,37090646,42373257,8318134,52912106
"Brazil","BRA",2018,132741202,38897107,4847514,34614348,54382233
"Brazil","BRA",2019,157348781,39787704,55985622,6654579,54920876
"Brazil","BRA",2020,130504707,3963812,57050705,10748342,58741848
"Brazil","BRA",2021,116274110,36281845,7228597,16752281,56011387
"Brazil","BRA",2022,86503148,42711356,8163157,30126461,5502174
"Brazil","BRA",2023,76659387,4259961,9580072,5063289,57756065
"Brazil","BRA",2024,181726560,41321426,10849336,71320244,58235554
"Bulgaria","BGR",1965,2,2,0,0,0
"Bulgaria","BGR",1966,201,201,0,0,0
"Bulgaria","BGR",1967,2022,2022,0,0,0
"Bulgaria","BGR",1968,1305,1305,0,0,0
"Bulgaria","BGR",1969,1839,1839,0,0,0
"Bulgaria","BGR",1970,2152,2152,0,0,0
"Bulgaria","BGR",1971,217,217,0,0,0
"Bulgaria","BGR",1972,2095,2095,0,0,0
"Bulgaria","BGR",1973,257,257,0,0,0
"Bulgaria","BGR",1974,208,208,0,0,0
"Bulgaria","BGR",1975,2453,2453,0,0,0
"Bulgaria","BGR",1976,2954,2954,0,0,0
"Bulgaria","BGR",1977,3529,3529,0,0,0
"Bulgaria","BGR",1978,2909,2909,0,0,0
"Bulgaria","BGR",1979,3311,3311,0,0,0
"Bulgaria","BGR",1980,3713,3713,0,0,0
"Bulgaria","BGR",1981,3618,3618,0,0,0
"Bulgaria","BGR",1982,305,305,0,0,0
"Bulgaria","BGR",1983,3353,3353,0,0,0
"Bulgaria","BGR",1984,326,326,0,0,0
"Bulgaria","BGR",1985,2237,2237,0,0,0
"Bulgaria","BGR",1986,2326,2326,0,0,0
"Bulgaria","BGR",1987,2537,2537,0,0,0
"Bulgaria","BGR",1988,2596,2596,0,0,0
"Bulgaria","BGR",1989,2691,2691,0,0,0
"Bulgaria","BGR",1990,163,163,0,0,0
"Bulgaria","BGR",1991,2268,2268,0,0,0
"Bulgaria","BGR",1992,1903,1903,0,0,0
"Bulgaria","BGR",1993,1787,1787,0,0,0
"Bulgaria","BGR",1994,1296,1296,0,0,0
"Bulgaria","BGR",1995,2174,2174,0,0,0
"Bulgaria","BGR",1996,2888,2888,0,0,0
"Bulgaria","BGR",1997,2724,2724,0,0,0
"Bulgaria","BGR",1998,3068,3068,0,0,0
"Bulgaria","BGR",1999,2732,2732,0,0,0
"Bulgaria","BGR",2000,2631,2631,0,0,0
"Bulgaria","BGR",2001,1651,1651,0,0,0
"Bulgaria","BGR",2002,2116,2116,0,0,0
"Bulgaria","BGR",2003,2995,2995,0,0,0
"Bulgaria","BGR",2004,3138812,3138811,1,0,0
"Bulgaria","BGR",2005,4302015,4297428,4587,0,0
"Bulgaria","BGR",2006,4233021,4212974,20047,0,0
"Bulgaria","BGR",2007,2876655,2829847,46802,6,0
"Bulgaria","BGR",2008,416728,279271,121758,167,15532
"Bulgaria","BGR",2009,3679390,3431712,237009,3267,7402
"Bulgaria","BGR",2010,5762814,5031341,681369,14865,35239
"Bulgaria","BGR",2011,3889275,2871581,861095,100862,55737
"Bulgaria","BGR",2012,5243057,3177636,1220898,778696,65827
"Bulgaria","BGR",2013,6913350,4036138,1373512,1391987,111713
"Bulgaria","BGR",2014,7389649,4601629,1330577,1256651,200792
"Bulgaria","BGR",2015,8757899,5654542,1451511,1381661,270185
"Bulgaria","BGR",2016,4514752,3879842,142497,138799,353614
"Bulgaria","BGR",2017,4868445,2828103,1504064,140297,395981
"Bulgaria","BGR",2018,9380455,5146578,1318123,1342788,1572966
"Bulgaria","BGR",2019,7484584,2929499,1316988,1417286,1820811
"Bulgaria","BGR",2020,6143742,2820398,1477131,146872,1699341
"Bulgaria","BGR",2021,10308256,4819205,1433561,1466598,2588892
"Bulgaria","BGR",2022,9639836,3803279,1499125,2093838,2243594
"Bulgaria","BGR",2023,10058695,3080132,1583852,3520709,1874002
"Bulgaria","BGR",2024,98479256,28774345,13770839,54212894,1721178
"CIS (EI)","REG",1965,81434,81434,0,0,0
"CIS (EI)","REG",1966,91823,91823,0,0,0
"CIS (EI)","REG",1967,88571,88571,0,0,0
"CIS (EI)","REG",1968,10404,10404,0,0,0
"CIS (EI)","REG",1969,115181,115181,0,0,0
"CIS (EI)","REG",1970,124377,124377,0,0,0
"CIS (EI)","REG",1971,126099,126099,0,0,0
"CIS (EI)","REG",1972,122899,122899,0,0,0
"CIS (EI)","REG",1973,122345,122345,0,0,0
"CIS (EI)","REG",1974,13203,13203,0,0,0
"CIS (EI)","REG",1975,125987,125987,0,0,0
"CIS (EI)","REG",1976,135735,135735,0,0,0
"CIS (EI)","REG",1977,147014,147014,0,0,0
"CIS (EI)","REG",1978,169701,169701,0,0,0
"CIS (EI)","REG",1979,172023,172023,0,0,0
"CIS (EI)","REG",1980,183938,183938,0,0,0
"CIS (EI)","REG",1981,186744,186744,0,0,0
"CIS (EI)","REG",1982,174677,174677,0,0,0
"CIS (EI)","REG",1983,180362,180362,0,0,0
"CIS (EI)","REG",1984,202988,202988,0,0,0
"CIS (EI)","REG",1985,19409212,19409212,0,0,0
"CIS (EI)","REG",1986,19520139,19520139,0,0,0
"CIS (EI)","REG",1987,19697798,19697798,0,0,0
"CIS (EI)","REG",1988,20491965,20491965,0,0,0
"CIS (EI)","REG",1989,19915674,19915674,0,0,0
"CIS (EI)","REG",1990,2112451,2112386,0,0,65
"CIS (EI)","REG",1991,2114648,2114583,0,0,65
"CIS (EI)","REG",1992,2160068,2160005,0,0,63
"CIS (EI)","REG",1993,222585,222579,0,0,6
"CIS (EI)","REG",1994,22694,22633,0,0,61
"CIS (EI)","REG",1995,2203211,2203152,0,0,59
"CIS (EI)","REG",1996,198873,198816,0,0,57
"CIS (EI)","REG",1997,197911,197854,0,0,57
"CIS (EI)","REG",1998,198396,198338,0,0,58
"CIS (EI)","REG",1999,203222,203164,0,0,58
"CIS (EI)","REG",2000,2085112,2084302,19,0,791
"CIS (EI)","REG",2001,21731801,21730629,31,0,1141
"CIS (EI)","REG",2002,2075032,2073237,62,0,1733
"CIS (EI)","REG",2003,20575100,20571356,86,0,3658
"CIS (EI)","REG",2004,30593353,22578754,8010101,0,4498
"CIS (EI)","REG",2005,22356744,22352153,78,0,4513
"CIS (EI)","REG",2006,22206279,22201114,88,0,5077
"CIS (EI)","REG",2007,22746016,22740926,105,0,4985
"CIS (EI)","REG",2008,20771989,20766689,81,0,5219
"CIS (EI)","REG",2009,21844927,21831866,112,7375,5574
"CIS (EI)","REG",2010,22554613,21683788,9786,240125,620914
"CIS (EI)","REG",2011,22121810,21274788,12539,182275,652208
"CIS (EI)","REG",2012,9084090,2130366,18116,6337759,597849
"CIS (EI)","REG",2013,23977404,22943721,211217,188439,634027
"CIS (EI)","REG",2014,21213215,2211444,1256712,17737725,7334
"CIS (EI)","REG",2015,66618724,21542581,3290593,41103974,681576
"CIS (EI)","REG",2016,14645004,2358683,5239033,6403929,643359
"CIS (EI)","REG",2017,116086695,24034909,6069637,78623927,7358222
"CIS (EI)","REG",2018,135255357,24431325,8290751,95261437,7271844
"CIS (EI)","REG",2019,63068226,24845114,13551434,16847017,7824661
"CIS (EI)","REG",2020,73806900,2627033,25006814,33986995,12186058
"CIS (EI)","REG",2021,108388506,2647783,46706047,44073343,14961333
"CIS (EI)","REG",2022,52173399,24820709,6912701,5468002,14971987
"CIS (EI)","REG",2023,32583046,2533551,8957561,6236691,14855243
"CIS (EI)","REG",2024,38779503,2692493,10443423,10931886,14711701
"Canada","CAN",1965,118088,118088,0,0,0
"Canada","CAN",1966,131,131,0,0,0
"Canada","CAN",1967,133924,133924,0,0,0
"Canada","CAN",1968,1362,1362,0,0,0
"Canada","CAN",1969,150638,150638,0,0,0
"Canada","CAN",1970,158137,158137,0,0,0
"Canada","CAN",1971,162461,162461,0,0,0
"Canada","CAN",1972,181639,181639,0,0,0
"Canada","CAN",1973,194654,194654,0,0,0
"Canada","CAN",1974,210667,210667,0,0,0
"Canada","CAN",1975,20247,20247,0,0,0
"Canada","CAN",1976,213396,212689,0,0,707
"Canada","CAN",1977,221216,220147,0,0,1069
"Canada","CAN",1978,236386,235254,0,0,1132
"Canada","CAN",1979,245466,244121,0,0,1345
"Canada","CAN",1980,251161,251148,0,0,13
"Canada","CAN",1981,267913,266015,0,0,1898
"Canada","CAN",1982,259934,257795,0,0,2139
"Canada","CAN",1983,268037,265952,0,0,2085
"Canada","CAN",1984,288460,286123,0,0,2337
"Canada","CAN",1985,305323,303645,1,0,1677
"Canada","CAN",1986,312501,310635,1,0,1865
"Canada","CAN",1987,318519,316206,1,0,2312
"Canada","CAN",1988,309921,307435,1,0,2485
"Canada","CAN",1989,29048452,29044974,1,0,3477
"Canada","CAN",1990,31491478,29568332,1919192,0,3954
"Canada","CAN",1991,2230452,307276,1919192,0,3984
"Canada","CAN",1992,33574621,31517465,59,2052632,4465
"Canada","CAN",1993,5279647,3222139,59,2052632,4817
"Canada","CAN",1994,5336980,3278556,59,2052632,5733
"Canada","CAN",1995,44386002,33405972,59,3842105,7137866
"Canada","CAN",1996,48882521,35459207,62,5894737,7528515
"Canada","CAN",1997,42632215,34867963,62,6947368,816822
"Canada","CAN",1998,52179572,33086993,62,10105263,8987254
"Canada","CAN",1999,25656477,3450008,162,13263158,8943149
"Canada","CAN",2000,61014368,35676007,264,16421054,8917043
"Canada","CAN",2001,53698594,33152103,329,19578947,967215
"Canada","CAN",2002,67710814,34927463,405,22736842,10046104
"Canada","CAN",2003,150576426,33613937,69,22789475,94172945
"Canada","CAN",2004,57908464,33839835,945,14263158,9804526
"Canada","CAN",2005,61025552,36195575,15674546,17,9155414
"Canada","CAN",2006,37197596,3528873,24730656,21,8938046
"Canada","CAN",2007,75826036,36762146,30072787,26,8991077
"Canada","CAN",2008,83612915,37748773,37885141,35,7978966
"Canada","CAN",2009,79045556,3686874,66416516,109,8942057
"Canada","CAN",2010,48091155,3513848,8724192,25555557,10297558
"Canada","CAN",2011,63691882,37572372,10188574,5717152,10213784
"Canada","CAN",2012,148332726,38026715,11311488,88080704,10913819
"Canada","CAN",2013,66417791,39178888,11145443,14989899,1103561
"Canada","CAN",2014,51447290,38250137,1281707,2120201,9795245
"Canada","CAN",2015,79852661,38219327,2696639,28949516,9987179
"Canada","CAN",2016,110886399,38543243,30933117,30050516,11359523
"Canada","CAN",2017,115208488,39458737,31513615,33090918,11145218
"Canada","CAN",2018,87397329,38589395,3347136,34919193,10541605
"Canada","CAN",2019,118885129,38177032,32875572,37525241,10307284
"Canada","CAN",2020,56707718,38654474,3576448,4071718,10405078
"Canada","CAN",2021,59750274,3824294,3729677,51141415,1054888
"Canada","CAN",2022,50409596,39772525,3947773,5737375,951923
"Canada","CAN",2023,133899552,36073584,4051046,83973875,9801047
"Canada","CAN",2024,27363203,3431973,4682984,9416499,9831747
"Central America (EI)","REG",1965,1356,1356,0,0,0
"Central America (EI)","REG",1966,1493,1493,0,0,0
"Central America (EI)","REG",1967,1686,1686,0,0,0
"Central America (EI)","REG",1968,1865,1865,0,0,0
"Central America (EI)","REG",1969,2065,2065,0,0,0
"Central America (EI)","REG",1970,23407,23407,0,0,0
"Central America (EI)","REG",1971,23356,23249,0,0,107
"Central America (EI)","REG",1972,24890,24749,0,0,141
"Central America (EI)","REG",1973,26485,26368,0,0,117
"Central America (EI)","REG",1974,29511,29355,0,0,156
"Central America (EI)","REG",1975,27873,27535,0,0,338
"Central America (EI)","REG",1976,29937,29213,0,0,724
"Central America (EI)","REG",1977,29973,29274,0,0,699
"Central America (EI)","REG",1978,40591,39839,0,0,752
"Central America (EI)","REG",1979,49194,48552,0,0,642
"Central America (EI)","REG",1980,68266089,55565,0,0,68210524
"Central America (EI)","REG",1981,11148754,57702,0,0,11091052
"Central America (EI)","REG",1982,12036875,55823,0,0,11981052
"Central America (EI)","REG",1983,10323010,61957,0,0,10261053
"Central America (EI)","REG",1984,12440748,69695,0,0,12371053
"Central America (EI)","REG",1985,891631,797932,0,0,93699
"Central America (EI)","REG",1986,1018426,932351,0,0,86075
"Central America (EI)","REG",1987,10594491,9683975,0,0,910516
"Central America (EI)","REG",1988,11198263,10314301,0,0,883962
"Central America (EI)","REG",1989,12306062,11134195,0,0,1171867
"Central America (EI)","REG",1990,23850080,11642524,0,0,12207556
"Central America (EI)","REG",1991,24677908,11327269,0,0,13350639
"Central America (EI)","REG",1992,29003325,10786794,0,0,18216531
"Central America (EI)","REG",1993,1374556,1202355,0,0,172201
"Central America (EI)","REG",1994,28546254,11615682,0,0,16930572
"Central America (EI)","REG",1995,28970577,11462188,0,0,17508389
"Central America (EI)","REG",1996,53210428,13225812,22590363,0,17394253
"Central America (EI)","REG",1997,38845254,12765684,7571247,0,18508323
"Central America (EI)","REG",1998,35413126,12849074,6420843,0,16143209
"Central America (EI)","REG",1999,49097969,14995346,9965608,0,24137015
"Central America (EI)","REG",2000,47090632,1536546,17497908,0,28056178
"Central America (EI)","REG",2001,18559073,13711556,1794242,0,3053275
"Central America (EI)","REG",2002,43219444,14461675,25431436,0,3326333
"Central America (EI)","REG",2003,59993940,1509187,23022385,0,35462368
"Central America (EI)","REG",2004,78780684,16035534,25543404,0,37201746
"Central America (EI)","REG",2005,41959624,17165888,20231311,544388,4018037
"Central America (EI)","REG",2006,89106843,17985403,27216262,647665,43257513
"Central America (EI)","REG",2007,68864185,17931458,2403967,657647,47871113
"Central America (EI)","REG",2008,27060944,20063591,1980772,66069,4950512
"Central America (EI)","REG",2009,66390629,18846294,42138657,73434,5332244
"Central America (EI)","REG",2010,67139610,2129564,5218728,1016093,58775225
"Central America (EI)","REG",2011,91565935,20971743,7414571,2763066,60416555
"Central America (EI)","REG",2012,105357400,22436157,11307395,3699224,67914624
"Central America (EI)","REG",2013,104835187,21882591,1358014,8117929,73476653
"Central America (EI)","REG",2014,126832184,21564657,209536,27093828,77964163
"Central America (EI)","REG",2015,39845311,22508923,3135376,6193744,8007268
"Central America (EI)","REG",2016,56047187,2277873,32997935,12095444,8675935
"Central America (EI)","REG",2017,69115008,27113485,32116377,1502031,8383115
"Central America (EI)","REG",2018,58768235,26841684,4437374,18502003,8987174
"Central America (EI)","REG",2019,98556982,21584106,44012604,22799227,10161045
"Central America (EI)","REG",2020,99662967,26934862,36292615,26554115,9881375
"Central America (EI)","REG",2021,111172102,29845736,39908788,31221504,10196074
"Central America (EI)","REG",2022,168607898,31432276,36460645,3169172,97545805
"Central America (EI)","REG",2023,88657044,253933,42997856,35487719,9917536
"Central America (EI)","REG",2024,80870382,28640312,3546999,38928332,9754739
"Chile","CHL",1965,3954,3954,0,0,0
"Chile","CHL",1966,4168,4168,0,0,0
"Chile","CHL",1967,4255,4255,0,0,0
"Chile","CHL",1968,3565,3565,0,0,0
"Chile","CHL",1969,4024,4024,0,0,0
"Chile","CHL",1970,4307,4307,0,0,0
"Chile","CHL",1971,4875,4809,0,0,66
"Chile","CHL",1972,630,573,0,0,57
"Chile","CHL",1973,5646,5595,0,0,51
"Chile","CHL",1974,6410,6364,0,0,46
"Chile","CHL",1975,6439,6388,0,0,51
"Chile","CHL",1976,6672,6599,0,0,73
"Chile","CHL",1977,6977,6969,0,0,8
"Chile","CHL",1978,7342,7251,0,0,91
"Chile","CHL",1979,7542,7448,0,0,94
"Chile","CHL",1980,7976,7871,0,0,105
"Chile","CHL",1981,826,815,0,0,11
"Chile","CHL",1982,9051,8914,0,0,137
"Chile","CHL",1983,9821,9613,0,0,208
"Chile","CHL",1984,10176,9975,0,0,201
"Chile","CHL",1985,1302,1107,0,0,195
"Chile","CHL",1986,1211,1183,0,0,28
"Chile","CHL",1987,13094,12823,0,0,271
"Chile","CHL",1988,12885,12558,0,0,327
"Chile","CHL",1989,10864,10543,0,0,321
"Chile","CHL",1990,8942391,8941428,0,0,963
"Chile","CHL",1991,13136687,13135654,0,0,1033
"Chile","CHL",1992,1675758,1674015,0,0,1743
"Chile","CHL",1993,17217496,17217321,0,0,175
"Chile","CHL",1994,16987258,16985472,0,0,1786
"Chile","CHL",1995,18415617,18413738,0,0,1879
"Chile","CHL",1996,16875206,16873468,0,0,1738
"Chile","CHL",1997,18944891,18943148,0,0,1743
"Chile","CHL",1998,15938416,15937255,0,0,1161
"Chile","CHL",1999,13722,13577,0,0,145
"Chile","CHL",2000,20456,19081,0,0,1375
"Chile","CHL",2001,3858,2168,7,0,1683
"Chile","CHL",2002,24975,23187,7,0,1781
"Chile","CHL",2003,24305,22603,7,0,1695
"Chile","CHL",2004,20971373,20969337,5,0,2031
"Chile","CHL",2005,255941,255755,7,0,179
"Chile","CHL",2006,2822943,2821505,7,0,1431
"Chile","CHL",2007,2236294,2233486,112,0,2696
"Chile","CHL",2008,63960673,24266146,3812314,0,35882213
"Chile","CHL",2009,13811035,2517931,7901422,0,3391682
"Chile","CHL",2010,56209573,21759474,325326,0,34124773
"Chile","CHL",2011,58583996,20510006,33759564,0,4314426
"Chile","CHL",2012,120866542,20162024,40838745,34039,59831734
"Chile","CHL",2013,32929629,19907211,5450756,675656,6896006
"Chile","CHL",2014,42924865,23045078,14431201,458713,4989873
"Chile","CHL",2015,94998456,23621508,2114648,13601003,55661297
"Chile","CHL",2016,76433973,19690727,24518394,25502636,6722216
"Chile","CHL",2017,171033911,21325731,36255593,38959484,74493103
"Chile","CHL",2018,52491597,2336677,35878947,5118721,9157252
"Chile","CHL",2019,40567039,21440327,4895221,6300226,7931265
"Chile","CHL",2020,161044245,21720932,56023026,76148434,7151853
"Chile","CHL",2021,37107924,18072273,7628098,10750199,657354
"Chile","CHL",2022,97708160,20387756,889331,15713686,60717387
"Chile","CHL",2023,126529367,23385221,9390953,18437656,75315537
"Chile","CHL",2024,65276760,26483824,10509565,20655298,7628073
"China","CHN",1965,22097,22097,0,0,0
"China","CHN",1966,22485907,22485907,0,0,0
"China","CHN",1967,19383488,19383488,0,0,0
"China","CHN",1968,22870396,22870396,0,0,0
"China","CHN",1969,23259302,23259302,0,0,0
"China","CHN",1970,24037117,24037117,0,0,0
"China","CHN",1971,29075233,29075233,0,0,0
"China","CHN",1972,32951046,32951046,0,0,0
"China","CHN",1973,3682686,3682686,0,0,0
"China","CHN",1974,41674942,41674942,0,0,0
"China","CHN",1975,43610638,43610638,0,0,0
"China","CHN",1976,44194,44194,0,0,0
"China","CHN",1977,46134117,46134117,0,0,0
"China","CHN",1978,4322615,4322615,0,0,0
"China","CHN",1979,48555946,48555946,0,0,0
"China","CHN",1980,58221176,58221176,0,0,0
"China","CHN",1981,6551318,6551318,0,0,0
"China","CHN",1982,7441386,7441386,0,0,0
"China","CHN",1983,8641695,8641695,0,0,0
"China","CHN",1984,868147,868147,0,0,0
"China","CHN",1985,9238756,9238756,0,0,0
"China","CHN",1986,94548645,94548645,0,0,0
"China","CHN",1987,10002428,10002428,0,0,0
"China","CHN",1988,10916802,10916802,0,0,0
"China","CHN",1989,11840898,11840898,0,0,0
"China","CHN",1990,14694665,12674397,2020202,2,64
"China","CHN",1991,21559870,12468895,9090909,2,64
"China","CHN",1992,26200037,13068608,13131313,3,113
"China","CHN",1993,36396859,15184616,21212122,4,117
"China","CHN",1994,20581332,16742897,3838384,5,46
"China","CHN",1995,61638243,19058,61616164,7,3014
"China","CHN",1996,93959733,18797,93939394,9,1533
"China","CHN",1997,2002129,19598,1979798,11,2722
"China","CHN",1998,35575707,19889,35555556,14,248
"China","CHN",1999,47393663,19658,47373736,17,252
"China","CHN",2000,614699,22241,589899,22,2537
"China","CHN",2001,7222247,27743,7191919,31,2554
"China","CHN",2002,83768764,28797,83737373,48,2546
"China","CHN",2003,10000665,28368,9969697,64,2536
"China","CHN",2004,13133926,353544,12777778,76,2528
"China","CHN",2005,19863030,397017,19460607,84,5322
"China","CHN",2006,37561196,435786,37118182,95,7133
"China","CHN",2007,5974534,485264,5479293,114,9863
"China","CHN",2008,78845,63696,131,152,14866
"China","CHN",2009,30316853,615644,27614998,279,2085932
"China","CHN",2010,14544517,7113831,4939962,701,2490023
"China","CHN",2011,716679,688045,741,261,27632
"China","CHN",2012,147653076,8627941,103049904,35945098,30133
"China","CHN",2013,113198656,90961224,13826413,8373886,37133
"China","CHN",2014,19172582,10596917,1597627,2351216,4626822
"China","CHN",2015,39059385,11145154,18559145,3948057,5407029
"China","CHN",2016,82728841,11532675,2408605,6652795,62134766
"China","CHN",2017,9129180,1165065,3046,1178,7959891
"China","CHN",2018,2142271,1198887,3658,1769,937957
"China","CHN",2019,2404772,1272538,4053,224,1127957
"China","CHN",2020,14898609,1321709,4665,2611,13569624
"China","CHN",2021,1668142,1300,6558,327,1659957
"China","CHN",2022,14926172,12981221,76267,42727,1825957
"China","CHN",2023,14388914,12259955,88587,58415,1981957
"China","CHN",2024,34575774,13542543,99704,83904,20849623
"Colombia","COL",1965,35439494,35439494,0,0,0
"Colombia","COL",1966,39372194,39372194,0,0,0
"Colombia","COL",1967,43892536,43892536,0,0,0
"Colombia","COL",1968,48910117,48910117,0,0,0
"Colombia","COL",1969,54379735,54379735,0,0,0
"Colombia","COL",1970,605274,605274,0,0,0
"Colombia","COL",1971,64234085,64234085,0,0,0
"Colombia","COL",1972,7115021,7115021,0,0,0
"Colombia","COL",1973,77433486,77433486,0,0,0
"Colombia","COL",1974,87920685,87920685,0,0,0
"Colombia","COL",1975,97512,97323,0,0,189
"Colombia","COL",1976,1022844,1022642,0,0,202
"Colombia","COL",1977,10452004,10451812,0,0,192
"Colombia","COL",1978,1207350,1207144,0,0,206
"Colombia","COL",1979,132809,132593,0,0,216
"Colombia","COL",1980,1444929,1444702,0,0,227
"Colombia","COL",1981,1426746,1426534,0,0,212
"Colombia","COL",1982,15238767,15238536,0,0,231
"Colombia","COL",1983,15366010,15365776,0,0,234
"Colombia","COL",1984,1714277,1714022,0,0,255
"Colombia","COL",1985,18441038,18440771,0,0,267
"Colombia","COL",1986,21333218,21332952,0,0,266
"Colombia","COL",1987,2325024,2324756,0,0,268
"Colombia","COL",1988,245468,245194,0,0,274
"Colombia","COL",1989,2678486,2678212,0,0,274
"Colombia","COL",1990,27496126,27495852,0,0,274
"Colombia","COL",1991,2772877,2772608,0,0,269
"Colombia","COL",1992,22280618,22280584,0,0,34
"Colombia","COL",1993,27856781,27856392,0,0,389
"Colombia","COL",1994,3206283,3205839,0,0,444
"Colombia","COL",1995,320371,319894,0,0,477
"Colombia","COL",1996,35288120,35287624,0,0,496
"Colombia","COL",1997,3148059,3147576,0,0,483
"Colombia","COL",1998,30782217,30781685,0,0,532
"Colombia","COL",1999,33701114,33700657,0,0,457
"Colombia","COL",2000,32651228,30815718,0,1835014,496
"Colombia","COL",2001,31900029,31632658,0,266875,496
"Colombia","COL",2002,34433653,33968037,0,465125,491
"Colombia","COL",2003,3624536,3617636,0,6405,495
"Colombia","COL",2004,11790398,3833006,5199,7951726,467
"Colombia","COL",2005,40179462,39220886,4948,953125,503
"Colombia","COL",2006,15751189,4255789,6298139,0,5197261
"Colombia","COL",2007,59386538,4424198,49890976,0,5071364
"Colombia","COL",2008,109469191,4616088,53918168,0,50934935
"Colombia","COL",2009,108578050,40837364,57707813,0,10032873
"Colombia","COL",2010,19012562,4055746,3856992,0,11099824
"Colombia","COL",2011,59898569,4842748,41271944,0,13783877
"Colombia","COL",2012,25004228,4758171,5485471,0,14760586
"Colombia","COL",2013,75525419,4436279,57624802,0,13464338
"Colombia","COL",2014,47173188,44741962,702303,0,1728923
"Colombia","COL",2015,69748651,44681904,6837745,0,18229002
"Colombia","COL",2016,117613312,46787926,50887343,0,19938043
"Colombia","COL",2017,28716790,5732773,3071419,5,19912593
"Colombia","COL",2018,26857384,5665124,4344,12,21187904
"Colombia","COL",2019,2078283,54437,6332,13206,2004308
"Colombia","COL",2020,25396499,4983735,1012,1908,20409844
"Colombia","COL",2021,24714543,6049647,6047,32301,18626548
"Colombia","COL",2022,25819191,6433728,7488,50259,19327716
"Colombia","COL",2023,23834127,5983452,2036,119984,17728655
"Colombia","COL",2024,24507064,5449474,1488,330338,18725764
"Croatia","HRV",1990,39183,39172,0,0,11
"Croatia","HRV",1991,55254,55253,0,0,1
"Croatia","HRV",1992,43497,43491,0,0,6
"Croatia","HRV",1993,45517,45498,0,0,19
"Croatia","HRV",1994,54355,54349,0,0,6
"Croatia","HRV",1995,56837,56828,0,0,9
"Croatia","HRV",1996,78636,78627,0,0,9
"Croatia","HRV",1997,58535,58534,0,0,1
"Croatia","HRV",1998,60223,60214,0,0,9
"Croatia","HRV",1999,73281,73272,0,0,9
"Croatia","HRV",2000,64530,64529,0,0,1
"Croatia","HRV",2001,71804,71804,0,0,0
"Croatia","HRV",2002,58514,58514,0,0,0
"Croatia","HRV",2003,54578,54578,0,0,0
"Croatia","HRV",2004,76272,76266,2,0,4
"Croatia","HRV",2005,70370,70355,1,0,14
"Croatia","HRV",2006,6647,6617,19,0,11
"Croatia","HRV",2007,47354,46998,349,0,7
"Croatia","HRV",2008,1188,578,399,0,211
"Croatia","HRV",2009,7429003,7408401,542,91,19969
"Croatia","HRV",2010,9160643,9126203,1391,12,33037
"Croatia","HRV",2011,5086470,5031887,201,137,54245
"Croatia","HRV",2012,473425,48369,328746,2404,93906
"Croatia","HRV",2013,740482,86217,517287,11283,125695
"Croatia","HRV",2014,1173361,900612,72997,35174,164578
"Croatia","HRV",2015,7509376,6390636,796295,57264,265181
"Croatia","HRV",2016,8363312,6852099,1014248,65541,431424
"Croatia","HRV",2017,60321,53074,1204,787,5256
"Croatia","HRV",2018,97813,77009,13354,749,6701
"Croatia","HRV",2019,83468,58261,14673,831,9703
"Croatia","HRV",2020,75858,56624,17207,955,1072
"Croatia","HRV",2021,105279,71277,20618,1489,11895
"Croatia","HRV",2022,89509,54597,21378,1519,12015
"Croatia","HRV",2023,122272,81605,25865,4131,10671
"Croatia","HRV",2024,125466030,6766598,26794534,81781065,10123833
"Cyprus","CYP",1965,0,0,0,0,0
"Cyprus","CYP",1966,0,0,0,0,0
"Cyprus","CYP",1967,0,0,0,0,0
"Cyprus","CYP",1968,0,0,0,0,0
"Cyprus","CYP",1969,0,0,0,0,0
"Cyprus","CYP",1970,0,0,0,0,0
"Cyprus","CYP",1971,0,0,0,0,0
"Cyprus","CYP",1972,0,0,0,0,0
"Cyprus","CYP",1973,0,0,0,0,0
"Cyprus","CYP",1974,0,0,0,0,0
"Cyprus","CYP",1975,0,0,0,0,0
"Cyprus","CYP",1976,0,0,0,0,0
"Cyprus","CYP",1977,0,0,0,0,0
"Cyprus","CYP",1978,0,0,0,0,0
"Cyprus","CYP",1979,0,0,0,0,0
"Cyprus","CYP",1980,0,0,0,0,0
"Cyprus","CYP",1981,0,0,0,0,0
"Cyprus","CYP",1982,0,0,0,0,0
"Cyprus","CYP",1983,0,0,0,0,0
"Cyprus","CYP",1984,0,0,0,0,0
"Cyprus","CYP",1985,0,0,0,0,0
"Cyprus","CYP",1986,0,0,0,0,0
"Cyprus","CYP",1987,0,0,0,0,0
"Cyprus","CYP",1988,0,0,0,0,0
"Cyprus","CYP",1989,0,0,0,0,0
"Cyprus","CYP",1990,0,0,0,0,0
"Cyprus","CYP",1991,0,0,0,0,0
"Cyprus","CYP",1992,0,0,0,0,0
"Cyprus","CYP",1993,0,0,0,0,0
"Cyprus","CYP",1994,0,0,0,0,0
"Cyprus","CYP",1995,0,0,0,0,0
"Cyprus","CYP",1996,0,0,0,0,0
"Cyprus","CYP",1997,0,0,0,0,0
"Cyprus","CYP",1998,0,0,0,0,0
"Cyprus","CYP",1999,0,0,0,0,0
"Cyprus","CYP",2000,0,0,0,0,0
"Cyprus","CYP",2001,0,0,0,0,0
"Cyprus","CYP",2002,0,0,0,0,0
"Cyprus","CYP",2003,0,0,0,0,0
"Cyprus","CYP",2004,359,0,355,4,0
"Cyprus","CYP",2005,921,0,355,566,0
"Cyprus","CYP",2006,1512,0,355,1002,155
"Cyprus","CYP",2007,2103,0,356,1733,14
"Cyprus","CYP",2008,371,0,356,3,12
"Cyprus","CYP",2009,387,0,356,4,27
"Cyprus","CYP",2010,73,0,31,7,35
"Cyprus","CYP",2011,178,0,114,12,52
"Cyprus","CYP",2012,212,0,185,22,5
"Cyprus","CYP",2013,327,0,231,47,49
"Cyprus","CYP",2014,3180,0,1839,836,505
"Cyprus","CYP",2015,399752,0,221857,126659,51236
"Cyprus","CYP",2016,424659,0,226701,145937,52021
"Cyprus","CYP",2017,43522,0,21145,17202,5175
"Cyprus","CYP",2018,46380,0,22061,19183,5136
"Cyprus","CYP",2019,462624,0,238565,218267,5792
"Cyprus","CYP",2020,596648,0,240408,295608,60632
"Cyprus","CYP",2021,720810,0,246478,468338,5994
"Cyprus","CYP",2022,831909,0,224266,601859,5784
"Cyprus","CYP",2023,1092873,0,208477,830523,53873
"Cyprus","CYP",2024,36500053,0,20265098,10758234,5476721
"Czechia","CZE",1965,2231797,2231797,0,0,0
"Czechia","CZE",1966,21036344,21036344,0,0,0
"Czechia","CZE",1967,18959225,18959225,0,0,0
"Czechia","CZE",1968,14672408,14672408,0,0,0
"Czechia","CZE",1969,11976573,11976573,0,0,0
"Czechia","CZE",1970,17103078,17103078,0,0,0
"Czechia","CZE",1971,1208,1208,0,0,0
"Czechia","CZE",1972,1264,1264,0,0,0
"Czechia","CZE",1973,1081,1081,0,0,0
"Czechia","CZE",1974,1819,1819,0,0,0
"Czechia","CZE",1975,1814,1814,0,0,0
"Czechia","CZE",1976,1446,1446,0,0,0
"Czechia","CZE",1977,1967,1967,0,0,0
"Czechia","CZE",1978,183,183,0,0,0
"Czechia","CZE",1979,2293,2293,0,0,0
"Czechia","CZE",1980,2399,2399,0,0,0
"Czechia","CZE",1981,2061,2061,0,0,0
"Czechia","CZE",1982,167,167,0,0,0
"Czechia","CZE",1983,1655,1655,0,0,0
"Czechia","CZE",1984,1298,1298,0,0,0
"Czechia","CZE",1985,1671,1671,0,0,0
"Czechia","CZE",1986,1876,1876,0,0,0
"Czechia","CZE",1987,2465,2465,0,0,0
"Czechia","CZE",1988,2099,2099,0,0,0
"Czechia","CZE",1989,1643,1643,0,0,0
"Czechia","CZE",1990,1161,1161,0,0,0
"Czechia","CZE",1991,1089,1089,0,0,0
"Czechia","CZE",1992,1402,1402,0,0,0
"Czechia","CZE",1993,1530,1369,0,0,161
"Czechia","CZE",1994,467,146,0,0,321
"Czechia","CZE",1995,2407,2002,0,0,405
"Czechia","CZE",1996,2261,1969,0,0,292
"Czechia","CZE",1997,2193,1699,0,0,494
"Czechia","CZE",1998,588667,1396,0,0,587271
"Czechia","CZE",1999,678420,1681,0,0,676739
"Czechia","CZE",2000,54237,1758,0,0,52479
"Czechia","CZE",2001,54315,2054,2,0,52259
"Czechia","CZE",2002,506315,2492,16,0,503807
"Czechia","CZE",2003,492011,1383,39,0,490589
"Czechia","CZE",2004,733663,20192,99,1,713371
"Czechia","CZE",2005,971908,237991,2128,68,731721
"Czechia","CZE",2006,993062,25503,49375,17,918167
"Czechia","CZE",2007,3411520,2089409,125098,1754,1195259
"Czechia","CZE",2008,3731012,2024335,244661,12937,1449079
"Czechia","CZE",2009,4654945,2429607,288067,88807,1848464
"Czechia","CZE",2010,5903156,2789474,335493,615702,2162487
"Czechia","CZE",2011,7245512,1963016,397003,2182018,2703475
"Czechia","CZE",2012,8065290,2129143,415817,2148624,3371706
"Czechia","CZE",2013,9308386,2734507,480519,2032654,4060706
"Czechia","CZE",2014,134659778,19097624,47654453,21273375,46634326
"Czechia","CZE",2015,14580828,1795387,5726116,2267284,4792041
"Czechia","CZE",2016,101497393,2001489,49696034,2134217,47665653
"Czechia","CZE",2017,132588213,1869534,59103835,21969082,49645762
"Czechia","CZE",2018,94046209,16275184,6093297,23415933,48261795
"Czechia","CZE",2019,117998330,20086746,70003396,22877533,5030655
"Czechia","CZE",2020,56019060,21442552,6990835,22372687,5212986
"Czechia","CZE",2021,105479724,24102345,6015541,21522183,53839655
"Czechia","CZE",2022,57720683,21011646,6413605,24891188,5404244
"Czechia","CZE",2023,106637468,2362978,70164096,28920655,5189739
"Czechia","CZE",2024,187946392,26562767,70491415,35903816,54988394
"Denmark","DNK",1965,25,25,0,0,0
"Denmark","DNK",1966,26,26,0,0,0
"Denmark","DNK",1967,25,25,0,0,0
"Denmark","DNK",1968,21,21,0,0,0
"Denmark","DNK",1969,22,22,0,0,0
"Denmark","DNK",1970,24,24,0,0,0
"Denmark","DNK",1971,24,24,0,0,0
"Denmark","DNK",1972,24,24,0,0,0
"Denmark","DNK",1973,24,24,0,0,0
"Denmark","DNK",1974,24,24,0,0,0
"Denmark","DNK",1975,21,21,0,0,0
"Denmark","DNK",1976,19,19,0,0,0
"Denmark","DNK",1977,26,26,0,0,0
"Denmark","DNK",1978,30,27,3,0,0
"Denmark","DNK",1979,35,29,6,0,0
"Denmark","DNK",1980,446,341,105,0,0
"Denmark","DNK",1981,460,355,105,0,0
"Denmark","DNK",1982,488,303,185,0,0
"Denmark","DNK",1983,639,335,271,0,33
"Denmark","DNK",1984,667,302,332,0,33
"Denmark","DNK",1985,847,297,514,0,36
"Denmark","DNK",1986,1593,286,1256,0,51
"Denmark","DNK",1987,2093,294,1738,0,61
"Denmark","DNK",1988,3253,328,2917,0,8
"Denmark","DNK",1989,4639,229,4284,0,126
"Denmark","DNK",1990,6152,28,6103,0,21
"Denmark","DNK",1991,8010,254,7401,0,355
"Denmark","DNK",1992,9952,277,9154,0,521
"Denmark","DNK",1993,11345,275,10342,0,728
"Denmark","DNK",1994,5735460,326,1137,0,5733997
"Denmark","DNK",1995,64696121,303,11773,0,64684045
"Denmark","DNK",1996,8495405,193,12269,161111,8321832
"Denmark","DNK",1997,10095652,192,19342,319444,9756674
"Denmark","DNK",1998,1106633,273,28199,4,1078157
"Denmark","DNK",1999,14072979,305,3029,880556,13189089
"Denmark","DNK",2000,13038782,302,42412,12,12996056
"Denmark","DNK",2001,58176073,276,43060193,12,15115592
"Denmark","DNK",2002,24949028,318,4876939,1280556,18791215
"Denmark","DNK",2003,82061005,212,55607834,1519444,24933515
"Denmark","DNK",2004,96777814,265,65831113,1838889,29107547
"Denmark","DNK",2005,33910444,225,6614,2161111,31742494
"Denmark","DNK",2006,93993200,234,61079583,2213889,30699494
"Denmark","DNK",2007,5671502,282,71712,2494444,3105064
"Denmark","DNK",2008,34097472,258,69278,2622222,31405714
"Denmark","DNK",2009,33270346,189,67205,375,33202577
"Denmark","DNK",2010,80551506,20641666,7809422,6161111,45939307
"Denmark","DNK",2011,46149207,16869444,9774183,15130555,4375025
"Denmark","DNK",2012,65133577,17475,10269938,10386111,44460053
"Denmark","DNK",2013,80610388,13419445,11123275,51754165,4313503
"Denmark","DNK",2014,77154975,15102778,13078503,5955167,43018527
"Denmark","DNK",2015,42406887,18030556,14133092,6042611,4200628
"Denmark","DNK",2016,111277251,19272223,12781731,74378055,4845242
"Denmark","DNK",2017,31637119,17872222,1478,7514861,6248558
"Denmark","DNK",2018,35606132,14861112,13901956,952973,5890091
"Denmark","DNK",2019,31742630,16955,16149834,9632695,5943146
"Denmark","DNK",2020,23446867,17064,16330214,1180532,5919057
"Denmark","DNK",2021,26097975,16294,16054466,1308929,8718286
"Denmark","DNK",2022,11392828,14944,1902224,2202567,7273093
"Denmark","DNK",2023,29212913,19628,19393192,3363278,6436815
"Denmark","DNK",2024,49760036,19513994,20557018,3895869,5793155
"Eastern Africa (EI)","REG",1965,60475354,60475354,0,0,0
"Eastern Africa (EI)","REG",1966,71675773,71675773,0,0,0
"Eastern Africa (EI)","REG",1967,7010667,7010667,0,0,0
"Eastern Africa (EI)","REG",1968,7197783,7197783,0,0,0
"Eastern Africa (EI)","REG",1969,79119015,79119015,0,0,0
"Eastern Africa (EI)","REG",1970,11339996,11339996,0,0,0
"Eastern Africa (EI)","REG",1971,89030821,89030695,0,0,126
"Eastern Africa (EI)","REG",1972,10891411,10891284,0,0,127
"Eastern Africa (EI)","REG",1973,112493237,112493105,0,0,132
"Eastern Africa (EI)","REG",1974,14267664,14267528,0,0,136
"Eastern Africa (EI)","REG",1975,15188714,15188581,0,0,133
"Eastern Africa (EI)","REG",1976,16743857,16743711,0,0,146
"Eastern Africa (EI)","REG",1977,19092934,19092785,0,0,149
"Eastern Africa (EI)","REG",1978,1824037,1823882,0,0,155
"Eastern Africa (EI)","REG",1979,19936,19775,0,0,161
"Eastern Africa (EI)","REG",1980,18078723,18078556,0,0,167
"Eastern Africa (EI)","REG",1981,18878851,18878674,0,0,177
"Eastern Africa (EI)","REG",1982,19574776,19574581,0,0,195
"Eastern Africa (EI)","REG",1983,19379862,19379673,0,0,189
"Eastern Africa (EI)","REG",1984,189063,188871,0,0,192
"Eastern Africa (EI)","REG",1985,19691912,19691685,0,0,227
"Eastern Africa (EI)","REG",1986,18845990,18845373,0,0,617
"Eastern Africa (EI)","REG",1987,1643311,1642696,0,0,615
"Eastern Africa (EI)","REG",1988,18619039,18618456,0,0,583
"Eastern Africa (EI)","REG",1989,18026789,18026215,0,0,574
"Eastern Africa (EI)","REG",1990,28453067,21345568,0,0,7107499
"Eastern Africa (EI)","REG",1991,93117332,21742558,0,0,71374774
"Eastern Africa (EI)","REG",1992,72832953,1963299,0,0,70869654
"Eastern Africa (EI)","REG",1993,91299726,20532532,0,0,70767194
"Eastern Africa (EI)","REG",1994,26629275,20672321,0,0,5956954
"Eastern Africa (EI)","REG",1995,94619692,20843298,0,0,73776394
"Eastern Africa (EI)","REG",1996,110900770,20717077,0,0,90183693
"Eastern Africa (EI)","REG",1997,113776714,21792418,0,0,91984296
"Eastern Africa (EI)","REG",1998,39426933,27865046,0,0,11561887
"Eastern Africa (EI)","REG",1999,40824322,29365875,0,0,11458447
"Eastern Africa (EI)","REG",2000,45789942,30859806,1,7,14930128
"Eastern Africa (EI)","REG",2001,19455685,3496348,0,191,15959146
"Eastern Africa (EI)","REG",2002,53022968,38004414,3,375,15018176
"Eastern Africa (EI)","REG",2003,22912506,3838525,4,391,19073586
"Eastern Africa (EI)","REG",2004,22518189,389576,90101,744,22037768
"Eastern Africa (EI)","REG",2005,63589302,40268776,1306061,128,22014337
"Eastern Africa (EI)","REG",2006,54737338,42565407,4841414,4982162,2348355
"Eastern Africa (EI)","REG",2007,17578761,4639329,1110303,9578727,2250402
"Eastern Africa (EI)","REG",2008,104141546,45794067,16206363,18500173,23640943
"Eastern Africa (EI)","REG",2009,80925517,48025608,26861615,3284399,2753895
"Eastern Africa (EI)","REG",2010,97632099,53982716,3838071,9687055,30124257
"Eastern Africa (EI)","REG",2011,107296648,55622524,3424818,17741911,30507395
"Eastern Africa (EI)","REG",2012,51325716,57748,15430804,2455921,33381243
"Eastern Africa (EI)","REG",2013,71941334,6147442,31500962,30683202,3609728
"Eastern Africa (EI)","REG",2014,95689234,6571679,44160807,40227944,4728804
"Eastern Africa (EI)","REG",2015,66259960,6500988,7779733,45636055,6343184
"Eastern Africa (EI)","REG",2016,77333972,61472843,8901814,519917,6439398
"Eastern Africa (EI)","REG",2017,153243802,6450877,79114115,61261207,6417603
"Eastern Africa (EI)","REG",2018,165127476,683974,86210096,6793701,71439705
"Eastern Africa (EI)","REG",2019,46980233,6849026,22217348,10749972,7163887
"Eastern Africa (EI)","REG",2020,39210583,734913,19776144,11833562,6865964
"Eastern Africa (EI)","REG",2021,30920742,7714437,2659498,13747969,6798838
"Eastern Africa (EI)","REG",2022,174269105,80937706,2822541,17598373,72910485
"Eastern Africa (EI)","REG",2023,58073117,815417,29230287,19591624,8435789
"Eastern Africa (EI)","REG",2024,142009208,82436104,29596808,20460277,9516019
"Ecuador","ECU",1965,249,249,0,0,0
"Ecuador","ECU",1966,285,285,0,0,0
"Ecuador","ECU",1967,314,314,0,0,0
"Ecuador","ECU",1968,328,328,0,0,0
"Ecuador","ECU",1969,364,364,0,0,0
"Ecuador","ECU",1970,405,405,0,0,0
"Ecuador","ECU",1971,44,44,0,0,0
"Ecuador","ECU",1972,445,445,0,0,0
"Ecuador","ECU",1973,435,435,0,0,0
"Ecuador","ECU",1974,5,5,0,0,0
"Ecuador","ECU",1975,628,628,0,0,0
"Ecuador","ECU",1976,605,605,0,0,0
"Ecuador","ECU",1977,558,558,0,0,0
"Ecuador","ECU",1978,791,791,0,0,0
"Ecuador","ECU",1979,709,709,0,0,0
"Ecuador","ECU",1980,872,872,0,0,0
"Ecuador","ECU",1981,779,779,0,0,0
"Ecuador","ECU",1982,895,895,0,0,0
"Ecuador","ECU",1983,1721,1721,0,0,0
"Ecuador","ECU",1984,3233,3233,0,0,0
"Ecuador","ECU",1985,3279,3279,0,0,0
"Ecuador","ECU",1986,4012,4012,0,0,0
"Ecuador","ECU",1987,457,457,0,0,0
"Ecuador","ECU",1988,4826,4826,0,0,0
"Ecuador","ECU",1989,4954,4954,0,0,0
"Ecuador","ECU",1990,49866877,49866877,0,0,0
"Ecuador","ECU",1991,5075921,5075921,0,0,0
"Ecuador","ECU",1992,4973581,4973581,0,0,0
"Ecuador","ECU",1993,58101373,58101373,0,0,0
"Ecuador","ECU",1994,65652776,65652776,0,0,0
"Ecuador","ECU",1995,5160551,5160551,0,0,0
"Ecuador","ECU",1996,63434153,63434153,0,0,0
"Ecuador","ECU",1997,65341773,65341773,0,0,0
"Ecuador","ECU",1998,65060954,65060954,0,0,0
"Ecuador","ECU",1999,7176726,7176726,0,0,0
"Ecuador","ECU",2000,76112313,76112313,0,0,0
"Ecuador","ECU",2001,70706525,70706525,0,0,0
"Ecuador","ECU",2002,7524256,7524256,0,0,0
"Ecuador","ECU",2003,7180417,7180417,0,0,0
"Ecuador","ECU",2004,74441050,74116993,0,0,324057
"Ecuador","ECU",2005,NA,68826394,0,NA,102856286
"Ecuador","ECU",2006,21699941,7129493,0,14875,14555573
"Ecuador","ECU",2007,31893228,9037655,962135,18162,21875276
"Ecuador","ECU",2008,34834927,11293333,2682461,26687,20832446
"Ecuador","ECU",2009,NA,9225408,3204417,NA,2165198
"Ecuador","ECU",2010,32536074,8636401,343485,0,23556188
"Ecuador","ECU",2011,39293403,11133088,334467,5812,27820036
"Ecuador","ECU",2012,44303982,12237723,2398368,32566,29635325
"Ecuador","ECU",2013,100984200,11038825,56702975,3663607,29578793
"Ecuador","ECU",2014,39909550,11457895,7974247,16482696,3994712
"Ecuador","ECU",2015,176948973,1309627,98806314,36057927,40775105
"Ecuador","ECU",2016,67882499,15833842,8395875,38754817,4897965
"Ecuador","ECU",2017,2013802,2008861,734,3748,459
"Ecuador","ECU",2018,109579867,20678001,8025777,38079325,42796764
"Ecuador","ECU",2019,131023960,24641,85526936,38,45472345
"Ecuador","ECU",2020,2484931,2433326,771,3776,47058
"Ecuador","ECU",2021,2608842,2557461,6201,3687,41493
"Ecuador","ECU",2022,2503474,2463516,606,385,38967
"Ecuador","ECU",2023,2595421,2534871,20858,3833,35859
"Ecuador","ECU",2024,2337376,2261443,22354,3611,49968
"Egypt","EGY",1965,17324048,17324048,0,0,0
"Egypt","EGY",1966,18252122,18252122,0,0,0
"Egypt","EGY",1967,1966633,1966633,0,0,0
"Egypt","EGY",1968,30007727,30007727,0,0,0
"Egypt","EGY",1969,39907181,39907181,0,0,0
"Egypt","EGY",1970,46889834,46889834,0,0,0
"Egypt","EGY",1971,50469546,50469546,0,0,0
"Egypt","EGY",1972,5161859,5161859,0,0,0
"Egypt","EGY",1973,51530204,51530204,0,0,0
"Egypt","EGY",1974,611645,611645,0,0,0
"Egypt","EGY",1975,6792618,6792618,0,0,0
"Egypt","EGY",1976,8003533,8003533,0,0,0
"Egypt","EGY",1977,9037673,9037673,0,0,0
"Egypt","EGY",1978,9930392,9930392,0,0,0
"Egypt","EGY",1979,9607776,9607776,0,0,0
"Egypt","EGY",1980,9802229,9802229,0,0,0
"Egypt","EGY",1981,10213233,10213233,0,0,0
"Egypt","EGY",1982,10491655,10491655,0,0,0
"Egypt","EGY",1983,9815488,9815488,0,0,0
"Egypt","EGY",1984,9629872,9629872,0,0,0
"Egypt","EGY",1985,9148,9148,0,0,0
"Egypt","EGY",1986,8972,8972,0,0,0
"Egypt","EGY",1987,89695,89695,0,0,0
"Egypt","EGY",1988,8829,8829,0,0,0
"Egypt","EGY",1989,9487,9487,0,0,0
"Egypt","EGY",1990,9953,9953,0,0,0
"Egypt","EGY",1991,9916,9916,0,0,0
"Egypt","EGY",1992,98,98,0,0,0
"Egypt","EGY",1993,100925,100925,0,0,0
"Egypt","EGY",1994,10728,10728,0,0,0
"Egypt","EGY",1995,11192,11192,0,0,0
"Egypt","EGY",1996,11484,11484,0,0,0
"Egypt","EGY",1997,11771,11771,0,0,0
"Egypt","EGY",1998,121045,121045,0,0,0
"Egypt","EGY",1999,134417,134405,12,0,0
"Egypt","EGY",2000,14985,14178,805,2,0
"Egypt","EGY",2001,144323,144135,179,9,0
"Egypt","EGY",2002,142071,139945,2125,1,0
"Egypt","EGY",2003,13226,12939,286,1,0
"Egypt","EGY",2004,5168821,128315,5040505,1,0
"Egypt","EGY",2005,5113756,12644,5101111,1,0
"Egypt","EGY",2006,6178452,127845,6050606,1,0
"Egypt","EGY",2007,66385824,142175,66243637,12,0
"Egypt","EGY",2008,92996426,15096,92981315,15,0
"Egypt","EGY",2009,10509686,137725,10371939,22,0
"Egypt","EGY",2010,14221231,129545,14091434,252,0
"Egypt","EGY",2011,15194117,1299,14948249,244569,0
"Egypt","EGY",2012,13996507,130275,13362031,504201,0
"Egypt","EGY",2013,15923633,132365,15765831,25437,0
"Egypt","EGY",2014,10434414,13587,10281278,139549,0
"Egypt","EGY",2015,19082331,136835,18945454,42,0
"Egypt","EGY",2016,2552029,131975,2396693,23361,0
"Egypt","EGY",2017,21711095,12788,21095762,602545,0
"Egypt","EGY",2018,3669639,129235,2987351,553053,0
"Egypt","EGY",2019,49811477,13121,49796867,1489,0
"Egypt","EGY",2020,52909430,140795,52323384,445251,0
"Egypt","EGY",2021,6132333,149035,5486156,497142,0
"Egypt","EGY",2022,1237075,147075,589694,500306,0
"Egypt","EGY",2023,6494980,15052,5986452,493476,0
"Egypt","EGY",2024,67583968,143727,61372714,6067527,0
"Estonia","EST",1985,0,0,0,0,0
"Estonia","EST",1986,0,0,0,0,0
"Estonia","EST",1987,0,0,0,0,0
"Estonia","EST",1988,0,0,0,0,0
"Estonia","EST",1989,0,0,0,0,0
"Estonia","EST",1990,0,0,0,0,0
"Estonia","EST",1991,0,0,0,0,0
"Estonia","EST",1992,0,0,0,0,0
"Estonia","EST",1993,0,0,0,0,0
"Estonia","EST",1994,0,0,0,0,0
"Estonia","EST",1995,6,0,0,0,6
"Estonia","EST",1996,5,0,0,0,5
"Estonia","EST",1997,8,0,0,0,8
"Estonia","EST",1998,12,0,0,0,12
"Estonia","EST",1999,17,4,0,0,13
"Estonia","EST",2000,60,5,0,0,55
"Estonia","EST",2001,96,74,0,0,22
"Estonia","EST",2002,97,56,14,0,27
"Estonia","EST",2003,215,128,61,0,26
"Estonia","EST",2004,331,224,76,0,31
"Estonia","EST",2005,787,215,539,0,33
"Estonia","EST",2006,936,135,763,0,38
"Estonia","EST",2007,149,22,91,0,36
"Estonia","EST",2008,199,28,133,0,38
"Estonia","EST",2009,542,32,195,1,314
"Estonia","EST",2010,1047,27,277,1,742
"Estonia","EST",2011,1156,3,368,2,783
"Estonia","EST",2012,1480,42,434,3,1001
"Estonia","EST",2013,7534,26,529,14,6965
"Estonia","EST",2014,1458,27,604,31,796
"Estonia","EST",2015,1644,27,715,59,843
"Estonia","EST",2016,10221,35,594,97,9495
"Estonia","EST",2017,11979,26,723,145,11085
"Estonia","EST",2018,2291,15,636,308,1332
"Estonia","EST",2019,2804,19,687,735,1363
"Estonia","EST",2020,19607,3,844,245,18515
"Estonia","EST",2021,1804986,23,733,35367,1768863
"Estonia","EST",2022,1570439,23,668,596,1569152
"Estonia","EST",2023,1378540,24,683,721,1377112
"Estonia","EST",2024,38700057,3166414,10474237,11261708,13797698
"Europe","EUR",1965,67235037,38145035,0,0,29090002
"Europe","EUR",1966,41409457,41405478,0,0,3979
"Europe","EUR",1967,41069511,41065195,0,0,4316
"Europe","EUR",1968,91890190,43710187,0,0,48180003
"Europe","EUR",1969,5687616,442712,0,0,5244904
"Europe","EUR",1970,116265800,46742227,0,0,69523573
"Europe","EUR",1971,54375078,47305194,0,0,7069884
"Europe","EUR",1972,55300385,48352777,0,0,6947608
"Europe","EUR",1973,56371823,48905432,0,0,7466391
"Europe","EUR",1974,53580051,52796545,0,0,783506
"Europe","EUR",1975,13576884,5275942,0,0,8300942
"Europe","EUR",1976,13366546,5041949,0,0,8324597
"Europe","EUR",1977,14609425,5947133,0,0,8662292
"Europe","EUR",1978,15394091,6158949,3,0,9235139
"Europe","EUR",1979,10258848,640884,6,0,9617958
"Europe","EUR",1980,74340699,63735645,105,0,10604949
"Europe","EUR",1981,17089261,6445633,105,0,10643523
"Europe","EUR",1982,72518301,62681995,185,0,9836121
"Europe","EUR",1983,105151167,64914514,30100001,0,10136652
"Europe","EUR",1984,78974486,67475525,382,1010101,10488478
"Europe","EUR",1985,77549240,65015826,574,1010101,11522739
"Europe","EUR",1986,19891083,6380437,1336,1010101,12499209
"Europe","EUR",1987,38175863,6728461,19080001,0,12367401
"Europe","EUR",1988,84061871,69886774,3297,1010101,13161699
"Europe","EUR",1989,23341145,635407,5154,9090909,13609675
"Europe","EUR",1990,173953892,64604095,77946043,12455001,18948753
"Europe","EUR",1991,68734775,65799316,979428,1552,1954479
"Europe","EUR",1992,103586274,67553937,15346481,25082,20660774
"Europe","EUR",1993,25788427,690672,2291426,32363,22773966
"Europe","EUR",1994,102865383,70239154,29880357,346575,2399297
"Europe","EUR",1995,65775900,705493,38732293,44909,26293205
"Europe","EUR",1996,129371876,6619428,48395853,47833413,26523182
"Europe","EUR",1997,102527251,6856161,7305893,56997243,31367954
"Europe","EUR",1998,118194642,71029535,11178979,671515,35314613
"Europe","EUR",1999,33234633,7241003,14234546,8028906,3730178
"Europe","EUR",2000,108531025,7509408,22412415,74515246,4093956
"Europe","EUR",2001,81288594,7618888,26864628,1942865,44862213
"Europe","EUR",2002,188175839,69246765,36435246,31479302,51014526
"Europe","EUR",2003,104078171,6507334,44851658,46881574,5837605
"Europe","EUR",2004,148798543,7005616,59749386,75098586,6944955
"Europe","EUR",2005,100711409,70481934,7157354,15125293,7946828
"Europe","EUR",2006,89045277,69114386,8365842,2569654,8995395
"Europe","EUR",2007,31544202,7047683,10616511,3878197,10001811
"Europe","EUR",2008,38007479,7248221,12132885,7589541,11036832
"Europe","EUR",2009,22119828,7280232,1346703,1432421,12060472
"Europe","EUR",2010,26425508,7654957,15051721,2351834,1366996
"Europe","EUR",2011,148090314,68041455,18248463,47211292,14589104
"Europe","EUR",2012,51651086,7312351,20949336,7217967,16171432
"Europe","EUR",2013,128212614,78356384,24090575,8653961,17111694
"Europe","EUR",2014,131374051,77686316,25674585,9838232,18174918
"Europe","EUR",2015,68430109,7383155,30792554,10927955,19326445
"Europe","EUR",2016,138773032,77106885,30805063,11278677,19582407
"Europe","EUR",2017,140318933,71382404,36712167,12135214,20089148
"Europe","EUR",2018,79882361,7773937,38436334,12989279,20682811
"Europe","EUR",2019,113442450,73413464,4391021,14290324,21347641
"Europe","EUR",2020,51391332,7956161,4908472,16709116,21817583
"Europe","EUR",2021,147649230,81411743,47316605,18691594,229288
"Europe","EUR",2022,105173769,6965059,52593713,23471085,22143912
"Europe","EUR",2023,127181217,77979565,584881,28015323,20601448
"Europe","EUR",2024,38098770,8339208,5961051,3348674,20449837
"Europe (EI)","REG",1965,30222543,30219534,0,0,3009
"Europe (EI)","REG",1966,3249800,3245699,0,0,4101
"Europe (EI)","REG",1967,32450763,32446274,0,0,4489
"Europe (EI)","REG",1968,33628663,33623666,0,0,4997
"Europe (EI)","REG",1969,38520496,33097592,0,0,5422904
"Europe (EI)","REG",1970,41726163,34607806,0,0,7118357
"Europe (EI)","REG",1971,107275149,34956314,0,0,72318835
"Europe (EI)","REG",1972,43505906,36383298,0,0,7122608
"Europe (EI)","REG",1973,11356518,3693127,0,0,7663391
"Europe (EI)","REG",1974,4797119,3992913,0,0,804206
"Europe (EI)","REG",1975,49272019,40751077,0,0,8520942
"Europe (EI)","REG",1976,12253945,3768347,0,0,8485598
"Europe (EI)","REG",1977,54507455,45627164,0,0,8880291
"Europe (EI)","REG",1978,54925014,45552872,3,0,9372139
"Europe (EI)","REG",1979,57677951,47914987,6,0,9762958
"Europe (EI)","REG",1980,47550863,46476663,105,0,1074095
"Europe (EI)","REG",1981,15457982,4704354,105,0,10753523
"Europe (EI)","REG",1982,56467272,46630966,185,0,9836121
"Europe (EI)","REG",1983,58149538,48012585,301,0,10136652
"Europe (EI)","REG",1984,60040415,48519354,382,1010101,10510578
"Europe (EI)","REG",1985,7188121,5024572,574,1010101,1152874
"Europe (EI)","REG",1986,174996066,48556534,1336,1010101,125428095
"Europe (EI)","REG",1987,17716371,5289161,1908,0,12425302
"Europe (EI)","REG",1988,6814436,5668737,3297,1010101,132301
"Europe (EI)","REG",1989,72128404,49360065,5154,9090909,13672276
"Europe (EI)","REG",1990,147154647,50232297,77946043,12455,18963852
"Europe (EI)","REG",1991,71836916,51256445,979428,1552,19599491
"Europe (EI)","REG",1992,41381001,5294964,15346481,25082,20714474
"Europe (EI)","REG",1993,100826084,55031494,22914262,32363,22847965
"Europe (EI)","REG",1994,38203453,5570324,29880357,346575,2406197
"Europe (EI)","REG",1995,121795574,56475867,38732293,44909,26542505
"Europe (EI)","REG",1996,177763845,54809296,48395853,47833413,26725283
"Europe (EI)","REG",1997,101670664,5679772,7305893,56997243,31687756
"Europe (EI)","REG",1998,53378602,5939993,11184479,671515,35582615
"Europe (EI)","REG",1999,32012388,5982668,14255046,8028906,3745768
"Europe (EI)","REG",2000,40182798,6177163,22443914,7451525,4110196
"Europe (EI)","REG",2001,110853938,61196967,2692393,1942865,45021713
"Europe (EI)","REG",2002,93507149,5639484,36477047,314793,51075825
"Europe (EI)","REG",2003,150640303,53036487,44904457,46881574,5817785
"Europe (EI)","REG",2004,209775960,5709353,59799076,75098586,69168945
"Europe (EI)","REG",2005,87375590,57173285,7162474,15125293,7914538
"Europe (EI)","REG",2006,43596286,562068,8378272,25696537,8959409
"Europe (EI)","REG",2007,160903419,5635391,106508606,38781967,9977455
"Europe (EI)","REG",2008,36754295,5932728,12216915,7589541,11015111
"Europe (EI)","REG",2009,86095734,58973755,13616087,1432421,12073471
"Europe (EI)","REG",2010,117647812,65076245,15342845,23520739,13707983
"Europe (EI)","REG",2011,86257027,5696559,18719914,47212955,14627599
"Europe (EI)","REG",2012,172532171,62557385,21534286,72179726,16260774
"Europe (EI)","REG",2013,194829348,66169525,24845071,86535194,17279558
"Europe (EI)","REG",2014,37371538,6439924,2651608,9823771,18456235
"Europe (EI)","REG",2015,68961050,6373569,31939096,10912907,19735478
"Europe (EI)","REG",2016,129196520,65354596,32334662,11333557,20173705
"Europe (EI)","REG",2017,42925218,5864735,3847895,12360844,20851744
"Europe (EI)","REG",2018,140359215,64637067,40397638,13695013,21629497
"Europe (EI)","REG",2019,69669431,6282303,46035202,15098903,2253023
"Europe (EI)","REG",2020,82962116,6608722,51435236,1760092,23158066
"Europe (EI)","REG",2021,101092198,6551399,50184995,19837297,24518507
"Europe (EI)","REG",2022,161005330,56527185,55650684,24899109,23928352
"Europe (EI)","REG",2023,64974113,6426324,6140709,29945563,22461517
"Europe (EI)","REG",2024,171050881,69799603,62799457,36216907,2234914
"European Union (27)","REG",1965,21183512,21180603,0,0,2909
"European Union (27)","REG",1966,23049360,23045381,0,0,3979
"European Union (27)","REG",1967,22223579,22219263,0,0,4316
"European Union (27)","REG",1968,2270627,2265809,0,0,4818
"European Union (27)","REG",1969,2229822,2224579,0,0,5243
"European Union (27)","REG",1970,30412539,23472273,0,0,6940266
"European Union (27)","REG",1971,30380626,23322775,0,0,7057851
"European Union (27)","REG",1972,9374308,2448364,0,0,6925944
"European Union (27)","REG",1973,9877512,2435321,0,0,7442191
"European Union (27)","REG",1974,34131052,26301743,0,0,7829309
"European Union (27)","REG",1975,34773141,26490546,0,0,8282595
"European Union (27)","REG",1976,10617213,2311628,0,0,8305585
"European Union (27)","REG",1977,11722022,3075857,0,0,8646165
"European Union (27)","REG",1978,121136494,29947946,3,0,91188545
"European Union (27)","REG",1979,12424571,3139237,6,0,9285328
"European Union (27)","REG",1980,40158150,29770767,105,0,10387278
"European Union (27)","REG",1981,1302367,293823,105,0,1008439
"European Union (27)","REG",1982,38176104,28888766,185,0,9287153
"European Union (27)","REG",1983,39037397,29468158,301,0,9568938
"European Union (27)","REG",1984,12935283,2988656,382,0,9946245
"European Union (27)","REG",1985,41445563,30463483,574,0,10981506
"European Union (27)","REG",1986,40581761,28777554,1336,0,11802871
"European Union (27)","REG",1987,11634771,31598,1908,0,11601265
"European Union (27)","REG",1988,15715423,3336034,3297,0,12376092
"European Union (27)","REG",1989,164310942,27273294,5064,9090909,127941675
"European Union (27)","REG",1990,27916783,2846682,7704604,11455,17354042
"European Union (27)","REG",1991,21830699,2979111,970428,1352,17879808
"European Union (27)","REG",1992,36864159,3104662,15016481,22082,18720934
"European Union (27)","REG",1993,73066150,31840985,20669987,28355,20526823
"European Union (27)","REG",1994,48302478,327802,26344247,296395,21334034
"European Union (27)","REG",1995,90868998,32683032,34706535,38877,23440554
"European Union (27)","REG",1996,82371957,32544012,43409996,4079341,2338608
"European Union (27)","REG",1997,152482109,33502988,66253376,49934246,2791499
"European Union (27)","REG",1998,48554284,34581534,10284428,590805,3097517
"European Union (27)","REG",1999,86280656,34362308,13352978,6921506,31643864
"European Union (27)","REG",2000,97317870,35624695,21423986,5714925,34554264
"European Union (27)","REG",2001,45652166,37566675,2584902,1737815,3762774
"European Union (27)","REG",2002,39753130,31639236,3506749,291148,4315997
"European Union (27)","REG",2003,118583758,30681854,43298035,44112274,491595
"European Union (27)","REG",2004,22109502,3257805,5750379,7221619,5879699
"European Union (27)","REG",2005,52877805,30743076,680973,14765953,6687803
"European Union (27)","REG",2006,112233095,3111533,7871408,25267808,75982346
"European Union (27)","REG",2007,146966694,309189,99913765,38271239,8472501
"European Union (27)","REG",2008,145830986,32747495,11323429,7526946,94233116
"European Union (27)","REG",2009,261282937,3301291,12432536,142403755,103145355
"European Union (27)","REG",2010,86430319,37384525,13924464,23370987,11750343
"European Union (27)","REG",2011,91647395,30715652,1650541,46748524,12532678
"European Union (27)","REG",2012,43005828,3306224,18769888,7016207,13913509
"European Union (27)","REG",2013,80498648,36668808,20985716,8340547,14503577
"European Union (27)","REG",2014,50197415,3688252,22111725,9283321,15114117
"European Union (27)","REG",2015,85463327,33500125,26356418,9972287,15634497
"European Union (27)","REG",2016,176953092,34478198,26728305,99951904,15794685
"European Union (27)","REG",2017,58324113,293229,31286264,10673087,16071533
"European Union (27)","REG",2018,93975950,34265976,32125757,11327862,16256355
"European Union (27)","REG",2019,97296013,31717914,36531326,12397537,16649236
"European Union (27)","REG",2020,105806723,34586914,39867123,14425002,16927684
"European Union (27)","REG",2021,107610876,34739478,38759262,16252512,17859624
"European Union (27)","REG",2022,108130147,27486203,42232224,20921715,17490005
"European Union (27)","REG",2023,122165282,32882184,48006903,25190953,16085242
"European Union (27)","REG",2024,98349449,3685037,48956882,30291122,15416408
"Finland","FIN",1965,9353536,9353536,0,0,0
"Finland","FIN",1966,10380808,10380808,0,0,0
"Finland","FIN",1967,116292925,116292925,0,0,0
"Finland","FIN",1968,10488889,10488889,0,0,0
"Finland","FIN",1969,8745455,8745455,0,0,0
"Finland","FIN",1970,9524242,9524242,0,0,0
"Finland","FIN",1971,10680808,10680808,0,0,0
"Finland","FIN",1972,10379798,10379798,0,0,0
"Finland","FIN",1973,10579798,10579798,0,0,0
"Finland","FIN",1974,12703031,12703031,0,0,0
"Finland","FIN",1975,12209091,12209091,0,0,0
"Finland","FIN",1976,9481818,9481818,0,0,0
"Finland","FIN",1977,12181818,12181818,0,0,0
"Finland","FIN",1978,979899,979899,0,0,0
"Finland","FIN",1979,108707075,108707075,0,0,0
"Finland","FIN",1980,10217172,10217172,0,0,0
"Finland","FIN",1981,13654546,13654546,0,0,0
"Finland","FIN",1982,13088889,13088889,0,0,0
"Finland","FIN",1983,13580808,13580808,0,0,0
"Finland","FIN",1984,13247475,13247475,0,0,0
"Finland","FIN",1985,12334344,12334344,0,0,0
"Finland","FIN",1986,12389899,12389899,0,0,0
"Finland","FIN",1987,13795959,13795959,0,0,0
"Finland","FIN",1988,13362626,13362626,0,0,0
"Finland","FIN",1989,13030303,13030303,0,0,0
"Finland","FIN",1990,16470,10859,0,455,5156
"Finland","FIN",1991,18248,13197,0,52,4999
"Finland","FIN",1992,16198,15107,2,594,495
"Finland","FIN",1993,20110,13476,4,672,5958
"Finland","FIN",1994,19010,11787,7,751,6465
"Finland","FIN",1995,20381,12925,11,837,6608
"Finland","FIN",1996,8068,1186,11,982,5889
"Finland","FIN",1997,21358,12242,17,1208,7891
"Finland","FIN",1998,25699,15051,23,1292,9333
"Finland","FIN",1999,11107,1278,49,1417,8363
"Finland","FIN",2000,8642145,1466,78,1576,8639025
"Finland","FIN",2001,8286779,13205,7,1715,8271852
"Finland","FIN",2002,9001519,10776,64,1865,8988814
"Finland","FIN",2003,9391067,9591,93,2097,9379286
"Finland","FIN",2004,25631877,15069615,120344,2361,10439557
"Finland","FIN",2005,9698573,13784,169942,2631,9512216
"Finland","FIN",2006,12734105,11493691,155641,3379,1081394
"Finland","FIN",2007,24324302,14177206,188408,3811,9954877
"Finland","FIN",2008,27546765,17112131,26052,3944,10404638
"Finland","FIN",2009,10283526,1268603,276624,4317,8733982
"Finland","FIN",2010,24195264,12921994,294317,4739,10974214
"Finland","FIN",2011,24171318,12445039,481393,53,11244833
"Finland","FIN",2012,28559187,16859129,494323,5749,11199986
"Finland","FIN",2013,25629667,12838601,773692,6452,12010922
"Finland","FIN",2014,26270619,13397044,1107172,7752,11758651
"Finland","FIN",2015,30526724,16768698,2327359,11311,11419356
"Finland","FIN",2016,30411957,15799127,3068041,22066,11522723
"Finland","FIN",2017,31476711,14771469,4795192,48513,11861537
"Finland","FIN",2018,32140222,13301104,5838668,90225,12910225
"Finland","FIN",2019,31884461,12420475,6024746,147182,13292058
"Finland","FIN",2020,35927340,15883341,8255676,218471,11569852
"Finland","FIN",2021,38174507,15791129,8506734,297518,13579126
"Finland","FIN",2022,26524047,1349176,12021995,392342,12760534
"Finland","FIN",2023,41657617,15200385,15043174,71644,11342414
"Finland","FIN",2024,58044091,14317854,20655367,12809415,10261455
"France","FRA",1965,46881092,46881092,0,0,0
"France","FRA",1966,5220886,5220847,0,0,39
"France","FRA",1967,4538371,4537766,0,0,605
"France","FRA",1968,5043187,5042261,0,0,926
"France","FRA",1969,5295276,5294209,0,0,1067
"France","FRA",1970,70383942,56681484,0,0,13702458
"France","FRA",1971,62774949,48856724,0,0,13918225
"France","FRA",1972,63983420,48831467,0,0,15151953
"France","FRA",1973,63197126,47696262,0,0,15500864
"France","FRA",1974,72000877,56230286,0,0,15770591
"France","FRA",1975,74266786,60107937,0,0,14158849
"France","FRA",1976,4869792,4856463,0,0,13329
"France","FRA",1977,90068790,76322975,0,0,13745815
"France","FRA",1978,21019864,6835983,0,0,14183881
"France","FRA",1979,81259238,66419136,0,0,14840102
"France","FRA",1980,21662911,6952675,0,0,14710236
"France","FRA",1981,22141042,7219517,0,0,14921525
"France","FRA",1982,7210220,7057486,0,0,152734
"France","FRA",1983,69458603,69443016,0,0,15587
"France","FRA",1984,6585234,6569011,0,0,16223
"France","FRA",1985,62081219,61916004,0,0,165215
"France","FRA",1986,79111,62483,0,0,16628
"France","FRA",1987,88004,70498,0,0,17506
"France","FRA",1988,253847,76522,0,0,177325
"France","FRA",1989,46821142,46636997,0,0,184145
"France","FRA",1990,327305,53866,271526,0,1913
"France","FRA",1991,549308,57602,489604,0,2102
"France","FRA",1992,562182,68956,489604,1488,2134
"France","FRA",1993,308770,64895,240218,1683,1974
"France","FRA",1994,104440,78794,4704,18785,2157
"France","FRA",1995,122794,73119,47142,204,2329
"France","FRA",1996,169272,66044,74302,26503,2423
"France","FRA",1997,211791,63764,111284,34068,2675
"France","FRA",1998,300603,62093,194972,40885,2653
"France","FRA",1999,3815285,72514,3694443,45475,2853
"France","FRA",2000,591722,66363,48,522325,2986
"France","FRA",2001,139338,74268,131,61605,3334
"France","FRA",2002,774544,60397,265,710345,3537
"France","FRA",2003,140721,58943,388,77673,3717
"France","FRA",2004,8511916,59555,595,8447984,3782
"France","FRA",2005,1060058,5148,962,1050076,3872
"France","FRA",2006,1252931,56303,2182,1190605,3841
"France","FRA",2007,62245,57604,407,18,4216
"France","FRA",2008,73826,63654,5694,42,4436
"France","FRA",2009,69658,56994,7912,174,4578
"France","FRA",2010,77638,62714,9945,62,4917
"France","FRA",2011,63135755,44848557,12561006,207784,5518408
"France","FRA",2012,83965687,58781254,15411553,4015693,5757187
"France","FRA",2013,27926824,708423,16387354,4734146,6096901
"France","FRA",2014,92921179,62828735,17596663,5913478,6582303
"France","FRA",2015,135142413,54556957,2177858,7263165,71144433
"France","FRA",2016,166954371,59923428,21735586,8164944,77130413
"France","FRA",2017,68817210,48964455,2503588,9102626,8246541
"France","FRA",2018,85785369,63915768,2910284,10327941,8631376
"France","FRA",2019,79970224,56027714,3530979,11647888,8763643
"France","FRA",2020,123776069,61703796,40543602,12716188,8812483
"France","FRA",2021,120262419,58653072,37487778,14880584,9240985
"France","FRA",2022,37137543,4427017,3886119,19144035,9680372
"France","FRA",2023,91686903,55720673,5139639,21312368,9514223
"France","FRA",2024,150849353,70907906,47145226,23183577,9612644
"Germany","DEU",1965,1621221,1621221,0,0,0
"Germany","DEU",1966,17533998,17533998,0,0,0
"Germany","DEU",1967,16652311,16652311,0,0,0
"Germany","DEU",1968,1689899,1689899,0,0,0
"Germany","DEU",1969,13713478,13713478,0,0,0
"Germany","DEU",1970,109535694,17533678,0,0,92002016
"Germany","DEU",1971,23465470,13455188,0,0,10010282
"Germany","DEU",1972,23393382,13205894,0,0,10187488
"Germany","DEU",1973,25760511,15229462,0,0,10531049
"Germany","DEU",1974,17745757,17638132,0,0,107625
"Germany","DEU",1975,28306226,17059124,0,0,11247102
"Germany","DEU",1976,26623686,13846833,0,0,12776853
"Germany","DEU",1977,14224055,1758216,0,0,12465839
"Germany","DEU",1978,19679700,18362234,0,0,1317466
"Germany","DEU",1979,32816864,18383686,0,0,14433178
"Germany","DEU",1980,38731681,19069143,0,0,19662538
"Germany","DEU",1981,37957049,19914673,0,0,18042376
"Germany","DEU",1982,21536806,19737993,0,0,1798813
"Germany","DEU",1983,34114398,18712017,0,0,15402381
"Germany","DEU",1984,34908622,18479174,0,0,16429448
"Germany","DEU",1985,18180362,1740065,0,0,16440297
"Germany","DEU",1986,34527678,18571981,1,0,15955696
"Germany","DEU",1987,16492792,2034297,2,0,14458493
"Germany","DEU",1988,36458217,20079391,8,0,16378818
"Germany","DEU",1989,35736434,18243729,26,0,17492679
"Germany","DEU",1990,18842,17335,71,1,1435
"Germany","DEU",1991,3098,1585,1,1,1511
"Germany","DEU",1992,20474,18635,275,2,1562
"Germany","DEU",1993,3568,1896,6,3,1663
"Germany","DEU",1994,23014,20195,909,4,1906
"Germany","DEU",1995,23625,21556,15,5,2049
"Germany","DEU",1996,22999,18818,2032,6,2143
"Germany","DEU",1997,24226,18952,2966,11,2297
"Germany","DEU",1998,26224,19002,4489,15,2718
"Germany","DEU",1999,26527,20686,5528,19,294
"Germany","DEU",2000,378,249,95,0,34
"Germany","DEU",2001,390,232,105,1,52
"Germany","DEU",2002,461,237,158,2,64
"Germany","DEU",2003,27289249,18321198,19087,313,8948651
"Germany","DEU",2004,31407812,20745722,26019,557,10635514
"Germany","DEU",2005,14756121,19638,27774,1308,14707401
"Germany","DEU",2006,18988885,20031,31324,2265,18935265
"Germany","DEU",2007,24661728,2117,40507,3137,24615967
"Germany","DEU",2008,28099541,20443,41385,4508,28033205
"Germany","DEU",2009,30933884,19031,3942,6715,30904196
"Germany","DEU",2010,34023539,20953,38547,11963,33952076
"Germany","DEU",2011,36996817,17671,49857,19991,36909298
"Germany","DEU",2012,43282530,21755,5168,26744,43228863
"Germany","DEU",2013,4665584,22998,52737,30621,4559228
"Germany","DEU",2014,48499679,19587,58497,35448,48386147
"Germany","DEU",2015,50597173,18977,80624,38076,50459496
"Germany","DEU",2016,51241534,20546,79924,37556,51103508
"Germany","DEU",2017,51226921,2015,105693,38761,51080452
"Germany","DEU",2018,5229233,17693,109951,4432,5097157
"Germany","DEU",2019,5223208,19731,125894,45221,5032362
"Germany","DEU",2020,5316052,18322,132102,49496,5116132
"Germany","DEU",2021,70081489,19657415,114647,4934,50304493
"Germany","DEU",2022,69711888,17624172,124816,60304,51902596
"Germany","DEU",2023,25058137,19895378,141764,63873,4957122
"Germany","DEU",2024,49026134,22213,138859,74134,48790928
"Greece","GRC",1965,801,801,0,0,0
"Greece","GRC",1966,173,173,0,0,0
"Greece","GRC",1967,166,166,0,0,0
"Greece","GRC",1968,1368,1368,0,0,0
"Greece","GRC",1969,2055,2055,0,0,0
"Greece","GRC",1970,2636,2636,0,0,0
"Greece","GRC",1971,2652,2652,0,0,0
"Greece","GRC",1972,2677,2677,0,0,0
"Greece","GRC",1973,2223,2223,0,0,0
"Greece","GRC",1974,2347,2347,0,0,0
"Greece","GRC",1975,2015,2015,0,0,0
"Greece","GRC",1976,1879,1879,0,0,0
"Greece","GRC",1977,1922,1922,0,0,0
"Greece","GRC",1978,2988,2988,0,0,0
"Greece","GRC",1979,3566,3566,0,0,0
"Greece","GRC",1980,3405,3405,0,0,0
"Greece","GRC",1981,3407,3407,0,0,0
"Greece","GRC",1982,3561,3561,0,0,0
"Greece","GRC",1983,234,234,0,0,0
"Greece","GRC",1984,2862,2862,0,0,0
"Greece","GRC",1985,2805,2805,0,0,0
"Greece","GRC",1986,3235,3235,0,0,0
"Greece","GRC",1987,279,278,1,0,0
"Greece","GRC",1988,2367,2366,1,0,0
"Greece","GRC",1989,20,19,1,0,0
"Greece","GRC",1990,1771,1769,2,0,0
"Greece","GRC",1991,3101,3099,2,0,0
"Greece","GRC",1992,2212,2203,8,0,1
"Greece","GRC",1993,2330,2282,47,0,1
"Greece","GRC",1994,2637,2599,37,0,1
"Greece","GRC",1995,3564,3529,34,0,1
"Greece","GRC",1996,4386,4348,38,0,0
"Greece","GRC",1997,3918,3882,36,0,0
"Greece","GRC",1998,3724,3717,7,0,0
"Greece","GRC",1999,4755,4592,162,0,1
"Greece","GRC",2000,4144,3693,451,0,0
"Greece","GRC",2001,2932,2097,756,0,79
"Greece","GRC",2002,805,28,651,0,126
"Greece","GRC",2003,5892,4766,1021,0,105
"Greece","GRC",2004,5917781,4672078,1120765,775,124163
"Greece","GRC",2005,6297054,5017497,1266452,953,12152
"Greece","GRC",2006,7679713,5864849,1699353,1386,114125
"Greece","GRC",2007,2593566,2591422,1818,142,184
"Greece","GRC",2008,3511122,3312288,2242,5236,191356
"Greece","GRC",2009,5572678,5352558,2543,5,217572
"Greece","GRC",2010,10346457,7474753,2713937,157748,19
"Greece","GRC",2011,8143518,4011165,3315227,610311,206815
"Greece","GRC",2012,10140962,4392525,3850157,1693986,204294
"Greece","GRC",2013,14350567,6346921,4139136,3648101,216409
"Greece","GRC",2014,12178443,4478322,3688575,3791885,219661
"Greece","GRC",2015,14850275,6098194,4621019,3899636,231426
"Greece","GRC",2016,14645673,5542638,5145896,3929716,27423
"Greece","GRC",2017,13801039,3962547,5536987,3991477,310028
"Greece","GRC",2018,15865766,5743448,6300259,3790652,31407
"Greece","GRC",2019,12110823,3999598,7266347,442851,402027
"Greece","GRC",2020,17554199,3343687,9310104,4446854,453554
"Greece","GRC",2021,22136603,5903439,10482981,5250978,499205
"Greece","GRC",2022,12651836,3855192,1088325,7139715,568604
"Greece","GRC",2023,24385515,3815328,11021764,8893572,654851
"Greece","GRC",2024,61559909,32183368,11947859,10168503,7260179
"High-income countries","REG",1965,24972224,7086991,0,0,17885233
"High-income countries","REG",1966,20432136,748128,0,0,19684008
"High-income countries","REG",1967,96539268,76725696,0,0,19813572
"High-income countries","REG",1968,29807017,7865971,0,0,21941046
"High-income countries","REG",1969,105383120,82303156,0,0,23079964
"High-income countries","REG",1970,33424118,8459154,0,0,24964964
"High-income countries","REG",1971,113956454,88446545,0,0,25509909
"High-income countries","REG",1972,27590635,92457,0,0,27498178
"High-income countries","REG",1973,38634186,9263104,0,0,29371082
"High-income countries","REG",1974,41290562,10164633,0,0,31125929
"High-income countries","REG",1975,41277802,10174889,0,0,31102913
"High-income countries","REG",1976,132020217,97425464,0,0,34594753
"High-income countries","REG",1977,13437043,9805924,0,0,3631119
"High-income countries","REG",1978,39454148,1054411,3,0,38399734
"High-income countries","REG",1979,51209599,10972281,6,0,40237312
"High-income countries","REG",1980,53027754,10887665,105,0,42139984
"High-income countries","REG",1981,54512254,10984912,105,0,43527237
"High-income countries","REG",1982,16357224,11267185,185,0,5089854
"High-income countries","REG",1983,70794214,11812301,3279495,3,55702415
"High-income countries","REG",1984,126184699,11781267,44755556,6311111,63336765
"High-income countries","REG",1985,90703159,13340208,642202,11747475,64973274
"High-income countries","REG",1986,36907414,13354481,1388313,15183839,6980781
"High-income countries","REG",1987,41393575,13288092,19537677,1060303,7507503
"High-income countries","REG",1988,94931743,13308645,3315798,1019596,77287704
"High-income countries","REG",1989,19159206,13017162,2649777,2622232,870035
"High-income countries","REG",1990,97622405,13445411,35981474,38524994,9670526
"High-income countries","REG",1991,123742798,13649559,3962106,5012229,101118904
"High-income countries","REG",1992,21249950,1352192,4511029,4605791,10780938
"High-income countries","REG",1993,84779643,14159816,53911333,5486695,11221799
"High-income countries","REG",1994,141871187,13821321,6536823,5869649,115643394
"High-income countries","REG",1995,104013849,14623927,71368384,6258407,11763131
"High-income countries","REG",1996,150507563,14660482,8184981,6781294,120880806
"High-income countries","REG",1997,45852361,15032139,10711638,7265302,12843282
"High-income countries","REG",1998,107541198,1473823,14342827,78469133,13255415
"High-income countries","REG",1999,44008848,14843721,19050505,8750173,1364449
"High-income countries","REG",2000,67685540,14929869,28700922,10061297,13993452
"High-income countries","REG",2001,45616183,14121918,3470231,13493878,14530156
"High-income countries","REG",2002,37563049,14130983,4842735,17004634,1584697
"High-income countries","REG",2003,57578415,13820155,5855832,21290364,16612064
"High-income countries","REG",2004,138039604,14200316,77624626,28203647,18011015
"High-income countries","REG",2005,83479324,14369843,9514363,40099363,19495755
"High-income countries","REG",2006,33918804,14481941,11838905,5543012,2054946
"High-income countries","REG",2007,39027914,14208772,15126659,7505002,2187481
"High-income countries","REG",2008,48062500,14544327,18951372,12286263,2280538
"High-income countries","REG",2009,81501437,14621564,22678685,20458181,23743007
"High-income countries","REG",2010,57387263,1474617,26750854,3264029,25897763
"High-income countries","REG",2011,106378603,14892076,3295038,61179203,27012286
"High-income countries","REG",2012,22589991,14932139,3800161,932425,2925266
"High-income countries","REG",2013,63043648,15414417,4406714,12284364,30938153
"High-income countries","REG",2014,111292223,15233762,47294257,16261171,32503033
"High-income countries","REG",2015,93301904,14819265,55064545,19979823,3438271
"High-income countries","REG",2016,26966258,15269797,5933872,2326374,3436215
"High-income countries","REG",2017,59844302,15137128,6831016,2806605,35069553
"High-income countries","REG",2018,29642856,15573364,7248062,3212429,3609001
"High-income countries","REG",2019,63209765,15044458,8056166,3688343,36420798
"High-income countries","REG",2020,105743215,15717161,9071715,44095657,36858682
"High-income countries","REG",2021,68599796,15375063,9385946,5238714,38600073
"High-income countries","REG",2022,21314221,14467831,10595,6457517,378278
"High-income countries","REG",2023,37106526,14725802,11134575,7601153,3644996
"High-income countries","REG",2024,72658638,15159115,11725508,8974442,36799573
"Hong Kong","HKG",1965,0,0,0,0,0
"Hong Kong","HKG",1966,0,0,0,0,0
"Hong Kong","HKG",1967,0,0,0,0,0
"Hong Kong","HKG",1968,0,0,0,0,0
"Hong Kong","HKG",1969,0,0,0,0,0
"Hong Kong","HKG",1970,0,0,0,0,0
"Hong Kong","HKG",1971,0,0,0,0,0
"Hong Kong","HKG",1972,0,0,0,0,0
"Hong Kong","HKG",1973,0,0,0,0,0
"Hong Kong","HKG",1974,0,0,0,0,0
"Hong Kong","HKG",1975,0,0,0,0,0
"Hong Kong","HKG",1976,0,0,0,0,0
"Hong Kong","HKG",1977,0,0,0,0,0
"Hong Kong","HKG",1978,0,0,0,0,0
"Hong Kong","HKG",1979,0,0,0,0,0
"Hong Kong","HKG",1980,0,0,0,0,0
"Hong Kong","HKG",1981,0,0,0,0,0
"Hong Kong","HKG",1982,0,0,0,0,0
"Hong Kong","HKG",1983,0,0,0,0,0
"Hong Kong","HKG",1984,0,0,0,0,0
"Hong Kong","HKG",1985,0,0,0,0,0
"Hong Kong","HKG",1986,0,0,0,0,0
"Hong Kong","HKG",1987,0,0,0,0,0
"Hong Kong","HKG",1988,0,0,0,0,0
"Hong Kong","HKG",1989,0,0,0,0,0
"Hong Kong","HKG",1990,0,0,0,0,0
"Hong Kong","HKG",1991,0,0,0,0,0
"Hong Kong","HKG",1992,0,0,0,0,0
"Hong Kong","HKG",1993,0,0,0,0,0
"Hong Kong","HKG",1994,0,0,0,0,0
"Hong Kong","HKG",1995,0,0,0,0,0
"Hong Kong","HKG",1996,0,0,0,0,0
"Hong Kong","HKG",1997,0,0,0,0,0
"Hong Kong","HKG",1998,0,0,0,0,0
"Hong Kong","HKG",1999,0,0,0,0,0
"Hong Kong","HKG",2000,0,0,0,0,0
"Hong Kong","HKG",2001,0,0,0,0,0
"Hong Kong","HKG",2002,0,0,0,0,0
"Hong Kong","HKG",2003,0,0,0,0,0
"Hong Kong","HKG",2004,0,0,0,0,0
"Hong Kong","HKG",2005,0,0,0,0,0
"Hong Kong","HKG",2006,694,0,694,0,0
"Hong Kong","HKG",2007,865,0,865,0,0
"Hong Kong","HKG",2008,807,0,807,0,0
"Hong Kong","HKG",2009,1099,0,1099,0,0
"Hong Kong","HKG",2010,1081,0,1041,1,39
"Hong Kong","HKG",2011,914,0,868,3,43
"Hong Kong","HKG",2012,1097,0,1053,3,41
"Hong Kong","HKG",2013,875,0,836,3,36
"Hong Kong","HKG",2014,55,0,9,3,43
"Hong Kong","HKG",2015,872,0,811,4,57
"Hong Kong","HKG",2016,561,0,492,4,65
"Hong Kong","HKG",2017,71694,0,1045,5605,65044
"Hong Kong","HKG",2018,73575,0,7,6383,67185
"Hong Kong","HKG",2019,74478,0,7,166,74305
"Hong Kong","HKG",2020,167318,0,1026,52235,114057
"Hong Kong","HKG",2021,135296,0,832,120359,14105
"Hong Kong","HKG",2022,329691,0,832,179168,149691
"Hong Kong","HKG",2023,33904371,0,832,32294837,1608702
"Hong Kong","HKG",2024,51144207,0,834279,32383317,17926611
"Hungary","HUN",1965,75,75,0,0,0
"Hungary","HUN",1966,1,1,0,0,0
"Hungary","HUN",1967,82,82,0,0,0
"Hungary","HUN",1968,89,89,0,0,0
"Hungary","HUN",1969,95,95,0,0,0
"Hungary","HUN",1970,88,88,0,0,0
"Hungary","HUN",1971,96,96,0,0,0
"Hungary","HUN",1972,11,11,0,0,0
"Hungary","HUN",1973,101,101,0,0,0
"Hungary","HUN",1974,81,81,0,0,0
"Hungary","HUN",1975,163,163,0,0,0
"Hungary","HUN",1976,165,165,0,0,0
"Hungary","HUN",1977,149,149,0,0,0
"Hungary","HUN",1978,138,138,0,0,0
"Hungary","HUN",1979,146,146,0,0,0
"Hungary","HUN",1980,112,112,0,0,0
"Hungary","HUN",1981,168,168,0,0,0
"Hungary","HUN",1982,159,159,0,0,0
"Hungary","HUN",1983,155,155,0,0,0
"Hungary","HUN",1984,181,181,0,0,0
"Hungary","HUN",1985,155,155,0,0,0
"Hungary","HUN",1986,154,154,0,0,0
"Hungary","HUN",1987,169,169,0,0,0
"Hungary","HUN",1988,169,169,0,0,0
"Hungary","HUN",1989,158,158,0,0,0
"Hungary","HUN",1990,195,178,0,0,17
"Hungary","HUN",1991,218,194,0,0,24
"Hungary","HUN",1992,204,158,0,0,46
"Hungary","HUN",1993,205,166,0,0,39
"Hungary","HUN",1994,206,161,0,0,45
"Hungary","HUN",1995,219,163,0,0,56
"Hungary","HUN",1996,212,207,0,0,5
"Hungary","HUN",1997,269,216,0,0,53
"Hungary","HUN",1998,161,155,0,0,6
"Hungary","HUN",1999,246,181,0,0,65
"Hungary","HUN",2000,243,178,0,0,65
"Hungary","HUN",2001,194,186,1,0,7
"Hungary","HUN",2002,237,194,1,0,42
"Hungary","HUN",2003,336,171,4,0,161
"Hungary","HUN",2004,936,205,6,0,725
"Hungary","HUN",2005,1861,202,1,0,1658
"Hungary","HUN",2006,1493,186,43,0,1264
"Hungary","HUN",2007,1595,21,11,0,1563
"Hungary","HUN",2008,2357,213,205,1,1938
"Hungary","HUN",2009,2895,228,331,1,2335
"Hungary","HUN",2010,3013,188,527,1,2297
"Hungary","HUN",2011,2708,222,626,1,1859
"Hungary","HUN",2012,773057,213,771181,8,1655
"Hungary","HUN",2013,719975,213,717905,25,1832
"Hungary","HUN",2014,68148,301,65654,67,2126
"Hungary","HUN",2015,3229,234,693,141,2161
"Hungary","HUN",2016,3258,259,684,244,2071
"Hungary","HUN",2017,3282,22,758,349,2153
"Hungary","HUN",2018,3766,222,607,629,2308
"Hungary","HUN",2019,4690,219,729,1497,2245
"Hungary","HUN",2020,5529,244,655,2459,2171
"Hungary","HUN",2021,6915,212,664,3796,2243
"Hungary","HUN",2022,7113,178,61,4732,2142
"Hungary","HUN",2023,7951,222,646,6925,158
"Hungary","HUN",2024,11608224,231262,657892,8973962,1745108
"Iceland","ISL",1965,6407,6407,0,0,0
"Iceland","ISL",1966,6239,6239,0,0,0
"Iceland","ISL",1967,6645,6645,0,0,0
"Iceland","ISL",1968,6869,6869,0,0,0
"Iceland","ISL",1969,10505,8601,0,0,1904
"Iceland","ISL",1970,26220,14129,0,0,12091
"Iceland","ISL",1971,27429,15396,0,0,12033
"Iceland","ISL",1972,38690,17026,0,0,21664
"Iceland","ISL",1973,2423,2181,0,0,242
"Iceland","ISL",1974,28333,22582,0,0,5751
"Iceland","ISL",1975,40403,22056,0,0,18347
"Iceland","ISL",1976,42507,23495,0,0,19012
"Iceland","ISL",1977,41323,25197,0,0,16126
"Iceland","ISL",1978,20890,2605,0,0,18285
"Iceland","ISL",1979,32754,28191,0,0,4563
"Iceland","ISL",1980,75204,30532,0,0,44672
"Iceland","ISL",1981,153978,30845,0,0,123133
"Iceland","ISL",1982,193039,34071,0,0,158968
"Iceland","ISL",1983,207593,35879,0,0,171714
"Iceland","ISL",1984,210612,37379,0,0,173233
"Iceland","ISL",1985,207862,36629,0,0,171233
"Iceland","ISL",1986,250757,38418,0,0,212339
"Iceland","ISL",1987,238050,3914,0,0,234136
"Iceland","ISL",1988,249772,4164,0,0,245608
"Iceland","ISL",1989,299640,42132,0,0,257508
"Iceland","ISL",1990,69828,41537,0,0,28291
"Iceland","ISL",1991,308562,41537,0,0,267025
"Iceland","ISL",1992,4534067,4304298,0,0,229769
"Iceland","ISL",1993,4715270,4460998,0,0,254272
"Iceland","ISL",1994,4767660,4509295,0,0,258365
"Iceland","ISL",1995,4965364,4677187,0,0,288177
"Iceland","ISL",1996,39075742,4762314,0,0,34313428
"Iceland","ISL",1997,42508547,5201305,0,0,37307242
"Iceland","ISL",1998,70881381,5615576,0,0,65265805
"Iceland","ISL",1999,7177514,6041841,0,0,1135673
"Iceland","ISL",2000,7673151,6350488,0,0,1322663
"Iceland","ISL",2001,8023458,6572595,0,0,1450863
"Iceland","ISL",2002,7113724,6970682,0,0,143042
"Iceland","ISL",2003,84870056,70823274,0,0,14046782
"Iceland","ISL",2004,21955721,7131893,0,0,14823828
"Iceland","ISL",2005,23605584,7015286,0,0,16590298
"Iceland","ISL",2006,9921595,7288997,0,0,2632598
"Iceland","ISL",2007,44200262,8393735,0,0,35806527
"Iceland","ISL",2008,16465370,12427433,0,0,4037937
"Iceland","ISL",2009,57810211,12279343,0,0,45530868
"Iceland","ISL",2010,57245307,12592082,0,0,44653225
"Iceland","ISL",2011,17216238,12506839,7936,0,4701463
"Iceland","ISL",2012,6443158,1233653,0,0,5209505
"Iceland","ISL",2013,139358175,128628435,5484748,0,5244992
"Iceland","ISL",2014,73642207,12873015,8385545,0,52383647
"Iceland","ISL",2015,29677955,13780769,10894204,0,5002982
"Iceland","ISL",2016,23186102,13469596,9209778,0,506728
"Iceland","ISL",2017,200410095,140587225,8126884,0,51695986
"Iceland","ISL",2018,19826993,13812796,4363,0,6009834
"Iceland","ISL",2019,80212041,13461466,6569191,0,60181384
"Iceland","ISL",2020,72829598,13156972,66603,0,59606023
"Iceland","ISL",2021,77907,13804,6087,0,58016
"Iceland","ISL",2022,20117573,14195721,5749,6,5916097
"Iceland","ISL",2023,20239448,14225992,7228,9,6006219
"Iceland","ISL",2024,19663088,1358024,12339001,8,5966055
"India","IND",1965,19166937,19166937,0,0,0
"India","IND",1966,20015463,20015463,0,0,0
"India","IND",1967,2239752,2239752,0,0,0
"India","IND",1968,25849072,25849072,0,0,0
"India","IND",1969,28699583,28699583,0,0,0
"India","IND",1970,30436407,30436407,0,0,0
"India","IND",1971,33384148,33384148,0,0,0
"India","IND",1972,3240304,3240304,0,0,0
"India","IND",1973,34506676,34506676,0,0,0
"India","IND",1974,33202953,33202953,0,0,0
"India","IND",1975,39668533,39668533,0,0,0
"India","IND",1976,41498165,41498165,0,0,0
"India","IND",1977,45276752,45276752,0,0,0
"India","IND",1978,5617499,5617499,0,0,0
"India","IND",1979,54168587,54168587,0,0,0
"India","IND",1980,55441372,55441372,0,0,0
"India","IND",1981,5908296,5908296,0,0,0
"India","IND",1982,49859673,49859673,0,0,0
"India","IND",1983,48043297,48043297,0,0,0
"India","IND",1984,53682453,53682453,0,0,0
"India","IND",1985,51813046,51813046,0,0,0
"India","IND",1986,52568764,52568764,0,0,0
"India","IND",1987,48962532,48962532,0,0,0
"India","IND",1988,54614944,54614944,0,0,0
"India","IND",1989,63369778,63369778,0,0,0
"India","IND",1990,134286430,66397064,30303031,0,37586335
"India","IND",1991,83437307,73918884,11291,0,9507132
"India","IND",1992,82008781,70060745,8847,0,11939189
"India","IND",1993,25921756,707325,9477,0,25204954
"India","IND",1994,11843192,8021211,19128,0,3802853
"India","IND",1995,133360127,75920876,49647,1010101,56379503
"India","IND",1996,88669062,6905754,87838,6060606,75614864
"India","IND",1997,86089267,70211006,988,6060606,9816667
"India","IND",1998,27350236,8363273,1079,6060606,12925278
"India","IND",1999,31147785,8224945,1446,6060606,16860788
"India","IND",2000,100923441,76990364,1582,7070707,16860788
"India","IND",2001,83343075,72022964,2085,11111111,206915
"India","IND",2002,41386894,6854489,2085,13131313,21399007
"India","IND",2003,50477081,6929619,260448,16161617,27125397
"India","IND",2004,51948629,100636,522543,18181818,33143632
"India","IND",2005,22232687,9742,5991,18181818,4035136
"India","IND",2006,11360765,11261733,93373,72,5587
"India","IND",2007,1350421,1226131,116828,59,7403
"India","IND",2008,11670049,11516902,143782,63,9302
"India","IND",2009,21207270,10633803,16271,75,10557121
"India","IND",2010,122157353,108744095,194564,113,13218581
"India","IND",2011,17015119,1317046,239523,827,15457723
"India","IND",2012,132568831,115776375,274326,2099,16516031
"India","IND",2013,31074765,13198302,300074,3433,17572956
"India","IND",2014,35384068,13899629,334549,4909,21144981
"India","IND",2015,105908098,13347508,3274138,70925517,18360935
"India","IND",2016,46605238,12855463,4345271,12202886,17201618
"India","IND",2017,43975295,1359791,5262928,22364824,14987752
"India","IND",2018,42171796,13992252,6031128,3745111,18403305
"India","IND",2019,42024580,16228539,6331423,476505,18988113
"India","IND",2020,139256013,16394116,60427402,60446114,1988381
"India","IND",2021,140567282,160565,68094246,70192726,2119745
"India","IND",2022,97531980,17508661,70045166,9745222,232931
"India","IND",2023,33872811,1494338,8210639,1161257,23006577
"India","IND",2024,59732105,15652817,8154415,13675388,22249485
"Indonesia","IDN",1965,18252122,18252122,0,0,0
"Indonesia","IDN",1966,23732178,23732178,0,0,0
"Indonesia","IDN",1967,26648982,26648982,0,0,0
"Indonesia","IDN",1968,3292453,3292453,0,0,0
"Indonesia","IDN",1969,34427125,34427125,0,0,0
"Indonesia","IDN",1970,41851716,41851716,0,0,0
"Indonesia","IDN",1971,13788528,13788528,0,0,0
"Indonesia","IDN",1972,12330126,12330126,0,0,0
"Indonesia","IDN",1973,15556288,15556288,0,0,0
"Indonesia","IDN",1974,1723566,1723566,0,0,0
"Indonesia","IDN",1975,18075346,18075346,0,0,0
"Indonesia","IDN",1976,1060656,1060656,0,0,0
"Indonesia","IDN",1977,17633406,17633406,0,0,0
"Indonesia","IDN",1978,1259529,1259529,0,0,0
"Indonesia","IDN",1979,14009498,14009498,0,0,0
"Indonesia","IDN",1980,12683678,12683678,0,0,0
"Indonesia","IDN",1981,12639484,12639484,0,0,0
"Indonesia","IDN",1982,13788528,13788528,0,0,0
"Indonesia","IDN",1983,20726986,20726986,0,0,0
"Indonesia","IDN",1984,22627327,22627327,0,0,0
"Indonesia","IDN",1985,27665443,27665443,0,0,0
"Indonesia","IDN",1986,44547553,44547553,0,0,0
"Indonesia","IDN",1987,45829177,45829177,0,0,0
"Indonesia","IDN",1988,50336967,50336967,0,0,0
"Indonesia","IDN",1989,62799673,62799673,0,0,0
"Indonesia","IDN",1990,761986,649244,0,0,112742
"Indonesia","IDN",1991,846063,740917,0,0,105146
"Indonesia","IDN",1992,1073122,964548,0,0,108574
"Indonesia","IDN",1993,998305,889108,0,0,109197
"Indonesia","IDN",1994,958685,798294,0,0,160391
"Indonesia","IDN",1995,1050567,829314,0,0,221253
"Indonesia","IDN",1996,1116724,882437,0,0,234287
"Indonesia","IDN",1997,859400,586562,0,0,272838
"Indonesia","IDN",1998,136500,103635,0,0,32865
"Indonesia","IDN",1999,1432051,1037978,0,0,394073
"Indonesia","IDN",2000,58740,10016,0,0,48724
"Indonesia","IDN",2001,72001,11655,0,0,60346
"Indonesia","IDN",2002,72366,9933,0,0,62433
"Indonesia","IDN",2003,72118,9099,0,0,63019
"Indonesia","IDN",2004,76330,9674,0,0,66656
"Indonesia","IDN",2005,17340,10725,0,0,6615
"Indonesia","IDN",2006,16297,9623,0,0,6674
"Indonesia","IDN",2007,18327,11286,2,0,7039
"Indonesia","IDN",2008,9489448,1152825,27,1,8336595
"Indonesia","IDN",2009,10465298,1138385,367,1,9326545
"Indonesia","IDN",2010,2686467,1745622,364,52,940429
"Indonesia","IDN",2011,1082024,124189,469,77,957289
"Indonesia","IDN",2012,2248740,1279911,461,301,968067
"Indonesia","IDN",2013,2650086,1692278,1,55,957752
"Indonesia","IDN",2014,1619427,1516129,0,681,102617
"Indonesia","IDN",2015,11892793,1374053,37,528,10518175
"Indonesia","IDN",2016,2994668,1867689,569,2109,1124301
"Indonesia","IDN",2017,3201377,1863239,0,2905,1335233
"Indonesia","IDN",2018,4836491,2163638,18998,9027,2644828
"Indonesia","IDN",2019,296288,21161,484,11828,262815
"Indonesia","IDN",2020,321202,24325,475,17097,279305
"Indonesia","IDN",2021,353141,24697,437,19262,308745
"Indonesia","IDN",2022,109322,27295,356,44373,37298
"Indonesia","IDN",2023,468332,2459,481,71287,394105
"Indonesia","IDN",2024,85010460,26486706,4823178,9248443,44452133
"Iran","IRN",1965,17191466,17191466,0,0,0
"Iran","IRN",1966,18473092,18473092,0,0,0
"Iran","IRN",1967,198873,198873,0,0,0
"Iran","IRN",1968,21389897,21389897,0,0,0
"Iran","IRN",1969,23025074,23025074,0,0,0
"Iran","IRN",1970,24792833,24792833,0,0,0
"Iran","IRN",1971,26648982,26648982,0,0,0
"Iran","IRN",1972,35001647,35001647,0,0,0
"Iran","IRN",1973,29654174,29654174,0,0,0
"Iran","IRN",1974,32659366,32659366,0,0,0
"Iran","IRN",1975,34294543,34294543,0,0,0
"Iran","IRN",1976,38360393,38360393,0,0,0
"Iran","IRN",1977,39642017,39642017,0,0,0
"Iran","IRN",1978,6209257,6209257,0,0,0
"Iran","IRN",1979,5382829,5382829,0,0,0
"Iran","IRN",1980,5581702,5581702,0,0,0
"Iran","IRN",1981,60943527,60943527,0,0,0
"Iran","IRN",1982,63948717,63948717,0,0,0
"Iran","IRN",1983,625787,625787,0,0,0
"Iran","IRN",1984,58512855,58512855,0,0,0
"Iran","IRN",1985,5899,5899,0,0,0
"Iran","IRN",1986,705,705,0,0,0
"Iran","IRN",1987,7816,7816,0,0,0
"Iran","IRN",1988,8246,8246,0,0,0
"Iran","IRN",1989,6732,6732,0,0,0
"Iran","IRN",1990,7381,7381,0,0,0
"Iran","IRN",1991,5607,5607,0,0,0
"Iran","IRN",1992,9204,9204,0,0,0
"Iran","IRN",1993,10533,10533,0,0,0
"Iran","IRN",1994,6896,6896,0,0,0
"Iran","IRN",1995,8323,8323,0,0,0
"Iran","IRN",1996,8814,8814,0,0,0
"Iran","IRN",1997,5941,5941,0,0,0
"Iran","IRN",1998,7488,7488,0,0,0
"Iran","IRN",1999,5178,5143,35,0,0
"Iran","IRN",2000,4146,3781,365,0,0
"Iran","IRN",2001,4459,4122,337,0,0
"Iran","IRN",2002,8315,8012,303,0,0
"Iran","IRN",2003,9864,9588,276,0,0
"Iran","IRN",2004,12396,11933,463,0,0
"Iran","IRN",2005,15157,14448,709,0,0
"Iran","IRN",2006,19763,18509,1253,1,0
"Iran","IRN",2007,19369,17959,1409,1,0
"Iran","IRN",2008,9398,7438,1958,2,0
"Iran","IRN",2009,9005,6723,2262,3,17
"Iran","IRN",2010,10530,10252,169,7,102
"Iran","IRN",2011,10925,10684,212,7,22
"Iran","IRN",2012,13018,12502,283,7,226
"Iran","IRN",2013,15043,14624,219,7,193
"Iran","IRN",2014,14979,14504,2,7,466
"Iran","IRN",2015,13571,13252,141,15,163
"Iran","IRN",2016,15801,15422,156,5,218
"Iran","IRN",2017,105799,17232,318,85805,2444
"Iran","IRN",2018,234173,9838,75,221816,2444
"Iran","IRN",2019,555746,33865,722,510473,10686
"Iran","IRN",2020,630541,23205,1126,583868,22342
"Iran","IRN",2021,11962311,13827,11306508,619635,22341
"Iran","IRN",2022,11962488,14004,11306508,619635,22341
"Iran","IRN",2023,82723663,2281529,12063249,68356544,22341
"Iran","IRN",2024,43789831,18873251,12474548,9004023,3438009
"Iraq","IRQ",1965,707104,707104,0,0,0
"Iraq","IRQ",1966,928074,928074,0,0,0
"Iraq","IRQ",1967,1060656,1060656,0,0,0
"Iraq","IRQ",1968,1281626,1281626,0,0,0
"Iraq","IRQ",1969,1414208,1414208,0,0,0
"Iraq","IRQ",1970,1723566,1723566,0,0,0
"Iraq","IRQ",1971,2,2,0,0,0
"Iraq","IRQ",1972,2,2,0,0,0
"Iraq","IRQ",1973,29,29,0,0,0
"Iraq","IRQ",1974,4,4,0,0,0
"Iraq","IRQ",1975,461,461,0,0,0
"Iraq","IRQ",1976,459,459,0,0,0
"Iraq","IRQ",1977,566,566,0,0,0
"Iraq","IRQ",1978,708,708,0,0,0
"Iraq","IRQ",1979,1032,1032,0,0,0
"Iraq","IRQ",1980,69,69,0,0,0
"Iraq","IRQ",1981,61,61,0,0,0
"Iraq","IRQ",1982,6,6,0,0,0
"Iraq","IRQ",1983,6,6,0,0,0
"Iraq","IRQ",1984,61,61,0,0,0
"Iraq","IRQ",1985,61,61,0,0,0
"Iraq","IRQ",1986,6,6,0,0,0
"Iraq","IRQ",1987,26,26,0,0,0
"Iraq","IRQ",1988,26,26,0,0,0
"Iraq","IRQ",1989,26,26,0,0,0
"Iraq","IRQ",1990,4650264,4650264,0,0,0
"Iraq","IRQ",1991,2145184,2145184,0,0,0
"Iraq","IRQ",1992,5219066,5219066,0,0,0
"Iraq","IRQ",1993,6161732,6161732,0,0,0
"Iraq","IRQ",1994,6247761,6247761,0,0,0
"Iraq","IRQ",1995,7119707,7119707,0,0,0
"Iraq","IRQ",1996,6489375,6489375,0,0,0
"Iraq","IRQ",1997,6608055,6608055,0,0,0
"Iraq","IRQ",1998,619756,619756,0,0,0
"Iraq","IRQ",1999,355905,355905,0,0,0
"Iraq","IRQ",2000,3196577,3196577,0,0,0
"Iraq","IRQ",2001,3701006,3701006,0,0,0
"Iraq","IRQ",2002,456004,456004,0,0,0
"Iraq","IRQ",2003,47559,47559,0,0,0
"Iraq","IRQ",2004,5749923,5749923,0,0,0
"Iraq","IRQ",2005,4893819,4893819,0,0,0
"Iraq","IRQ",2006,499076,499076,0,0,0
"Iraq","IRQ",2007,456631,456631,0,0,0
"Iraq","IRQ",2008,2932036,2932036,0,0,0
"Iraq","IRQ",2009,283021,283021,0,0,0
"Iraq","IRQ",2010,3615072,3615072,0,0,0
"Iraq","IRQ",2011,3399509,3399509,0,0,0
"Iraq","IRQ",2012,4396909,4396909,0,0,0
"Iraq","IRQ",2013,4609184,4608721,0,463,0
"Iraq","IRQ",2014,2835775,2835202,0,573,0
"Iraq","IRQ",2015,2603442,2546137,0,57305,0
"Iraq","IRQ",2016,3428539,3371234,0,57305,0
"Iraq","IRQ",2017,2233388,2176083,0,57305,0
"Iraq","IRQ",2018,2194247,1817702,0,376545,0
"Iraq","IRQ",2019,5339809,4963264,0,376545,0
"Iraq","IRQ",2020,41919290,4161628,0,37757662,0
"Iraq","IRQ",2021,3722326,3345781,0,376545,0
"Iraq","IRQ",2022,3027201,2650656,0,376545,0
"Iraq","IRQ",2023,1759544,1382999,0,376545,0
"Iraq","IRQ",2024,39144450,1386788,0,37757662,0
"Ireland","IRL",1965,94203,94203,0,0,0
"Ireland","IRL",1966,84899,84899,0,0,0
"Ireland","IRL",1967,80247,80247,0,0,0
"Ireland","IRL",1968,76758,76758,0,0,0
"Ireland","IRL",1969,5815,5815,0,0,0
"Ireland","IRL",1970,80247,80247,0,0,0
"Ireland","IRL",1971,4652,4652,0,0,0
"Ireland","IRL",1972,68617,68617,0,0,0
"Ireland","IRL",1973,63965,63965,0,0,0
"Ireland","IRL",1974,79084,79084,0,0,0
"Ireland","IRL",1975,52335,52335,0,0,0
"Ireland","IRL",1976,59313,59313,0,0,0
"Ireland","IRL",1977,74432,74432,0,0,0
"Ireland","IRL",1978,6978,6978,0,0,0
"Ireland","IRL",1979,82573,82573,0,0,0
"Ireland","IRL",1980,83736,83736,0,0,0
"Ireland","IRL",1981,86062,86062,0,0,0
"Ireland","IRL",1982,80247,80247,0,0,0
"Ireland","IRL",1983,77921,77921,0,0,0
"Ireland","IRL",1984,68617,68617,0,0,0
"Ireland","IRL",1985,83736,83736,0,0,0
"Ireland","IRL",1986,91877,91877,0,0,0
"Ireland","IRL",1987,68617,68617,0,0,0
"Ireland","IRL",1988,87225,87225,0,0,0
"Ireland","IRL",1989,6978,6978,0,0,0
"Ireland","IRL",1990,697,697,0,0,0
"Ireland","IRL",1991,746,746,0,0,0
"Ireland","IRL",1992,50826,817,50009,0,0
"Ireland","IRL",1993,150792,765,150027,0,0
"Ireland","IRL",1994,1900434,92,1900342,0,0
"Ireland","IRL",1995,1601001,713,1600288,0,0
"Ireland","IRL",1996,4101460,722,1400252,0,2700486
"Ireland","IRL",1997,8152145,678,50009,0,8101458
"Ireland","IRL",1998,17754110,916,16903041,0,850153
"Ireland","IRL",1999,27805849,846,18703365,0,9101638
"Ireland","IRL",2000,25355409,846,24404392,0,950171
"Ireland","IRL",2001,43108355,596,33406013,0,9701746
"Ireland","IRL",2002,46909354,912,38806984,0,8101458
"Ireland","IRL",2003,13142963,598,4540817,0,8601548
"Ireland","IRL",2004,17453204,63,6551179,0,10901962
"Ireland","IRL",2005,24212771,63126,11121101,0,13028544
"Ireland","IRL",2006,29793187,724273,16223332,0,12845582
"Ireland","IRL",2007,37257591,666576,19587231,0,17003784
"Ireland","IRL",2008,5467985,968323,2410447,0,2089215
"Ireland","IRL",2009,33397008,901734,29557493,424236,2513545
"Ireland","IRL",2010,32377558,599231,28151658,476107,3150562
"Ireland","IRL",2011,8990839,706687,4381103,542081,3360968
"Ireland","IRL",2012,45421045,802349,40112,645929,43932655
"Ireland","IRL",2013,53936450,599497,4542332,699463,48095158
"Ireland","IRL",2014,58427226,708654,51409864,946215,5362493
"Ireland","IRL",2015,115063244,80649,65741806,1616621,47624168
"Ireland","IRL",2016,7613528,681025,6248551,4736,679216
"Ireland","IRL",2017,9003805,691603,7567004,9951,735247
"Ireland","IRL",2018,9718428,69409,8782527,18151,848341
"Ireland","IRL",2019,11960125,886584,10184945,33811,854785
"Ireland","IRL",2020,13651795,932655,11740253,55114,923773
"Ireland","IRL",2021,11094242,74942,9939705,84647,994948
"Ireland","IRL",2022,13257046,701202,11393491,148665,1013688
"Ireland","IRL",2023,14283440,942751,11863352,646482,830855
"Ireland","IRL",2024,107763453,76881003,11620009,11223793,8038648
"Israel","ISR",1965,0,0,0,0,0
"Israel","ISR",1966,0,0,0,0,0
"Israel","ISR",1967,0,0,0,0,0
"Israel","ISR",1968,0,0,0,0,0
"Israel","ISR",1969,0,0,0,0,0
"Israel","ISR",1970,0,0,0,0,0
"Israel","ISR",1971,0,0,0,0,0
"Israel","ISR",1972,0,0,0,0,0
"Israel","ISR",1973,0,0,0,0,0
"Israel","ISR",1974,0,0,0,0,0
"Israel","ISR",1975,0,0,0,0,0
"Israel","ISR",1976,0,0,0,0,0
"Israel","ISR",1977,0,0,0,0,0
"Israel","ISR",1978,0,0,0,0,0
"Israel","ISR",1979,0,0,0,0,0
"Israel","ISR",1980,0,0,0,0,0
"Israel","ISR",1981,2,2,0,0,0
"Israel","ISR",1982,2,2,0,0,0
"Israel","ISR",1983,1,1,0,0,0
"Israel","ISR",1984,2,2,0,0,0
"Israel","ISR",1985,2,2,0,0,0
"Israel","ISR",1986,6,6,0,0,0
"Israel","ISR",1987,1,1,0,0,0
"Israel","ISR",1988,1,1,0,0,0
"Israel","ISR",1989,3,3,0,0,0
"Israel","ISR",1990,3,3,0,0,0
"Israel","ISR",1991,6,6,0,0,0
"Israel","ISR",1992,29,29,0,0,0
"Israel","ISR",1993,26,26,0,0,0
"Israel","ISR",1994,23,23,0,0,0
"Israel","ISR",1995,25,25,0,0,0
"Israel","ISR",1996,24,24,0,0,0
"Israel","ISR",1997,25,25,0,0,0
"Israel","ISR",1998,25,25,0,0,0
"Israel","ISR",1999,33,33,0,0,0
"Israel","ISR",2000,31,31,0,0,0
"Israel","ISR",2001,2,1,1,0,0
"Israel","ISR",2002,32,21,11,0,0
"Israel","ISR",2003,43,31,12,0,0
"Israel","ISR",2004,39,28,11,0,0
"Israel","ISR",2005,39,28,11,0,0
"Israel","ISR",2006,16,15,1,0,0
"Israel","ISR",2007,15,14,1,0,0
"Israel","ISR",2008,32,16,9,0,7
"Israel","ISR",2009,99,24,9,24,42
"Israel","ISR",2010,107,31,8,7,61
"Israel","ISR",2011,301,29,7,192,73
"Israel","ISR",2012,484,33,6,369,76
"Israel","ISR",2013,5175,277,6,4849,43
"Israel","ISR",2014,9566,127,414,8404,621
"Israel","ISR",2015,13176,245,66,12162,703
"Israel","ISR",2016,22017,2538,3002,16355,122
"Israel","ISR",2017,181643,24656,30403,1643,124941
"Israel","ISR",2018,760359,229872,403718,1828,124941
"Israel","ISR",2019,8482897,2204464,6140336,31145,106952
"Israel","ISR",2020,86415470,23913568,62380433,4163,117306
"Israel","ISR",2021,6861161,2379628,4324972,53507,103054
"Israel","ISR",2022,42648235,23479538,18996646,60836,111215
"Israel","ISR",2023,63011646,23244245,39574075,82111,111215
"Israel","ISR",2024,34951347,23295654,396825,10143671,1115197
"Italy","ITA",1965,45310,42634,0,0,2676
"Italy","ITA",1966,7723,4372,0,0,3351
"Italy","ITA",1967,7709,4234,0,0,3475
"Italy","ITA",1968,46294,42677,0,0,3617
"Italy","ITA",1969,44978,41166,0,0,3812
"Italy","ITA",1970,44601,40373,0,0,4228
"Italy","ITA",1971,43288,39079,0,0,4209
"Italy","ITA",1972,45155,41348,0,0,3807
"Italy","ITA",1973,41368,37523,0,0,3845
"Italy","ITA",1974,42040,37795,0,0,4245
"Italy","ITA",1975,45007,41021,0,0,3986
"Italy","ITA",1976,42988,39176,0,0,3812
"Italy","ITA",1977,51512,51139,0,0,373
"Italy","ITA",1978,49302,45491,0,0,3811
"Italy","ITA",1979,49772,45947,0,0,3825
"Italy","ITA",1980,45640,45244,0,0,396
"Italy","ITA",1981,46503,43034,0,0,3469
"Italy","ITA",1982,44982,41461,0,0,3521
"Italy","ITA",1983,44838,41445,0,0,3393
"Italy","ITA",1984,45873,42401,0,0,3472
"Italy","ITA",1985,43928,41092,0,0,2836
"Italy","ITA",1986,44121,41096,0,0,3025
"Italy","ITA",1987,42748,39505,0,0,3243
"Italy","ITA",1988,44015,40676,0,0,3339
"Italy","ITA",1989,2057593,34057,2,2020202,3332
"Italy","ITA",1990,1954093,31626,1919192,4,3271
"Italy","ITA",1991,2924324,42239,2878788,5,3292
"Italy","ITA",1992,1923179,422,1919192,9,3556
"Italy","ITA",1993,3883603,41425,3838384,11,3783
"Italy","ITA",1994,6765405,44658,6717172,11,3564
"Italy","ITA",1995,8677813,37782,8636364,13,3654
"Italy","ITA",1996,31712856,42037,31666666,14,4139
"Italy","ITA",1997,42183,41603,118,15,447
"Italy","ITA",1998,9379,4122,232,16,5009
"Italy","ITA",1999,46338,45365,403,17,553
"Italy","ITA",2000,7122,442,563,18,6099
"Italy","ITA",2001,54347,46811,1179,19,6338
"Italy","ITA",2002,48316,39519,1404,21,7372
"Italy","ITA",2003,13863,3667,1458,24,8714
"Italy","ITA",2004,53871,42338,1847,29,9657
"Italy","ITA",2005,48439,36067,2343,31,9998
"Italy","ITA",2006,50635,36994,2971,35,10635
"Italy","ITA",2007,47715,32815,4034,39,10827
"Italy","ITA",2008,58163,41623,4861,193,11486
"Italy","ITA",2009,185345,49138,6543,677,128987
"Italy","ITA",2010,176249,51117,91259,19057,14816
"Italy","ITA",2011,417211,45823,98564,107957,164867
"Italy","ITA",2012,545349,41875,134071,188617,180786
"Italy","ITA",2013,511050,52774,14897,215886,227493
"Italy","ITA",2014,679879,58545,151783,223064,246487
"Italy","ITA",2015,1089043,455375,148439,229422,255807
"Italy","ITA",2016,698334,42432,176887,221043,257972
"Italy","ITA",2017,4296864,3619874,177419,243777,255794
"Italy","ITA",2018,917208,488248,177164,226538,25258
"Italy","ITA",2019,977031,463565,20202,236889,256375
"Italy","ITA",2020,48327453,47633823,187616,249415,256599
"Italy","ITA",2021,938040,453882,209273,25039,249846
"Italy","ITA",2022,1004661,283976,204942,281215,234528
"Italy","ITA",2023,1165787,405173,236405,307111,217098
"Italy","ITA",2024,83593969,5521528,22319609,36200855,19551977
"Japan","JPN",1965,7607,7607,0,0,0
"Japan","JPN",1966,7935,7935,0,0,0
"Japan","JPN",1967,6855,6855,0,0,0
"Japan","JPN",1968,7345,7345,0,0,0
"Japan","JPN",1969,7535,7535,0,0,0
"Japan","JPN",1970,243458,754,0,0,242704
"Japan","JPN",1971,236453,842,0,0,235611
"Japan","JPN",1972,249442,851,0,0,248591
"Japan","JPN",1973,320776,66778,0,0,253998
"Japan","JPN",1974,315815,8268,0,0,307547
"Japan","JPN",1975,461913,83406,0,0,378507
"Japan","JPN",1976,375912,8359,0,0,367553
"Japan","JPN",1977,606742,72968,0,0,533774
"Japan","JPN",1978,897691,70047,0,0,827644
"Japan","JPN",1979,1180475,80743,0,0,1099732
"Japan","JPN",1980,197436,88292,0,0,109144
"Japan","JPN",1981,1224121,87594,0,0,1136527
"Japan","JPN",1982,9952373,81606,0,0,9870767
"Japan","JPN",1983,11114506,84273,0,0,11030233
"Japan","JPN",1984,12190640,71617,0,0,12119023
"Japan","JPN",1985,12782353,82874,0,0,12699479
"Japan","JPN",1986,13884175,80816,0,0,13803359
"Japan","JPN",1987,14867255,74787,0,0,14792468
"Japan","JPN",1988,16076844,90291,0,0,15986553
"Japan","JPN",1989,1796439,91741,0,0,1704698
"Japan","JPN",1990,11427022,86895,0,1,11340126
"Japan","JPN",1991,11745274,94416,0,1,11650857
"Japan","JPN",1992,11930268,80046,0,105,11850117
"Japan","JPN",1993,12528451,9258,959596,225,11559372
"Japan","JPN",1994,14496621,64462,959596,29,13472534
"Japan","JPN",1995,15333930,78793,959596,395,14295146
"Japan","JPN",1996,17244597,77173,1919192,545,15247687
"Japan","JPN",1997,113708713,8644,959596,96302845,16437628
"Japan","JPN",1998,37657039,89079,7070707,14324625,16172628
"Japan","JPN",1999,38314133,83792,36363635,218025,1648681
"Japan","JPN",2000,50601832,84468,109,34406173,16111082
"Japan","JPN",2001,51658586,81537,252,49973923,1602874
"Japan","JPN",2002,1764612,806,413,69462,1693931
"Japan","JPN",2003,18923724,92472,832,953955,17876465
"Japan","JPN",2004,30861488,91667,144,12716222,18053455
"Japan","JPN",2005,17098375,775615,191,16300883,21686
"Japan","JPN",2006,9103927,8880701,2135,199563,21528
"Japan","JPN",2007,30598122,7450974,274,23124676,22198
"Japan","JPN",2008,101128326,75164375,2945,25939713,21293
"Japan","JPN",2009,73807345,7046622,34273024,30455124,2032575
"Japan","JPN",2010,74416873,8850272,3925729,39813788,21827084
"Japan","JPN",2011,34356826,8248676,4459041,543915,21105194
"Japan","JPN",2012,41939301,7709999,4727417,7371903,22129982
"Japan","JPN",2013,26206874,7933157,5133169,12908781,231767
"Japan","JPN",2014,39095764,8170858,5013972,23548166,2362768
"Japan","JPN",2015,201018526,85765114,52228065,34540173,28485174
"Japan","JPN",2016,41286778,7942587,5340769,4332569,23670853
"Japan","JPN",2017,147985392,7924343,62215443,54040844,23804762
"Japan","JPN",2018,186541066,80997406,73673835,6122221,25747604
"Japan","JPN",2019,49187111,7391936,7455136,6742932,27597107
"Japan","JPN",2020,54203496,7833218,8405158,7592077,30373043
"Japan","JPN",2021,132374673,79626236,9536232,8418172,34794033
"Japan","JPN",2022,23054253,748683,9415498,9107081,3782991
"Japan","JPN",2023,89364289,74531204,995675,9636073,4201337
"Japan","JPN",2024,120729608,7944916,11539877,96703026,4541789
"Kazakhstan","KAZ",1985,52104726,52104726,0,0,0
"Kazakhstan","KAZ",1986,47817907,47817907,0,0,0
"Kazakhstan","KAZ",1987,57319617,57319617,0,0,0
"Kazakhstan","KAZ",1988,6991491,6991491,0,0,0
"Kazakhstan","KAZ",1989,729201,729201,0,0,0
"Kazakhstan","KAZ",1990,7366,7366,0,0,0
"Kazakhstan","KAZ",1991,72,72,0,0,0
"Kazakhstan","KAZ",1992,6866,6866,0,0,0
"Kazakhstan","KAZ",1993,7629,7629,0,0,0
"Kazakhstan","KAZ",1994,9179,9179,0,0,0
"Kazakhstan","KAZ",1995,8331,8331,0,0,0
"Kazakhstan","KAZ",1996,7331,7331,0,0,0
"Kazakhstan","KAZ",1997,6499,6499,0,0,0
"Kazakhstan","KAZ",1998,6141,6141,0,0,0
"Kazakhstan","KAZ",1999,6132,6132,0,0,0
"Kazakhstan","KAZ",2000,75310507,75310507,0,0,0
"Kazakhstan","KAZ",2001,8081139,8081139,0,0,0
"Kazakhstan","KAZ",2002,8889543,8889543,0,0,0
"Kazakhstan","KAZ",2003,862454,862454,0,0,0
"Kazakhstan","KAZ",2004,8056666,8056666,0,0,0
"Kazakhstan","KAZ",2005,785597,785597,0,0,0
"Kazakhstan","KAZ",2006,77680697,77680697,0,0,0
"Kazakhstan","KAZ",2007,8171407,8171407,0,0,0
"Kazakhstan","KAZ",2008,7459829,7459829,0,0,0
"Kazakhstan","KAZ",2009,68791046,68791046,0,0,0
"Kazakhstan","KAZ",2010,8022023,8022023,0,0,0
"Kazakhstan","KAZ",2011,78833374,78833227,147,0,0
"Kazakhstan","KAZ",2012,76375343,76372657,2665,21,0
"Kazakhstan","KAZ",2013,7784124,7730763,45487,7874,0
"Kazakhstan","KAZ",2014,8396722,8262831,132652,1239,0
"Kazakhstan","KAZ",2015,10633061,9269191,1317223,46171,476
"Kazakhstan","KAZ",2016,15254809,11620764,2749828,884031,186
"Kazakhstan","KAZ",2017,15555719,11210185,3397637,926455,21442
"Kazakhstan","KAZ",2018,15666407,10376336,3853151,1412636,24284
"Kazakhstan","KAZ",2019,21026873,9993659,7071334,3912209,49671
"Kazakhstan","KAZ",2020,32386226,9659646,10286614,12374698,65268
"Kazakhstan","KAZ",2021,42991451,9208468,17466646,16290694,25643
"Kazakhstan","KAZ",2022,11234333,9201194,231184,1772458,29497
"Kazakhstan","KAZ",2023,31353659,8800493,3779561,18722122,51483
"Kazakhstan","KAZ",2024,36621394,11253926,4912376,18719525,1735567
"Kuwait","KWT",1965,0,0,0,0,0
"Kuwait","KWT",1966,0,0,0,0,0
"Kuwait","KWT",1967,0,0,0,0,0
"Kuwait","KWT",1968,0,0,0,0,0
"Kuwait","KWT",1969,0,0,0,0,0
"Kuwait","KWT",1970,0,0,0,0,0
"Kuwait","KWT",1971,0,0,0,0,0
"Kuwait","KWT",1972,0,0,0,0,0
"Kuwait","KWT",1973,0,0,0,0,0
"Kuwait","KWT",1974,0,0,0,0,0
"Kuwait","KWT",1975,0,0,0,0,0
"Kuwait","KWT",1976,0,0,0,0,0
"Kuwait","KWT",1977,0,0,0,0,0
"Kuwait","KWT",1978,0,0,0,0,0
"Kuwait","KWT",1979,0,0,0,0,0
"Kuwait","KWT",1980,0,0,0,0,0
"Kuwait","KWT",1981,0,0,0,0,0
"Kuwait","KWT",1982,0,0,0,0,0
"Kuwait","KWT",1983,0,0,0,0,0
"Kuwait","KWT",1984,0,0,0,0,0
"Kuwait","KWT",1985,0,0,0,0,0
"Kuwait","KWT",1986,0,0,0,0,0
"Kuwait","KWT",1987,0,0,0,0,0
"Kuwait","KWT",1988,0,0,0,0,0
"Kuwait","KWT",1989,0,0,0,0,0
"Kuwait","KWT",1990,0,0,0,0,0
"Kuwait","KWT",1991,0,0,0,0,0
"Kuwait","KWT",1992,0,0,0,0,0
"Kuwait","KWT",1993,0,0,0,0,0
"Kuwait","KWT",1994,0,0,0,0,0
"Kuwait","KWT",1995,0,0,0,0,0
"Kuwait","KWT",1996,0,0,0,0,0
"Kuwait","KWT",1997,0,0,0,0,0
"Kuwait","KWT",1998,0,0,0,0,0
"Kuwait","KWT",1999,0,0,0,0,0
"Kuwait","KWT",2000,0,0,0,0,0
"Kuwait","KWT",2001,0,0,0,0,0
"Kuwait","KWT",2002,0,0,0,0,0
"Kuwait","KWT",2003,0,0,0,0,0
"Kuwait","KWT",2004,0,0,0,0,0
"Kuwait","KWT",2005,0,0,0,0,0
"Kuwait","KWT",2006,0,0,0,0,0
"Kuwait","KWT",2007,0,0,0,0,0
"Kuwait","KWT",2008,0,0,0,0,0
"Kuwait","KWT",2009,0,0,0,0,0
"Kuwait","KWT",2010,0,0,0,0,0
"Kuwait","KWT",2011,0,0,0,0,0
"Kuwait","KWT",2012,0,0,0,0,0
"Kuwait","KWT",2013,182,0,0,182,0
"Kuwait","KWT",2014,3278,0,0,3278,0
"Kuwait","KWT",2015,509,0,0,509,0
"Kuwait","KWT",2016,48814,0,0,48814,0
"Kuwait","KWT",2017,51450,0,196,51254,0
"Kuwait","KWT",2018,53410,0,196,53214,0
"Kuwait","KWT",2019,62180,0,3642,58538,0
"Kuwait","KWT",2020,5874605,0,4767,5869838,0
"Kuwait","KWT",2021,21200,0,3504,17696,0
"Kuwait","KWT",2022,17700,0,3504,14196,0
"Kuwait","KWT",2023,139985,0,3504,136481,0
"Kuwait","KWT",2024,162793,0,35136,127657,0
"Latvia","LVA",1985,29786756,29786756,0,0,0
"Latvia","LVA",1986,30007727,30007727,0,0,0
"Latvia","LVA",1987,36990378,36990378,0,0,0
"Latvia","LVA",1988,30007727,30007727,0,0,0
"Latvia","LVA",1989,36062305,36062305,0,0,0
"Latvia","LVA",1990,4496,4496,0,0,0
"Latvia","LVA",1991,3275,3275,0,0,0
"Latvia","LVA",1992,2521,2521,0,0,0
"Latvia","LVA",1993,2876,2876,0,0,0
"Latvia","LVA",1994,3305,3305,0,0,0
"Latvia","LVA",1995,2937,2937,0,0,0
"Latvia","LVA",1996,187,186,1,0,0
"Latvia","LVA",1997,2955,2953,2,0,0
"Latvia","LVA",1998,4318,4316,2,0,0
"Latvia","LVA",1999,2759,2757,2,0,0
"Latvia","LVA",2000,2824,2819,5,0,0
"Latvia","LVA",2001,2839,2833,3,0,3
"Latvia","LVA",2002,2476,2464,11,0,1
"Latvia","LVA",2003,2338,2266,48,0,24
"Latvia","LVA",2004,3196,3109,49,0,38
"Latvia","LVA",2005,3415,3326,47,0,42
"Latvia","LVA",2006,2787,2698,46,0,43
"Latvia","LVA",2007,2828,2733,53,0,42
"Latvia","LVA",2008,3212,3109,58,0,45
"Latvia","LVA",2009,3553,3457,48,0,48
"Latvia","LVA",2010,467,352,49,0,66
"Latvia","LVA",2011,2972,2887,71,2,12
"Latvia","LVA",2012,435,37,108,2,288
"Latvia","LVA",2013,3535,2912,119,2,502
"Latvia","LVA",2014,2766,1994,101,2,669
"Latvia","LVA",2015,2786,1868,147,2,769
"Latvia","LVA",2016,3747,2529,13,382,823
"Latvia","LVA",2017,531185,438062,15,44,93064
"Latvia","LVA",2018,3498595,2431569,122038,1273,943715
"Latvia","LVA",2019,2357432,2107554,153999,3137,92742
"Latvia","LVA",2020,3649529,2603042,176842,4847,864798
"Latvia","LVA",2021,3717823,2707796,141436,6797,861794
"Latvia","LVA",2022,3816517,2749823,190183,75163,801348
"Latvia","LVA",2023,4963358,3794456,270757,239068,659077
"Latvia","LVA",2024,59609864,3204899,2778555,403,53626007
"Lithuania","LTU",1985,3933266,3933266,0,0,0
"Lithuania","LTU",1986,3844878,3844878,0,0,0
"Lithuania","LTU",1987,3623908,3623908,0,0,0
"Lithuania","LTU",1988,3844878,3844878,0,0,0
"Lithuania","LTU",1989,3844878,3844878,0,0,0
"Lithuania","LTU",1990,414,414,0,0,0
"Lithuania","LTU",1991,338,338,0,0,0
"Lithuania","LTU",1992,311,311,0,0,0
"Lithuania","LTU",1993,393,393,0,0,0
"Lithuania","LTU",1994,452,452,0,0,0
"Lithuania","LTU",1995,373,373,0,0,0
"Lithuania","LTU",1996,326,326,0,0,0
"Lithuania","LTU",1997,295,295,0,0,0
"Lithuania","LTU",1998,417,417,0,0,0
"Lithuania","LTU",1999,414,414,0,0,0
"Lithuania","LTU",2000,3393,3393,0,0,0
"Lithuania","LTU",2001,3257,3255,0,0,2
"Lithuania","LTU",2002,3536,3532,0,0,4
"Lithuania","LTU",2003,3258,3251,0,0,7
"Lithuania","LTU",2004,4223,4205,12,0,6
"Lithuania","LTU",2005,4532,4507,18,0,7
"Lithuania","LTU",2006,4133,3971,137,0,25
"Lithuania","LTU",2007,5321,4206,1061,0,54
"Lithuania","LTU",2008,5399,4019,1311,0,69
"Lithuania","LTU",2009,5922,4243,1577,0,102
"Lithuania","LTU",2010,425,54,224,0,147
"Lithuania","LTU",2011,5432,4799,475,1,157
"Lithuania","LTU",2012,9865,4223,5401,23,218
"Lithuania","LTU",2013,12044,5212,6027,448,357
"Lithuania","LTU",2014,14444,3982,6391,73,3998
"Lithuania","LTU",2015,16797,3496,8103,733,4465
"Lithuania","LTU",2016,20956,4539,11359,665,4393
"Lithuania","LTU",2017,24766,6024,13638,68,5036
"Lithuania","LTU",2018,2985,431,1145,866,543
"Lithuania","LTU",2019,24691,3454,14994,911,5332
"Lithuania","LTU",2020,25751,3005,15517,1288,5941
"Lithuania","LTU",2021,26217,3837,13617,1908,6855
"Lithuania","LTU",2022,27192,4644,15124,342,7082
"Lithuania","LTU",2023,44372,4502,25361,6884,7625
"Lithuania","LTU",2024,60735723,4347142,35087407,13844126,7457048
"Lower-middle-income countries","REG",1965,26563784,26563784,0,0,0
"Lower-middle-income countries","REG",1966,27400118,27400118,0,0,0
"Lower-middle-income countries","REG",1967,3041918,3041918,0,0,0
"Lower-middle-income countries","REG",1968,3571078,3571078,0,0,0
"Lower-middle-income countries","REG",1969,4026359,4026359,0,0,0
"Lower-middle-income countries","REG",1970,42829914,42829914,0,0,0
"Lower-middle-income countries","REG",1971,47312546,47312546,0,0,0
"Lower-middle-income countries","REG",1972,46824818,46824818,0,0,0
"Lower-middle-income countries","REG",1973,4890618,4890618,0,0,0
"Lower-middle-income countries","REG",1974,48623886,48623886,0,0,0
"Lower-middle-income countries","REG",1975,56658447,56658447,0,0,0
"Lower-middle-income countries","REG",1976,60771736,60771736,0,0,0
"Lower-middle-income countries","REG",1977,6635966,6635965,0,0,1
"Lower-middle-income countries","REG",1978,80844699,80844696,0,0,3
"Lower-middle-income countries","REG",1979,8040151,7976457,0,0,63694
"Lower-middle-income countries","REG",1980,8476397,8271912,0,0,204485
"Lower-middle-income countries","REG",1981,9094172,8702953,0,0,391219
"Lower-middle-income countries","REG",1982,8273783,7882997,0,0,390786
"Lower-middle-income countries","REG",1983,8244086,7750588,0,0,493498
"Lower-middle-income countries","REG",1984,9144083,8608237,0,0,535846
"Lower-middle-income countries","REG",1985,9600924,9006706,0,0,594218
"Lower-middle-income countries","REG",1986,9033234,8977501,0,0,55733
"Lower-middle-income countries","REG",1987,9612240,9122643,0,0,489597
"Lower-middle-income countries","REG",1988,10525835,10003544,0,0,522291
"Lower-middle-income countries","REG",1989,1680201,1110035,0,0,570166
"Lower-middle-income countries","REG",1990,101312820,11676326,30303031,0,59333463
"Lower-middle-income countries","REG",1991,18343516,12479154,11291,0,5853071
"Lower-middle-income countries","REG",1992,59426908,1224144,8847,0,58193917
"Lower-middle-income countries","REG",1993,71995818,12795848,9477,0,59190493
"Lower-middle-income countries","REG",1994,68427023,1405041,19128,0,67002854
"Lower-middle-income countries","REG",1995,81883564,13835863,49647,1010101,66987953
"Lower-middle-income countries","REG",1996,80418428,1368497,87838,6060606,72901487
"Lower-middle-income countries","REG",1997,27298346,13018085,988,6060606,8218667
"Lower-middle-income countries","REG",1998,16416534,148321,1079,6060606,10206528
"Lower-middle-income countries","REG",1999,47989308,15033624,14614999,6060606,12280079
"Lower-middle-income countries","REG",2000,36173420,14162685,17299,7712707,14280729
"Lower-middle-income countries","REG",2001,148527770,1410325,24733,12928207,134164505
"Lower-middle-income countries","REG",2002,55548740,1386654,24950058,15799435,13412593
"Lower-middle-income countries","REG",2003,33419964,14635283,3096686,2051662,13636333
"Lower-middle-income countries","REG",2004,171097293,17789713,5931086,247359,147129135
"Lower-middle-income countries","REG",2005,67343683,17773424,6727286,28817164,14025809
"Lower-middle-income countries","REG",2006,48149213,19752773,10182702,2049679,16164059
"Lower-middle-income countries","REG",2007,59280283,21157434,12685884,7683547,17753418
"Lower-middle-income countries","REG",2008,145334570,20382152,15675441,89136146,20140831
"Lower-middle-income countries","REG",2009,70993808,20198055,17783924,12004982,21006847
"Lower-middle-income countries","REG",2010,86586384,20586981,21685022,21030648,23283733
"Lower-middle-income countries","REG",2011,88306956,23924483,26364948,12379612,25637913
"Lower-middle-income countries","REG",2012,51832558,21517307,2978375,284243,27052633
"Lower-middle-income countries","REG",2013,125156544,26125702,33324474,38194752,27511616
"Lower-middle-income countries","REG",2014,68007131,26921332,3721868,5569545,31794386
"Lower-middle-income countries","REG",2015,147742794,25950967,38971622,79819317,3000888
"Lower-middle-income countries","REG",2016,121898433,26161337,51293793,14695729,29747574
"Lower-middle-income countries","REG",2017,117676836,2886971,61352108,25773035,27664722
"Lower-middle-income countries","REG",2018,174081351,28967627,71942474,41591408,31579842
"Lower-middle-income countries","REG",2019,171472774,2990631,78275795,58366554,31839794
"Lower-middle-income countries","REG",2020,190161321,30965768,75347534,80546936,3301083
"Lower-middle-income countries","REG",2021,122344328,3147449,8741257,107067825,3387797
"Lower-middle-income countries","REG",2022,18123378,3442446,9682705,1348326,3649901
"Lower-middle-income countries","REG",2023,159464974,30759488,112741486,15595308,368692
"Lower-middle-income countries","REG",2024,80466329,32604053,11412071,184408,36265797
"Luxembourg","LUX",1965,86412,86412,0,0,0
"Luxembourg","LUX",1966,77759,77759,0,0,0
"Luxembourg","LUX",1967,87757,87757,0,0,0
"Luxembourg","LUX",1968,89632,89632,0,0,0
"Luxembourg","LUX",1969,77997,77997,0,0,0
"Luxembourg","LUX",1970,86214,86214,0,0,0
"Luxembourg","LUX",1971,4873,4873,0,0,0
"Luxembourg","LUX",1972,57462,57462,0,0,0
"Luxembourg","LUX",1973,50733,50733,0,0,0
"Luxembourg","LUX",1974,74939,74939,0,0,0
"Luxembourg","LUX",1975,64745,64745,0,0,0
"Luxembourg","LUX",1976,40794,40794,0,0,0
"Luxembourg","LUX",1977,78638,78625,0,0,13
"Luxembourg","LUX",1978,74820,74805,0,0,15
"Luxembourg","LUX",1979,81672,81656,0,0,16
"Luxembourg","LUX",1980,86257,86242,0,0,15
"Luxembourg","LUX",1981,92220,92202,0,0,18
"Luxembourg","LUX",1982,8205,8187,0,0,18
"Luxembourg","LUX",1983,80750,80733,0,0,17
"Luxembourg","LUX",1984,85927,85908,0,0,19
"Luxembourg","LUX",1985,69629,69611,0,0,18
"Luxembourg","LUX",1986,86108,86091,0,0,17
"Luxembourg","LUX",1987,100103,100081,0,0,22
"Luxembourg","LUX",1988,9220,9197,0,0,23
"Luxembourg","LUX",1989,70083,70064,0,0,19
"Luxembourg","LUX",1990,12512,7,0,0,12505
"Luxembourg","LUX",1991,14060,84,0,0,13976
"Luxembourg","LUX",1992,1184,7,0,0,1177
"Luxembourg","LUX",1993,14779,67,0,0,14712
"Luxembourg","LUX",1994,1594,86,0,0,1508
"Luxembourg","LUX",1995,19581,88,0,0,19493
"Luxembourg","LUX",1996,15454,6,0,0,15448
"Luxembourg","LUX",1997,17005,83,3,0,16919
"Luxembourg","LUX",1998,17194,115,11,0,17068
"Luxembourg","LUX",1999,1988,85,18,0,1885
"Luxembourg","LUX",2000,170603,123504,24743,4,22352
"Luxembourg","LUX",2001,146325,118032,2374,46,25873
"Luxembourg","LUX",2002,151284,99731,24479,59,27015
"Luxembourg","LUX",2003,69660,7942,26168,1399,34151
"Luxembourg","LUX",2004,195231,104058,39399,9199,42575
"Luxembourg","LUX",2005,209051,92939,52251,17698,46163
"Luxembourg","LUX",2006,245628,111312,57986,21114,55216
"Luxembourg","LUX",2007,264556,116702,64286,20901,62667
"Luxembourg","LUX",2008,282382,132114,60589,20031,69648
"Luxembourg","LUX",2009,267812,105839,63472,20316,78185
"Luxembourg","LUX",2010,192306,107661,55083,21148,8414
"Luxembourg","LUX",2011,125191,63,6405,25744,92979
"Luxembourg","LUX",2012,308056,98302,77466,38277,94011
"Luxembourg","LUX",2013,370171,119195,83027,73738,94211
"Luxembourg","LUX",2014,397630,107788,79876,94741,115225
"Luxembourg","LUX",2015,430786,99253,101848,103721,125964
"Luxembourg","LUX",2016,457203,115411,101486,100288,140018
"Luxembourg","LUX",2017,600388,85649,234823,108463,171453
"Luxembourg","LUX",2018,683250,92778,254575,118725,217172
"Luxembourg","LUX",2019,796712,106915,281283,130385,278129
"Luxembourg","LUX",2020,641227,91602,351135,161261,37229
"Luxembourg","LUX",2021,989844,106812,314313,180187,388532
"Luxembourg","LUX",2022,1031324,64091,312221,276268,378744
"Luxembourg","LUX",2023,1243473,88616,495289,293959,365609
"Luxembourg","LUX",2024,68436503,10842031,4733545,47941035,4919892
"Malaysia","MYS",1965,587,587,0,0,0
"Malaysia","MYS",1966,692,692,0,0,0
"Malaysia","MYS",1967,725,725,0,0,0
"Malaysia","MYS",1968,804,804,0,0,0
"Malaysia","MYS",1969,1014,1014,0,0,0
"Malaysia","MYS",1970,1202,1202,0,0,0
"Malaysia","MYS",1971,1046,1046,0,0,0
"Malaysia","MYS",1972,1154,1154,0,0,0
"Malaysia","MYS",1973,1108,1108,0,0,0
"Malaysia","MYS",1974,1006,1006,0,0,0
"Malaysia","MYS",1975,1005,1005,0,0,0
"Malaysia","MYS",1976,948,948,0,0,0
"Malaysia","MYS",1977,769,769,0,0,0
"Malaysia","MYS",1978,90395063,90395063,0,0,0
"Malaysia","MYS",1979,11035241,11035241,0,0,0
"Malaysia","MYS",1980,14087542,14087542,0,0,0
"Malaysia","MYS",1981,15613693,15613693,0,0,0
"Malaysia","MYS",1982,15026711,15026711,0,0,0
"Malaysia","MYS",1983,17492031,17492031,0,0,0
"Malaysia","MYS",1984,34514477,34514477,0,0,0
"Malaysia","MYS",1985,37684176,37684176,0,0,0
"Malaysia","MYS",1986,4120606,4120606,0,0,0
"Malaysia","MYS",1987,49658585,49658585,0,0,0
"Malaysia","MYS",1988,5728934,5728934,0,0,0
"Malaysia","MYS",1989,5294568,5294568,0,0,0
"Malaysia","MYS",1990,4026689,4026689,0,0,0
"Malaysia","MYS",1991,44493155,44493155,0,0,0
"Malaysia","MYS",1992,4286,4286,0,0,0
"Malaysia","MYS",1993,4853,4853,0,0,0
"Malaysia","MYS",1994,6483,6483,0,0,0
"Malaysia","MYS",1995,6218,6218,0,0,0
"Malaysia","MYS",1996,5184,5184,0,0,0
"Malaysia","MYS",1997,4173,4173,0,0,0
"Malaysia","MYS",1998,4457,4457,0,0,0
"Malaysia","MYS",1999,7552,7552,0,0,0
"Malaysia","MYS",2000,577897,6994,0,0,570903
"Malaysia","MYS",2001,580160,6066,0,0,574094
"Malaysia","MYS",2002,9459,5415,0,0,4044
"Malaysia","MYS",2003,4674,509,0,0,4165
"Malaysia","MYS",2004,63209,5573,0,0,57636
"Malaysia","MYS",2005,11932,6007,0,0,5925
"Malaysia","MYS",2006,630287,6323,0,0,623964
"Malaysia","MYS",2007,765730,5957,0,0,759773
"Malaysia","MYS",2008,804568,7807,0,0,796761
"Malaysia","MYS",2009,1394057,689,0,0,1393368
"Malaysia","MYS",2010,12635906,6361,0,0,12629545
"Malaysia","MYS",2011,1545591,8056,0,0,1537535
"Malaysia","MYS",2012,15025882,9251,0,7,15016624
"Malaysia","MYS",2013,228487,117987,0,141,110359
"Malaysia","MYS",2014,14308,13388,0,227,693
"Malaysia","MYS",2015,14948,13924,0,273,751
"Malaysia","MYS",2016,20131,20024,0,31,76
"Malaysia","MYS",2017,27644,26846,0,33,765
"Malaysia","MYS",2018,28308,26325,0,632,1351
"Malaysia","MYS",2019,28791,26196,0,1459,1136
"Malaysia","MYS",2020,30592,27299,0,2059,1234
"Malaysia","MYS",2021,33365,31105,0,2139,121
"Malaysia","MYS",2022,45891000,3273367,0,27903812,14713821
"Malaysia","MYS",2023,50437829,32447227,0,3276781,14713821
"Malaysia","MYS",2024,84351874,34387253,0,35210488,14754133
"Mexico","MEX",1965,8863,8863,0,0,0
"Mexico","MEX",1966,10118,10118,0,0,0
"Mexico","MEX",1967,11017,11017,0,0,0
"Mexico","MEX",1968,12642,12642,0,0,0
"Mexico","MEX",1969,13406,13406,0,0,0
"Mexico","MEX",1970,15005,15005,0,0,0
"Mexico","MEX",1971,14572,14572,0,0,0
"Mexico","MEX",1972,15531,15531,0,0,0
"Mexico","MEX",1973,16532,16371,0,0,161
"Mexico","MEX",1974,17171,16708,0,0,463
"Mexico","MEX",1975,15700,15182,0,0,518
"Mexico","MEX",1976,17834,17255,0,0,579
"Mexico","MEX",1977,19785,19193,0,0,592
"Mexico","MEX",1978,16815,16217,0,0,598
"Mexico","MEX",1979,19027,18008,0,0,1019
"Mexico","MEX",1980,2606,1691,0,0,915
"Mexico","MEX",1981,25582,24618,0,0,964
"Mexico","MEX",1982,24220,22924,0,0,1296
"Mexico","MEX",1983,22086,20733,0,0,1353
"Mexico","MEX",1984,25027,23603,0,0,1424
"Mexico","MEX",1985,28428933,28427292,0,0,1641
"Mexico","MEX",1986,216369,212975,0,0,3394
"Mexico","MEX",1987,19289612,19285194,0,0,4418
"Mexico","MEX",1988,21840744,21836111,0,0,4633
"Mexico","MEX",1989,25358870,25354195,0,0,4675
"Mexico","MEX",1990,24486070,24480944,1,1,5124
"Mexico","MEX",1991,80950390,22625263,1,2,58325124
"Mexico","MEX",1992,33179221,26813694,1,3,6365523
"Mexico","MEX",1993,67663104,2665493,1,4,64997606
"Mexico","MEX",1994,64212396,2027132,5,5,62185254
"Mexico","MEX",1995,91743114,27598667,7,5,64144435
"Mexico","MEX",1996,37520844,31336277,6,6,6184555
"Mexico","MEX",1997,85194579,26362097,12,6,58832464
"Mexico","MEX",1998,30731553,24592945,15,7,6138586
"Mexico","MEX",1999,63871270,3271232,17,7,60600014
"Mexico","MEX",2000,9666159,3307488,19,7,6358645
"Mexico","MEX",2001,9091056,2843533,18,8,6247497
"Mexico","MEX",2002,3093294,2486159,21,8,607106
"Mexico","MEX",2003,89349360,19852205,19,8,69497128
"Mexico","MEX",2004,32438239,25176394,2,9,7261834
"Mexico","MEX",2005,35846993,27709446,19,9,8137519
"Mexico","MEX",2006,105320387,30446474,45,1,74873867
"Mexico","MEX",2007,35589844,27339674,248,9,8249913
"Mexico","MEX",2008,47120339,39223907,255,19,7896158
"Mexico","MEX",2009,93904378,26722006,59635276,27,7547069
"Mexico","MEX",2010,20428517,37196,12391111,31,8000179
"Mexico","MEX",2011,24813017,362668,16483214,41,7967094
"Mexico","MEX",2012,111389844,31855,36883104,69,74474816
"Mexico","MEX",2013,14853534,2795813,4184544,106,7873071
"Mexico","MEX",2014,149130759,3889177,64261966,221,80979395
"Mexico","MEX",2015,22253541,3089147,8745094,2021975,8397325
"Mexico","MEX",2016,46924994,3003122,10378095,25227612,8316165
"Mexico","MEX",2017,129243812,3087776,106197815,11865062,8093159
"Mexico","MEX",2018,12149507,3223409,1243525,321171,7361402
"Mexico","MEX",2019,77155783,2360243,1672691,996432,72126417
"Mexico","MEX",2020,76333156,2681701,1970289,1583562,70097604
"Mexico","MEX",2021,13705013,3471716,2107487,2019491,6106319
"Mexico","MEX",2022,8312626,3555885,2052875,2034204,669662
"Mexico","MEX",2023,66366462,20609,207,23338,66322308
"Mexico","MEX",2024,107777176,2354291,19754978,25723602,59944305
"Middle Africa (EI)","REG",1965,3935,3935,0,0,0
"Middle Africa (EI)","REG",1966,4093,4093,0,0,0
"Middle Africa (EI)","REG",1967,3846,3846,0,0,0
"Middle Africa (EI)","REG",1968,4012,4012,0,0,0
"Middle Africa (EI)","REG",1969,436,436,0,0,0
"Middle Africa (EI)","REG",1970,4865,4865,0,0,0
"Middle Africa (EI)","REG",1971,519,519,0,0,0
"Middle Africa (EI)","REG",1972,531,531,0,0,0
"Middle Africa (EI)","REG",1973,5756,5756,0,0,0
"Middle Africa (EI)","REG",1974,5651,5651,0,0,0
"Middle Africa (EI)","REG",1975,6207,6207,0,0,0
"Middle Africa (EI)","REG",1976,5975,5975,0,0,0
"Middle Africa (EI)","REG",1977,6132,6132,0,0,0
"Middle Africa (EI)","REG",1978,6161,6161,0,0,0
"Middle Africa (EI)","REG",1979,6299,6299,0,0,0
"Middle Africa (EI)","REG",1980,6639,6639,0,0,0
"Middle Africa (EI)","REG",1981,7012,7012,0,0,0
"Middle Africa (EI)","REG",1982,73,73,0,0,0
"Middle Africa (EI)","REG",1983,7709,7709,0,0,0
"Middle Africa (EI)","REG",1984,8065,8065,0,0,0
"Middle Africa (EI)","REG",1985,9145,9145,0,0,0
"Middle Africa (EI)","REG",1986,9438,9438,0,0,0
"Middle Africa (EI)","REG",1987,9454,9454,0,0,0
"Middle Africa (EI)","REG",1988,9604,9604,0,0,0
"Middle Africa (EI)","REG",1989,11446,11446,0,0,0
"Middle Africa (EI)","REG",1990,10291,10288,0,0,3
"Middle Africa (EI)","REG",1991,9984,9976,0,0,8
"Middle Africa (EI)","REG",1992,10829,10821,0,0,8
"Middle Africa (EI)","REG",1993,10221,10213,0,0,8
"Middle Africa (EI)","REG",1994,9741,9732,0,0,9
"Middle Africa (EI)","REG",1995,10840,10831,0,0,9
"Middle Africa (EI)","REG",1996,10874,10867,0,0,7
"Middle Africa (EI)","REG",1997,10145,10138,0,0,7
"Middle Africa (EI)","REG",1998,9932,9925,0,0,7
"Middle Africa (EI)","REG",1999,10336,10329,0,0,7
"Middle Africa (EI)","REG",2000,11410554,11410404,0,143,7
"Middle Africa (EI)","REG",2001,1166575,1166425,0,143,7
"Middle Africa (EI)","REG",2002,11775957,11775807,0,143,7
"Middle Africa (EI)","REG",2003,12189974,12189966,0,1,7
"Middle Africa (EI)","REG",2004,14085601,14085593,0,1,7
"Middle Africa (EI)","REG",2005,14495451,14495443,0,1,7
"Middle Africa (EI)","REG",2006,15682581,15682515,0,1,65
"Middle Africa (EI)","REG",2007,1516171,1516084,0,3,84
"Middle Africa (EI)","REG",2008,16219574,16219486,0,3,85
"Middle Africa (EI)","REG",2009,16159521,16159369,0,73,79
"Middle Africa (EI)","REG",2010,16837889,16836414,0,1408,67
"Middle Africa (EI)","REG",2011,17137777,17127369,0,3366,7042
"Middle Africa (EI)","REG",2012,16940514,16929146,0,4026,7342
"Middle Africa (EI)","REG",2013,19472869,19459368,0,5659,7842
"Middle Africa (EI)","REG",2014,21039752,21017534,0,10376,11842
"Middle Africa (EI)","REG",2015,2143485,2121535,0,13208,8742
"Middle Africa (EI)","REG",2016,2258101,2227576,89,19794,10642
"Middle Africa (EI)","REG",2017,2661455,2519645,89,25073,116648
"Middle Africa (EI)","REG",2018,28504633,28354702,89,29454,120388
"Middle Africa (EI)","REG",2019,30043183,29882095,89,34136,126863
"Middle Africa (EI)","REG",2020,32975833,32807884,89,40978,126882
"Middle Africa (EI)","REG",2021,67276482,3452831,89,63695006,128556
"Middle Africa (EI)","REG",2022,48673566,35550255,89,12996484,126738
"Middle Africa (EI)","REG",2023,36905343,3838138,89,32946378,120738
"Middle Africa (EI)","REG",2024,62128411,3929045,8924384,37168103,12106879
"Middle East (EI)","REG",1965,2345857,2345857,0,0,0
"Middle East (EI)","REG",1966,25461166,25461166,0,0,0
"Middle East (EI)","REG",1967,28287957,28287957,0,0,0
"Middle East (EI)","REG",1968,30811522,30811522,0,0,0
"Middle East (EI)","REG",1969,33959281,33959281,0,0,0
"Middle East (EI)","REG",1970,357964,357964,0,0,0
"Middle East (EI)","REG",1971,37548983,37548983,0,0,0
"Middle East (EI)","REG",1972,45691648,45691648,0,0,0
"Middle East (EI)","REG",1973,37504175,37504175,0,0,0
"Middle East (EI)","REG",1974,48159366,48159366,0,0,0
"Middle East (EI)","REG",1975,54404545,54404545,0,0,0
"Middle East (EI)","REG",1976,63250394,63250394,0,0,0
"Middle East (EI)","REG",1977,70982018,70982018,0,0,0
"Middle East (EI)","REG",1978,9812257,9812257,0,0,0
"Middle East (EI)","REG",1979,9615829,9615829,0,0,0
"Middle East (EI)","REG",1980,9682702,9682702,0,0,0
"Middle East (EI)","REG",1981,10214353,10214353,0,0,0
"Middle East (EI)","REG",1982,10605872,10605872,0,0,0
"Middle East (EI)","REG",1983,1022087,1022087,0,0,0
"Middle East (EI)","REG",1984,10373285,10373285,0,0,0
"Middle East (EI)","REG",1985,10438,10438,0,0,0
"Middle East (EI)","REG",1986,11079,11079,0,0,0
"Middle East (EI)","REG",1987,13915,13915,0,0,0
"Middle East (EI)","REG",1988,14299,14299,0,0,0
"Middle East (EI)","REG",1989,12624,12624,0,0,0
"Middle East (EI)","REG",1990,15273265,15273264,1,0,0
"Middle East (EI)","REG",1991,11009185,11009184,1,0,0
"Middle East (EI)","REG",1992,17827067,17827066,1,0,0
"Middle East (EI)","REG",1993,20046733,20046732,1,0,0
"Middle East (EI)","REG",1994,1654977,1654976,1,0,0
"Middle East (EI)","REG",1995,18652707,18652706,1,0,0
"Middle East (EI)","REG",1996,18698377,18698376,1,0,0
"Middle East (EI)","REG",1997,15927058,15927055,3,0,0
"Middle East (EI)","REG",1998,1721059,1721056,3,0,0
"Middle East (EI)","REG",1999,1180143,1180105,38,0,0
"Middle East (EI)","REG",2000,10722575,10722177,395,0,3
"Middle East (EI)","REG",2001,11618268,11617796,467,0,5
"Middle East (EI)","REG",2002,16824329,16823881,443,0,5
"Middle East (EI)","REG",2003,18485015,18484583,426,0,6
"Middle East (EI)","REG",2004,23082981,23082361,614,0,6
"Middle East (EI)","REG",2005,23918193,23918102,86,0,5
"Middle East (EI)","REG",2006,28255624,28254223,1394,1,6
"Middle East (EI)","REG",2007,26705969,26705812,155,1,1
"Middle East (EI)","REG",2008,13696059,13690433,2101,3509,16
"Middle East (EI)","REG",2009,12153497,12116322,2405,34263,507
"Middle East (EI)","REG",2010,18370464,17390324,1823,977515,802
"Middle East (EI)","REG",2011,18597203,18255754,2243,226665,112541
"Middle East (EI)","REG",2012,25833532,21407372,2953,4309066,114141
"Middle East (EI)","REG",2013,24442196,23509758,235789,682171,14478
"Middle East (EI)","REG",2014,15539925,1994348,255078,13076485,214014
"Middle East (EI)","REG",2015,19087341,16767385,280489,1829432,210035
"Middle East (EI)","REG",2016,2631140,2017076,58532,284856,270676
"Middle East (EI)","REG",2017,25591370,20639414,812532,3857098,282326
"Middle East (EI)","REG",2018,34107315,12803039,15064008,5944662,295606
"Middle East (EI)","REG",2019,167654905,40587723,16785904,110005665,275613
"Middle East (EI)","REG",2020,45218801,2900745,26841986,15176834,299236
"Middle East (EI)","REG",2021,69151811,18581226,2931486,19303516,28335583
"Middle East (EI)","REG",2022,76712794,18146112,4015266,24412754,30138662
"Middle East (EI)","REG",2023,106889263,2553375,50557737,3802178,49975973
"Middle East (EI)","REG",2024,126226400,21791903,52469025,46834404,5131068
"Morocco","MAR",1965,1213,1213,0,0,0
"Morocco","MAR",1966,1054,1054,0,0,0
"Morocco","MAR",1967,932,932,0,0,0
"Morocco","MAR",1968,1058,1058,0,0,0
"Morocco","MAR",1969,1368,1368,0,0,0
"Morocco","MAR",1970,1346,1346,0,0,0
"Morocco","MAR",1971,152,152,0,0,0
"Morocco","MAR",1972,1596,1596,0,0,0
"Morocco","MAR",1973,1192,1192,0,0,0
"Morocco","MAR",1974,1337,1337,0,0,0
"Morocco","MAR",1975,1016,1016,0,0,0
"Morocco","MAR",1976,998,998,0,0,0
"Morocco","MAR",1977,1365,1365,0,0,0
"Morocco","MAR",1978,1416,1416,0,0,0
"Morocco","MAR",1979,1582,1582,0,0,0
"Morocco","MAR",1980,1515,1515,0,0,0
"Morocco","MAR",1981,1024,1024,0,0,0
"Morocco","MAR",1982,572,572,0,0,0
"Morocco","MAR",1983,481,481,0,0,0
"Morocco","MAR",1984,366,366,0,0,0
"Morocco","MAR",1985,486,486,0,0,0
"Morocco","MAR",1986,643,643,0,0,0
"Morocco","MAR",1987,825,825,0,0,0
"Morocco","MAR",1988,936,936,0,0,0
"Morocco","MAR",1989,1157,1157,0,0,0
"Morocco","MAR",1990,122,122,0,0,0
"Morocco","MAR",1991,1226,1226,0,0,0
"Morocco","MAR",1992,964,964,0,0,0
"Morocco","MAR",1993,443,443,0,0,0
"Morocco","MAR",1994,84,84,0,0,0
"Morocco","MAR",1995,611,611,0,0,0
"Morocco","MAR",1996,1957,1957,0,0,0
"Morocco","MAR",1997,2083,2083,0,0,0
"Morocco","MAR",1998,1777,1777,0,0,0
"Morocco","MAR",1999,825,825,0,0,0
"Morocco","MAR",2000,782,718,64,0,0
"Morocco","MAR",2001,10681,8623,2058,0,0
"Morocco","MAR",2002,12882,842,1939,10101,0
"Morocco","MAR",2003,14429246,14417117,2028,10101,0
"Morocco","MAR",2004,28003,15913,1989,10101,0
"Morocco","MAR",2005,21811,9647,2063,10101,0
"Morocco","MAR",2006,21758,9825,1832,10101,0
"Morocco","MAR",2007,13792,902,2789,10101,0
"Morocco","MAR",2008,22241,9158,2982,10101,0
"Morocco","MAR",2009,39695,25683,3911,10101,0
"Morocco","MAR",2010,51367,34678,6588,10101,0
"Morocco","MAR",2011,37077,20054,6922,10101,0
"Morocco","MAR",2012,103642,1631,728,101283,0
"Morocco","MAR",2013,25035,2785,12149,10101,0
"Morocco","MAR",2014,45713,16374,19238,10101,0
"Morocco","MAR",2015,27136,1885,25194,57,0
"Morocco","MAR",2016,46573,12557,30001,4015,0
"Morocco","MAR",2017,1219214,1184712,30349,4153,0
"Morocco","MAR",2018,6484341,1693443,3840743,950155,0
"Morocco","MAR",2019,3314162,1262781,469919,1581462,0
"Morocco","MAR",2020,106553943,86763716,4591891,15198336,0
"Morocco","MAR",2021,100543446,81830716,510667,18202063,0
"Morocco","MAR",2022,23335469,3502118,5355879,14477472,0
"Morocco","MAR",2023,43928681,16276278,6545676,21106727,0
"Morocco","MAR",2024,110496040,14157313,75174174,21164553,0
"Netherlands","NLD",1965,0,0,0,0,0
"Netherlands","NLD",1966,0,0,0,0,0
"Netherlands","NLD",1967,0,0,0,0,0
"Netherlands","NLD",1968,0,0,0,0,0
"Netherlands","NLD",1969,0,0,0,0,0
"Netherlands","NLD",1970,0,0,0,0,0
"Netherlands","NLD",1971,0,0,0,0,0
"Netherlands","NLD",1972,0,0,0,0,0
"Netherlands","NLD",1973,0,0,0,0,0
"Netherlands","NLD",1974,0,0,0,0,0
"Netherlands","NLD",1975,803,0,0,0,803
"Netherlands","NLD",1976,872,0,0,0,872
"Netherlands","NLD",1977,867,0,0,0,867
"Netherlands","NLD",1978,1211,0,0,0,1211
"Netherlands","NLD",1979,1106,0,0,0,1106
"Netherlands","NLD",1980,1024,0,0,0,1024
"Netherlands","NLD",1981,1085,0,0,0,1085
"Netherlands","NLD",1982,265,0,0,0,265
"Netherlands","NLD",1983,231,0,0,0,231
"Netherlands","NLD",1984,17,0,0,0,17
"Netherlands","NLD",1985,444,3,0,0,441
"Netherlands","NLD",1986,557,3,1,0,553
"Netherlands","NLD",1987,705,1,2,0,702
"Netherlands","NLD",1988,853,2,16,0,835
"Netherlands","NLD",1989,69,37,23,0,9
"Netherlands","NLD",1990,208,85,56,0,67
"Netherlands","NLD",1991,267,104,88,0,75
"Netherlands","NLD",1992,912,12,147,1,752
"Netherlands","NLD",1993,1130,92,174,1,863
"Netherlands","NLD",1994,1179,1,238,1,939
"Netherlands","NLD",1995,1423,88,317,1,1017
"Netherlands","NLD",1996,1763,8,437,2,1316
"Netherlands","NLD",1997,2032,92,475,2,1463
"Netherlands","NLD",1998,1601611,11231,64,35,1590281
"Netherlands","NLD",1999,1879759,90249,645,527,1788338
"Netherlands","NLD",2000,2157187,142393,829,771,2013194
"Netherlands","NLD",2001,2477489,117324,825,1306,2358034
"Netherlands","NLD",2002,3019038,109636,946,1704,2906752
"Netherlands","NLD",2003,2623949,72023,1318,3074,2547534
"Netherlands","NLD",2004,3425819,95732,1867,3314,3324906
"Netherlands","NLD",2005,5313073,88,2067,34199,5276719
"Netherlands","NLD",2006,148350,105199,2734,35223,5194
"Netherlands","NLD",2007,4065538,107,3437,35712,4026282
"Netherlands","NLD",2008,9380116,1,4258333,38889,5082893
"Netherlands","NLD",2009,4731110,97222,4583333,44444,6111
"Netherlands","NLD",2010,11214723,104167,3993056,59444,7058056
"Netherlands","NLD",2011,12284131,57,5100171,100344,7083559
"Netherlands","NLD",2012,12543575,104388,4981829,253753,7203605
"Netherlands","NLD",2013,5752573,114312,5627148,5159,5954
"Netherlands","NLD",2014,11707203,111925,5797334,784762,5013182
"Netherlands","NLD",2015,12597496,927,7549858,110852,4935859
"Netherlands","NLD",2016,14781194,100079,8170446,1601808,4908861
"Netherlands","NLD",2017,17438536,60757,10568801,2204346,4604632
"Netherlands","NLD",2018,18881842,72348,10548511,3707792,4553191
"Netherlands","NLD",2019,22803191,74182,11507927,5399406,5821676
"Netherlands","NLD",2020,32729486,46066,15277726,8567013,8838681
"Netherlands","NLD",2021,40276274,8824,18046019,11303873,10917558
"Netherlands","NLD",2022,48092501,49998,21565971,16656805,9819727
"Netherlands","NLD",2023,56786757,69369,29525082,19578188,7614118
"Netherlands","NLD",2024,40582061,85,33377243,21645,7183088
"New Zealand","NZL",1965,1003226,1001878,0,0,1348
"New Zealand","NZL",1966,10806792,10805433,0,0,1359
"New Zealand","NZL",1967,11221991,11220857,0,0,1134
"New Zealand","NZL",1968,11774577,11773282,0,0,1295
"New Zealand","NZL",1969,1164955,1163628,0,0,1327
"New Zealand","NZL",1970,1268315,1267042,0,0,1273
"New Zealand","NZL",1971,14395242,14393986,0,0,1256
"New Zealand","NZL",1972,15265864,15264607,0,0,1257
"New Zealand","NZL",1973,1510910,1509667,0,0,1243
"New Zealand","NZL",1974,35979466,15188889,0,0,20790577
"New Zealand","NZL",1975,37725265,16663637,0,0,21061628
"New Zealand","NZL",1976,3604746,1549899,0,0,2054847
"New Zealand","NZL",1977,34500251,14720202,0,0,19780049
"New Zealand","NZL",1978,176607583,156595955,0,0,20011628
"New Zealand","NZL",1979,37219273,18443434,0,0,18775839
"New Zealand","NZL",1980,39079434,19364647,0,0,19714787
"New Zealand","NZL",1981,21618382,19679798,0,0,1938584
"New Zealand","NZL",1982,21513611,1830404,0,0,19683207
"New Zealand","NZL",1983,39615353,19751514,0,0,19863839
"New Zealand","NZL",1984,41761081,20376768,0,0,21384313
"New Zealand","NZL",1985,39809940,19707859,0,0,20102081
"New Zealand","NZL",1986,42928041,22097696,0,0,20830345
"New Zealand","NZL",1987,42707558,21928556,0,0,20779002
"New Zealand","NZL",1988,25049939,22962656,0,0,2087283
"New Zealand","NZL",1989,25136994,22558859,0,0,2578135
"New Zealand","NZL",1990,52714729,23185303,0,0,29529426
"New Zealand","NZL",1991,54112757,22894464,0,0,31218293
"New Zealand","NZL",1992,52476795,21092667,690909,0,30693219
"New Zealand","NZL",1993,56659611,23492899,985859,0,32180853
"New Zealand","NZL",1994,34340233,2583708,1010101,0,30746424
"New Zealand","NZL",1995,58790475,27534758,1010101,0,30245616
"New Zealand","NZL",1996,40459073,2618293,8326262,0,29514518
"New Zealand","NZL",1997,67316044,23258162,13593555,0,30464327
"New Zealand","NZL",1998,80468132,25319334,22069696,0,33079102
"New Zealand","NZL",1999,62380986,22919535,3899293,0,35562158
"New Zealand","NZL",2000,73864632,24434969,12020808,0,37408855
"New Zealand","NZL",2001,70877515,21681162,13898788,0,35297565
"New Zealand","NZL",2002,74091337,24873026,15548317,0,33669994
"New Zealand","NZL",2003,71043229,23622797,14654097,0,32766335
"New Zealand","NZL",2004,97340801,27240088,36153665,0,33947048
"New Zealand","NZL",2005,67546849,23327555,6143859,0,38075435
"New Zealand","NZL",2006,70510956,23573221,6222169,0,40715566
"New Zealand","NZL",2007,139213998,236405,92987984,3405895,42583714
"New Zealand","NZL",2008,41280533,22347338,10584577,3455616,4893002
"New Zealand","NZL",2009,48154485,24217442,14764609,3589863,5582571
"New Zealand","NZL",2010,51535535,24726507,16371758,3828525,6608745
"New Zealand","NZL",2011,118183539,25110668,19572189,4126869,69373813
"New Zealand","NZL",2012,120378354,22896656,20791955,4822949,71866794
"New Zealand","NZL",2013,57528008,23029074,20218704,6701959,7578271
"New Zealand","NZL",2014,53689914,24318062,2210925,18797714,8363213
"New Zealand","NZL",2015,70556620,24529945,236413,36830876,8959386
"New Zealand","NZL",2016,40621743,2593505,23407655,5674612,8945971
"New Zealand","NZL",2017,43953787,25175854,2091049,7709482,8977402
"New Zealand","NZL",2018,42269884,2625458,20679657,10066275,8898494
"New Zealand","NZL",2019,57265067,25598652,22556674,127903,8981838
"New Zealand","NZL",2020,51702563,24266592,2309158,16111544,9015269
"New Zealand","NZL",2021,38159477,24234734,2644358,2104717,9175668
"New Zealand","NZL",2022,92688750,26276207,28656576,28559086,9196881
"New Zealand","NZL",2023,156134535,26574657,3238395,37465358,88856125
"New Zealand","NZL",2024,98265934,23797873,3958227,60716313,9793521
"Non-OECD (EI)","REG",1965,20495503,20495503,0,0,0
"Non-OECD (EI)","REG",1966,22441562,22441562,0,0,0
"Non-OECD (EI)","REG",1967,22613533,22613533,0,0,0
"Non-OECD (EI)","REG",1968,25794876,25794876,0,0,0
"Non-OECD (EI)","REG",1969,28272205,28272205,0,0,0
"Non-OECD (EI)","REG",1970,88242708,31149374,0,0,57093334
"Non-OECD (EI)","REG",1971,35031294,32789908,0,0,2241386
"Non-OECD (EI)","REG",1972,57054453,34618478,0,0,22435975
"Non-OECD (EI)","REG",1973,60124684,36236978,0,0,23887706
"Non-OECD (EI)","REG",1974,65104096,39992545,0,0,25111551
"Non-OECD (EI)","REG",1975,44432831,41635663,0,0,2797168
"Non-OECD (EI)","REG",1976,37122200,4469197,0,0,32653003
"Non-OECD (EI)","REG",1977,84760771,48842285,0,0,35918486
"Non-OECD (EI)","REG",1978,93705081,53935913,0,0,39769168
"Non-OECD (EI)","REG",1979,10641900,5739957,0,0,4901943
"Non-OECD (EI)","REG",1980,68048837,61733356,0,0,6315481
"Non-OECD (EI)","REG",1981,72459322,63777386,0,0,8681936
"Non-OECD (EI)","REG",1982,15691282,6391586,0,0,9299696
"Non-OECD (EI)","REG",1983,77545067,66469006,0,0,11076061
"Non-OECD (EI)","REG",1984,83819235,72504443,0,0,11314792
"Non-OECD (EI)","REG",1985,12589489,764231,0,0,11825258
"Non-OECD (EI)","REG",1986,91720281,79682776,0,0,12037505
"Non-OECD (EI)","REG",1987,20026071,8220154,0,0,11805917
"Non-OECD (EI)","REG",1988,99213178,87210266,0,0,12002912
"Non-OECD (EI)","REG",1989,21897956,8934253,0,0,12963703
"Non-OECD (EI)","REG",1990,142354945,92575946,34333333,2,15445664
"Non-OECD (EI)","REG",1991,123924052,96122644,12300091,2,15501315
"Non-OECD (EI)","REG",1992,48469043,9739785,22078313,3,16650942
"Non-OECD (EI)","REG",1993,57852865,10304474,31203565,4008,16340818
"Non-OECD (EI)","REG",1994,35138359,10876791,5899073,5018,18357477
"Non-OECD (EI)","REG",1995,32810144,11279578,11282852,8042101,2205613
"Non-OECD (EI)","REG",1996,28562199,1125287,10020291,15100606,2316015
"Non-OECD (EI)","REG",1997,56336175,11444614,1228866,17125607,26537088
"Non-OECD (EI)","REG",1998,76171765,11974895,15017252,20160606,29019012
"Non-OECD (EI)","REG",1999,40722769,12037592,2039237,23270616,3375324
"Non-OECD (EI)","REG",2000,119421950,12457386,24845295,43817446,38301823
"Non-OECD (EI)","REG",2001,63244678,12794312,3433199,6325795,40691372
"Non-OECD (EI)","REG",2002,100737519,13035369,36532056,8561688,42608406
"Non-OECD (EI)","REG",2003,33445588,13239547,4448027,11142536,4615478
"Non-OECD (EI)","REG",2004,40910732,14865562,7644248,13435523,4965399
"Non-OECD (EI)","REG",2005,65762761,1569437,9266881,1576311,53350132
"Non-OECD (EI)","REG",2006,97446366,16567483,149255,20733984,59995644
"Non-OECD (EI)","REG",2007,136319746,17422897,19880672,29858592,69157585
"Non-OECD (EI)","REG",2008,96767337,18659727,31306509,38713455,8087646
"Non-OECD (EI)","REG",2009,38992767,18777566,4864374,6037891,9312936
"Non-OECD (EI)","REG",2010,52245605,20234028,7653694,13239627,11118256
"Non-OECD (EI)","REG",2011,47942361,20488877,10865682,4736179,11851623
"Non-OECD (EI)","REG",2012,36874508,219289,14645685,9242483,12767051
"Non-OECD (EI)","REG",2013,74598403,23219849,19118544,18007584,14252426
"Non-OECD (EI)","REG",2014,101896269,24445442,22611429,38203026,16636372
"Non-OECD (EI)","REG",2015,75556915,24475952,27076944,6148912,17855107
"Non-OECD (EI)","REG",2016,89829169,25568323,35304538,9959833,18996475
"Non-OECD (EI)","REG",2017,108172031,26128438,44181125,16787987,21074481
"Non-OECD (EI)","REG",2018,82309070,26997231,5233052,25154231,24924556
"Non-OECD (EI)","REG",2019,122521660,27877488,58834717,33094894,2714561
"Non-OECD (EI)","REG",2020,75610025,2863818,65654034,4073738,3018435
"Non-OECD (EI)","REG",2021,122661138,28431897,8832033,51710596,33686612
"Non-OECD (EI)","REG",2022,55941798,2938695,10132963,6690926,36179214
"Non-OECD (EI)","REG",2023,167886202,28696057,11775216,88937274,38477655
"Non-OECD (EI)","REG",2024,95569436,30138513,13081718,12136372,40212833
"North America","NAM",1965,16608693,3276461,0,0,13332232
"North America","NAM",1966,17491616,3429609,0,0,14062007
"North America","NAM",1967,17815269,3741698,0,0,14073571
"North America","NAM",1968,53465317,37919272,0,0,15546045
"North America","NAM",1969,43871659,42248953,0,0,1622706
"North America","NAM",1970,59175310,42939407,0,0,16235903
"North America","NAM",1971,22221752,4525339,0,0,17696413
"North America","NAM",1972,6760897,4792899,0,0,1967998
"North America","NAM",1973,70547645,49272952,0,0,21274693
"North America","NAM",1974,75874678,53842413,0,0,22032265
"North America","NAM",1975,26919215,5273913,0,0,21645302
"North America","NAM",1976,78082130,52385376,0,0,25696754
"North America","NAM",1977,74006089,46893967,0,0,27112122
"North America","NAM",1978,33958052,5429264,0,0,28528788
"North America","NAM",1979,85510090,55430054,0,0,30080036
"North America","NAM",1980,36437928,5566706,0,0,30871222
"North America","NAM",1981,59742766,56475195,0,0,3267571
"North America","NAM",1982,38492630,6030476,0,0,32462154
"North America","NAM",1983,42398547,6329343,269495,3,35799706
"North America","NAM",1984,75866874,64591675,6555555,530101,4189543
"North America","NAM",1985,122317058,62885596,6820202,10737374,41873886
"North America","NAM",1986,66158759,640286,5231313,14173738,46113422
"North America","NAM",1987,71083002,60281836,4576768,1060303,5164095
"North America","NAM",1988,119954187,57043506,1879798,9185859,51845024
"North America","NAM",1989,89497900,6029673,21343768,2531323,59593136
"North America","NAM",1990,115645532,6253437,2819687,37179494,69392914
"North America","NAM",1991,104933582,62984656,29836779,4802529,7309618
"North America","NAM",1992,47857786,6055158,29766898,4138971,7896759
"North America","NAM",1993,65743390,6418483,3097906,48121452,8105549
"North America","NAM",1994,100746059,6200209,35537062,50892544,8116244
"North America","NAM",1995,52743144,6854456,32699928,5233137,7955623
"North America","NAM",1996,117169727,74817206,33646922,553236,8152363
"North America","NAM",1997,130621337,7449706,34789815,5456431,82925385
"North America","NAM",1998,52747456,6921732,32065902,5417646,8342176
"North America","NAM",1999,117736003,7117536,48234224,53870624,8513619
"North America","NAM",2000,143452620,67951245,61472874,5425887,8602614
"North America","NAM",2001,88965853,5852815,73798866,603293,8710879
"North America","NAM",2002,90334318,6484932,11200103,63404346,9244937
"North America","NAM",2003,83114713,6432528,12304386,64368576,9223
"North America","NAM",2004,96673695,64445514,15602357,7244296,9381528
"North America","NAM",2005,104777932,67586255,19885897,7835996,9469784
"North America","NAM",2006,54766297,6893802,29770735,8639244,9462516
"North America","NAM",2007,125337730,65828375,38422153,11415055,9672147
"North America","NAM",2008,155844048,68991394,60302902,17021077,9528675
"North America","NAM",2009,79379986,68798846,8248513,2236723,95904
"North America","NAM",2010,116428428,6692185,106375084,3351158,10001
"North America","NAM",2011,36471680,7512017,13432039,5445939,10081685
"North America","NAM",2012,43516091,7109693,15890797,10199857,10315744
"North America","NAM",2013,118487172,71063214,18714879,17905542,10803537
"North America","NAM",2014,70568840,7004833,20582605,31911573,11069829
"North America","NAM",2015,53847937,6834095,2325834,43576576,1111432
"North America","NAM",2016,106168695,7039202,27498212,60423866,11207415
"North America","NAM",2017,225512969,75208673,30346472,8474899,111482925
"North America","NAM",2018,127757323,73691907,32719458,10367752,10978206
"North America","NAM",2019,232202095,71404425,35469608,125222305,105757
"North America","NAM",2020,138643650,72484454,40259412,15616212,10283572
"North America","NAM",2021,62053866,6979338,44665485,196392,10212651
"North America","NAM",2022,180196600,7179719,50456857,23875438,98684586
"North America","NAM",2023,93203471,6497922,49297604,27963977,9443968
"North America","NAM",2024,55783970,6360392,5301672,34895993,9225913
"North America (EI)","REG",1965,45924740,32592508,0,0,13332232
"North America (EI)","REG",1966,17472556,3410549,0,0,14062007
"North America (EI)","REG",1967,17795189,3721618,0,0,14073571
"North America (EI)","REG",1968,19316012,3769967,0,0,15546045
"North America (EI)","REG",1969,5823431,4200725,0,0,1622706
"North America (EI)","REG",1970,58899340,42663437,0,0,16235903
"North America (EI)","REG",1971,17033701,449287,0,0,16584414
"North America (EI)","REG",1972,2343184,475886,0,0,1867298
"North America (EI)","REG",1973,25043069,4892377,0,0,20150692
"North America (EI)","REG",1974,74333233,53465967,0,0,20867266
"North America (EI)","REG",1975,25510971,5238668,0,0,20272303
"North America (EI)","REG",1976,29048419,5197665,0,0,23850754
"North America (EI)","REG",1977,71716850,46519727,0,0,25197123
"North America (EI)","REG",1978,31786782,5377995,0,0,26408787
"North America (EI)","REG",1979,82926470,54806433,0,0,28120037
"North America (EI)","REG",1980,34371718,5500601,0,0,28871117
"North America (EI)","REG",1981,85953879,55714276,0,0,30239603
"North America (EI)","REG",1982,8946488,5962483,0,0,2984005
"North America (EI)","REG",1983,6855550,6253626,269495,3,332426
"North America (EI)","REG",1984,110173306,63731323,6555555,530101,39356327
"North America (EI)","REG",1985,119193936,61925464,6820202,10737374,39710896
"North America (EI)","REG",1986,30090193,6289075,5231313,14173738,4396067
"North America (EI)","REG",1987,69666751,59090137,4576768,1060303,4939543
"North America (EI)","REG",1988,116343295,55765576,1879798,9185859,49512062
"North America (EI)","REG",1989,139934173,59052814,21343768,2531323,57006268
"North America (EI)","REG",1990,112660948,6124452,2819687,37179494,66537315
"North America (EI)","REG",1991,91071166,6172273,29836779,48025286,7036828
"North America (EI)","REG",1992,110145218,593414,29766898,4138971,75645935
"North America (EI)","REG",1993,220136801,62811975,30961888,48121452,78241486
"North America (EI)","REG",1994,100257146,6074682,35459282,50892544,7830638
"North America (EI)","REG",1995,112824850,67287823,32622151,5233137,7681739
"North America (EI)","REG",1996,169872645,73347784,33347363,55323595,7853903
"North America (EI)","REG",1997,120497544,73101483,33952475,5456431,7987155
"North America (EI)","REG",1998,124268719,6775521,31332586,5417646,80742966
"North America (EI)","REG",1999,67600635,6943183,47123313,5386052,8148087
"North America (EI)","REG",2000,26163910,6625963,5932759,5419337,8185851
"North America (EI)","REG",2001,211353760,57019635,71523848,60193,82750084
"North America (EI)","REG",2002,168345121,63230383,10884869,6323344,87906525
"North America (EI)","REG",2003,33453449,6259625,12009471,6414438,8769915
"North America (EI)","REG",2004,117738591,6261294,15251607,7213956,89011734
"North America (EI)","REG",2005,101924309,65609296,19576908,7749006,8989099
"North America (EI)","REG",2006,244876274,66887775,2937578,85543215,89507706
"North America (EI)","REG",2007,64848397,6380052,38053185,11304106,9111054
"North America (EI)","REG",2008,84408383,6677655,59965836,16870626,894266
"North America (EI)","REG",2009,45940973,6669425,8187046,22119603,8964899
"North America (EI)","REG",2010,87778260,64585547,10557163,3299592,9335958
"North America (EI)","REG",2011,71524929,7280859,1332274,53516192,9395604
"North America (EI)","REG",2012,95280405,68615216,15724394,9986821,953974
"North America (EI)","REG",2013,52951584,6862969,18486508,17644686,9957421
"North America (EI)","REG",2014,129741424,67714374,20273344,31557364,10196342
"North America (EI)","REG",2015,195162540,65953784,22835649,4252341,102120766
"North America (EI)","REG",2016,142117942,6792273,27059662,5867753,102398254
"North America (EI)","REG",2017,19488469,7222716,2990048,8255318,1020387
"North America (EI)","REG",2018,122977884,70764264,32132828,10101171,9979621
"North America (EI)","REG",2019,31996246,6908404,3484737,12169058,9434047
"North America (EI)","REG",2020,71011354,6961422,39681894,15194875,9173163
"North America (EI)","REG",2021,78896894,6661094,44038858,19139188,9057754
"North America (EI)","REG",2022,88809835,6845576,49869067,23322487,8772705
"North America (EI)","REG",2023,65953808,6227714,48660574,2730859,8334661
"North America (EI)","REG",2024,77357449,60545276,5246193,3413694,8152286
"North Macedonia","MKD",1990,491,491,0,0,0
"North Macedonia","MKD",1991,848,848,0,0,0
"North Macedonia","MKD",1992,848,848,0,0,0
"North Macedonia","MKD",1993,522,522,0,0,0
"North Macedonia","MKD",1994,695,695,0,0,0
"North Macedonia","MKD",1995,801,801,0,0,0
"North Macedonia","MKD",1996,85,85,0,0,0
"North Macedonia","MKD",1997,9,9,0,0,0
"North Macedonia","MKD",1998,1083,1083,0,0,0
"North Macedonia","MKD",1999,1389,1389,0,0,0
"North Macedonia","MKD",2000,117,117,0,0,0
"North Macedonia","MKD",2001,626,626,0,0,0
"North Macedonia","MKD",2002,757,757,0,0,0
"North Macedonia","MKD",2003,1374,1374,0,0,0
"North Macedonia","MKD",2004,1482,1482,0,0,0
"North Macedonia","MKD",2005,1492,1492,0,0,0
"North Macedonia","MKD",2006,165,165,0,0,0
"North Macedonia","MKD",2007,101,101,0,0,0
"North Macedonia","MKD",2008,84,84,0,0,0
"North Macedonia","MKD",2009,127,127,0,0,0
"North Macedonia","MKD",2010,2457,2431,0,26,0
"North Macedonia","MKD",2011,2606,1433,0,1173,0
"North Macedonia","MKD",2012,3877,1041,0,2836,0
"North Macedonia","MKD",2013,1593018,1583967,0,9051,0
"North Macedonia","MKD",2014,1291666,1206651,70633,14382,0
"North Macedonia","MKD",2015,2006405,1865193,120767,226,20219
"North Macedonia","MKD",2016,2043098,1897345,109483,237,36033
"North Macedonia","MKD",2017,1196629,1110279,11048,23751,51551
"North Macedonia","MKD",2018,1916899,1791368,97338,22788,5405
"North Macedonia","MKD",2019,24546019,1163674,101806,23225436,55103
"North Macedonia","MKD",2020,25613240,1277143,116885,24161914,57298
"North Macedonia","MKD",2021,52608053,1451623,103336,50999276,53818
"North Macedonia","MKD",2022,11546910,1345315,107656,10088801,5138
"North Macedonia","MKD",2023,37393230,1622933,157647,35547403,65247
"North Macedonia","MKD",2024,39025001,1366363,165916,31199634,6293088
"Norway","NOR",1965,49452,49452,0,0,0
"Norway","NOR",1966,48744,48744,0,0,0
"Norway","NOR",1967,53301,53301,0,0,0
"Norway","NOR",1968,60205,60205,0,0,0
"Norway","NOR",1969,57371,57371,0,0,0
"Norway","NOR",1970,57808,57808,0,0,0
"Norway","NOR",1971,63245,63245,0,0,0
"Norway","NOR",1972,67417,67417,0,0,0
"Norway","NOR",1973,72867,72867,0,0,0
"Norway","NOR",1974,76597,76597,0,0,0
"Norway","NOR",1975,7733,7733,0,0,0
"Norway","NOR",1976,81933,81933,0,0,0
"Norway","NOR",1977,72022,72022,0,0,0
"Norway","NOR",1978,80706,80706,0,0,0
"Norway","NOR",1979,88698,88698,0,0,0
"Norway","NOR",1980,83613,83613,0,0,0
"Norway","NOR",1981,92834,92834,0,0,0
"Norway","NOR",1982,92499,92499,0,0,0
"Norway","NOR",1983,105688,105688,0,0,0
"Norway","NOR",1984,105903,105903,0,0,0
"Norway","NOR",1985,102388,102383,0,0,5
"Norway","NOR",1986,96227,96201,0,0,26
"Norway","NOR",1987,103294,103273,0,0,21
"Norway","NOR",1988,108884,108857,0,0,27
"Norway","NOR",1989,1213,1184,0,0,29
"Norway","NOR",1990,121358,121145,0,0,213
"Norway","NOR",1991,110343,110134,0,0,209
"Norway","NOR",1992,116898,116671,0,0,227
"Norway","NOR",1993,119483,119233,7,0,243
"Norway","NOR",1994,111679,111643,9,0,27
"Norway","NOR",1995,12443,12153,1,0,289
"Norway","NOR",1996,104174,103862,9,0,303
"Norway","NOR",1997,110027,109775,11,0,241
"Norway","NOR",1998,115741,115703,11,0,27
"Norway","NOR",1999,121750,121452,25,0,273
"Norway","NOR",2000,142158,141818,31,53,256
"Norway","NOR",2001,120798,120463,27,53,255
"Norway","NOR",2002,129525,129372,75,53,25
"Norway","NOR",2003,10861,10548,218,62,33
"Norway","NOR",2004,109454,108781,252,62,359
"Norway","NOR",2005,136582,135688,499,62,333
"Norway","NOR",2006,120464,119369,636,71,388
"Norway","NOR",2007,135005,133656,892,71,386
"Norway","NOR",2008,140428,139044,913,74,397
"Norway","NOR",2009,126564,125283,977,77,227
"Norway","NOR",2010,118048,116739,879,81,349
"Norway","NOR",2011,121986,120279,1283,85,339
"Norway","NOR",2012,143687,141724,1548,89,326
"Norway","NOR",2013,130513,128138,1881,98,396
"Norway","NOR",2014,140330,135466,2217,116,2531
"Norway","NOR",2015,140204,137302,2515,134,253
"Norway","NOR",2016,145394,142807,2116,238,233
"Norway","NOR",2017,185440,142366,2854,39961,259
"Norway","NOR",2018,14166036,13897115,3877,60876,204168
"Norway","NOR",2019,12797988,12528956,5525,10502,253005
"Norway","NOR",2020,14811282,1409238,9911,13368152,23981
"Norway","NOR",2021,26296165,14396523,11769184,108939,21519
"Norway","NOR",2022,28044824,12823982,14809859,172866,238117
"Norway","NOR",2023,15714767,1367138,13965093,357619,24917
"Norway","NOR",2024,47176819,13957597,14523888,5535703,13159631
"OECD (EI)","REG",1965,89809535,71824304,0,0,17985231
"OECD (EI)","REG",1966,95746144,75940137,0,0,19806007
"OECD (EI)","REG",1967,2778264,779607,0,0,1998657
"OECD (EI)","REG",1968,30133444,8013399,0,0,22120045
"OECD (EI)","REG",1969,107160010,83902045,0,0,23257965
"OECD (EI)","REG",1970,111446558,86315594,0,0,25130964
"OECD (EI)","REG",1971,34640339,8993431,0,0,25646908
"OECD (EI)","REG",1972,37029620,9384442,0,0,27645178
"OECD (EI)","REG",1973,12377139,9406431,0,0,2970708
"OECD (EI)","REG",1974,13490855,10313062,0,0,3177793
"OECD (EI)","REG",1975,42340184,10325269,0,0,32014915
"OECD (EI)","REG",1976,13514744,9962169,0,0,3552575
"OECD (EI)","REG",1977,47332689,10032495,0,0,37300194
"OECD (EI)","REG",1978,50069968,10750232,3,0,39319733
"OECD (EI)","REG",1979,52809223,11211904,6,0,41597313
"OECD (EI)","REG",1980,54545248,11143158,105,0,43401985
"OECD (EI)","REG",1981,56115638,11311296,105,0,44804237
"OECD (EI)","REG",1982,64026936,11617495,185,0,52409256
"OECD (EI)","REG",1983,21138174,12130789,3279495,3,5727887
"OECD (EI)","REG",1984,58786132,1216329,44755556,6311111,6503136
"OECD (EI)","REG",1985,94805539,12150127,64220205,11747475,6687732
"OECD (EI)","REG",1986,114565300,12092454,13883132,15183838,73405876
"OECD (EI)","REG",1987,101519263,1211177,19537677,1060303,79710106
"OECD (EI)","REG",1988,25856376,12262461,3315798,10195959,82158
"OECD (EI)","REG",1989,73832574,11941617,26497767,26222324,9170866
"OECD (EI)","REG",1990,97112861,12328625,35981371,38624996,10177869
"OECD (EI)","REG",1991,163898356,12473176,39631057,5032229,106761894
"OECD (EI)","REG",1992,115272459,12343362,45120287,46357912,11450898
"OECD (EI)","REG",1993,35941564,13108732,5392133,5526695,11914004
"OECD (EI)","REG",1994,96252132,12682263,65418224,5919649,12231996
"OECD (EI)","REG",1995,160535385,13554312,71438384,63084066,12458623
"OECD (EI)","REG",1996,218085350,13915278,8213572,68412936,127543564
"OECD (EI)","REG",1997,45781059,14168943,10799351,7325302,13487463
"OECD (EI)","REG",1998,108823093,13834438,14427535,79169136,1391984
"OECD (EI)","REG",1999,118377070,13967095,1918766,88201725,14289484
"OECD (EI)","REG",2000,54543774,14009427,28925018,10143137,1466192
"OECD (EI)","REG",2001,76664515,12991776,34946808,13587534,15138397
"OECD (EI)","REG",2002,95484782,13226084,48728584,17113976,16416138
"OECD (EI)","REG",2003,83269114,1298979,58836582,21410785,1722768
"OECD (EI)","REG",2004,138254248,13299746,77974144,28337533,18642825
"OECD (EI)","REG",2005,133015581,13418184,95360374,4024476,20212547
"OECD (EI)","REG",2006,52267647,13654841,11857733,5547741,21207332
"OECD (EI)","REG",2007,126148132,13301201,15162392,75070214,22614325
"OECD (EI)","REG",2008,68665902,13856204,19010593,12293462,23505643
"OECD (EI)","REG",2009,63057540,13685773,22815358,2045548,24510861
"OECD (EI)","REG",2010,71033885,14067097,26987213,3259723,26719852
"OECD (EI)","REG",2011,111456381,14436885,33226968,61007313,2785215
"OECD (EI)","REG",2012,27107953,14485443,384354,9227348,3010808
"OECD (EI)","REG",2013,74375511,14660088,44466696,12060189,3188538
"OECD (EI)","REG",2014,81724410,14445282,48012527,15909143,3357458
"OECD (EI)","REG",2015,57450599,14315704,5609826,1950444,35574625
"OECD (EI)","REG",2016,66115531,1459122,6096189,22841644,35718576
"OECD (EI)","REG",2017,148976708,14555743,70072015,27800467,36548483
"OECD (EI)","REG",2018,92313431,14888727,7478827,32403113,37542764
"OECD (EI)","REG",2019,139305231,14548772,83391223,37557812,3807424
"OECD (EI)","REG",2020,177751835,149531,93922626,44990756,38688922
"OECD (EI)","REG",2021,81894840,14504764,9774058,53568506,4047512
"OECD (EI)","REG",2022,130248863,13960969,10968365,65355396,39964133
"OECD (EI)","REG",2023,71664682,13911471,11452137,7615259,38685815
"OECD (EI)","REG",2024,74430707,14390575,12028589,8980961,39030582
"Oceania","OCE",1965,17710180,17708536,0,0,1644
"Oceania","OCE",1966,18152119,18150476,0,0,1643
"Oceania","OCE",1967,33066644,18826645,0,0,14239999
"Oceania","OCE",1968,35493781,19723782,0,0,15769999
"Oceania","OCE",1969,204812,203204,0,0,1608
"Oceania","OCE",1970,22842640,22841106,0,0,1534
"Oceania","OCE",1971,25902947,25901428,0,0,1519
"Oceania","OCE",1972,2683329,2681792,0,0,1537
"Oceania","OCE",1973,18548252,2738251,0,0,15810001
"Oceania","OCE",1974,54143385,29062809,0,0,25080576
"Oceania","OCE",1975,57503066,31551437,0,0,25951629
"Oceania","OCE",1976,5504132,2965285,0,0,2538847
"Oceania","OCE",1977,52334201,28264153,0,0,24070048
"Oceania","OCE",1978,54396573,30334946,0,0,24061627
"Oceania","OCE",1979,5564533,3268949,0,0,2295584
"Oceania","OCE",1980,56396032,32831245,0,0,23564787
"Oceania","OCE",1981,35888727,33546143,0,0,2342584
"Oceania","OCE",1982,55917581,31074375,0,0,24843206
"Oceania","OCE",1983,34292546,31875162,0,0,2417384
"Oceania","OCE",1984,59297029,33502716,0,0,25794313
"Oceania","OCE",1985,28026919,3364837,0,0,24662082
"Oceania","OCE",1986,61553843,36123497,0,0,25430346
"Oceania","OCE",1987,29033237,3554235,0,0,25479002
"Oceania","OCE",1988,28555799,372971,0,0,28182828
"Oceania","OCE",1989,40200662,36812527,0,0,3388135
"Oceania","OCE",1990,37503874,379448,0,0,37124426
"Oceania","OCE",1991,76961804,38547966,0,545,38413293
"Oceania","OCE",1992,41464516,37034164,690909,121,3739322
"Oceania","OCE",1993,81746757,39879898,2985859,146,38880854
"Oceania","OCE",1994,48420408,4198708,6510101,174,37711425
"Oceania","OCE",1995,89678590,43165756,8010102,2115,38500617
"Oceania","OCE",1996,58521179,4215143,15326262,256,38979518
"Oceania","OCE",1997,100741610,39210663,21093555,3065,40434327
"Oceania","OCE",1998,125076487,41117332,40069696,356,43889103
"Oceania","OCE",1999,52090450,39201035,8199293,406,4689716
"Oceania","OCE",2000,89752076,40901466,2542081,4675,46303854
"Oceania","OCE",2001,85342526,37804665,4259879,5415,43272567
"Oceania","OCE",2002,94196936,40968025,6890332,583,46337996
"Oceania","OCE",2003,174577407,39833347,85059094,632,49684334
"Oceania","OCE",2004,77964883,4292674,11565367,7295,62099547
"Oceania","OCE",2005,134721455,38793255,19134359,8405,76785436
"Oceania","OCE",2006,49307671,38518322,2784317,975,8004057
"Oceania","OCE",2007,167178009,3668945,37819798,117155895,8533371
"Oceania","OCE",2008,102186227,34162487,45169077,14265561,8589102
"Oceania","OCE",2009,47352719,3685949,5914211,29383188,8369371
"Oceania","OCE",2010,63959746,38472507,6622176,9814768,9050295
"Oceania","OCE",2011,42855552,4468267,8389219,20486734,9511332
"Oceania","OCE",2012,53182126,39932655,9804195,2416823,1028453
"Oceania","OCE",2013,58010183,42118073,1128087,3854102,10909921
"Oceania","OCE",2014,174856532,38802063,11987926,4970798,119095745
"Oceania","OCE",2015,71683450,38616516,14197132,6232355,12637447
"Oceania","OCE",2016,93433192,4356447,1538047,74965215,12573483
"Oceania","OCE",2017,26931478,3867557,1530184,8994652,12539085
"Oceania","OCE",2018,47605904,4356594,18329922,12432745,12486643
"Oceania","OCE",2019,92220854,39619457,21727354,18424479,12449564
"Oceania","OCE",2020,189441743,38687546,2491605,24005657,124256935
"Oceania","OCE",2021,85277791,40177418,29440233,3140428,12519712
"Oceania","OCE",2022,62394998,42936966,3291596,3782969,12383467
"Oceania","OCE",2023,88816807,41653835,35106308,45369,12011295
"Oceania","OCE",2024,70933503,3664745,3669633,50819553,12779572
"Oman","OMN",1965,0,0,0,0,0
"Oman","OMN",1966,0,0,0,0,0
"Oman","OMN",1967,0,0,0,0,0
"Oman","OMN",1968,0,0,0,0,0
"Oman","OMN",1969,0,0,0,0,0
"Oman","OMN",1970,0,0,0,0,0
"Oman","OMN",1971,0,0,0,0,0
"Oman","OMN",1972,0,0,0,0,0
"Oman","OMN",1973,0,0,0,0,0
"Oman","OMN",1974,0,0,0,0,0
"Oman","OMN",1975,0,0,0,0,0
"Oman","OMN",1976,0,0,0,0,0
"Oman","OMN",1977,0,0,0,0,0
"Oman","OMN",1978,0,0,0,0,0
"Oman","OMN",1979,0,0,0,0,0
"Oman","OMN",1980,0,0,0,0,0
"Oman","OMN",1981,0,0,0,0,0
"Oman","OMN",1982,0,0,0,0,0
"Oman","OMN",1983,0,0,0,0,0
"Oman","OMN",1984,0,0,0,0,0
"Oman","OMN",1985,0,0,0,0,0
"Oman","OMN",1986,0,0,0,0,0
"Oman","OMN",1987,0,0,0,0,0
"Oman","OMN",1988,0,0,0,0,0
"Oman","OMN",1989,0,0,0,0,0
"Oman","OMN",1990,0,0,0,0,0
"Oman","OMN",1991,0,0,0,0,0
"Oman","OMN",1992,0,0,0,0,0
"Oman","OMN",1993,0,0,0,0,0
"Oman","OMN",1994,0,0,0,0,0
"Oman","OMN",1995,0,0,0,0,0
"Oman","OMN",1996,0,0,0,0,0
"Oman","OMN",1997,0,0,0,0,0
"Oman","OMN",1998,0,0,0,0,0
"Oman","OMN",1999,0,0,0,0,0
"Oman","OMN",2000,0,0,0,0,0
"Oman","OMN",2001,0,0,0,0,0
"Oman","OMN",2002,0,0,0,0,0
"Oman","OMN",2003,0,0,0,0,0
"Oman","OMN",2004,0,0,0,0,0
"Oman","OMN",2005,0,0,0,0,0
"Oman","OMN",2006,0,0,0,0,0
"Oman","OMN",2007,0,0,0,0,0
"Oman","OMN",2008,0,0,0,0,0
"Oman","OMN",2009,0,0,0,0,0
"Oman","OMN",2010,0,0,0,0,0
"Oman","OMN",2011,0,0,0,0,0
"Oman","OMN",2012,0,0,0,0,0
"Oman","OMN",2013,12,0,0,12,0
"Oman","OMN",2014,12,0,0,12,0
"Oman","OMN",2015,37,0,0,37,0
"Oman","OMN",2016,4196,0,0,4196,0
"Oman","OMN",2017,1556,0,0,1556,0
"Oman","OMN",2018,15712,0,0,15712,0
"Oman","OMN",2019,16642,0,87,16555,0
"Oman","OMN",2020,56705,0,1043,55662,0
"Oman","OMN",2021,802594,0,119071,683523,0
"Oman","OMN",2022,29975463,0,11511274,18464189,0
"Oman","OMN",2023,31280879,0,12131525,19149354,0
"Oman","OMN",2024,31366580,0,12164762,19201818,0
"Other Asia Pacific (EI)","REG",1965,10046,10046,0,0,0
"Other Asia Pacific (EI)","REG",1966,10029,10029,0,0,0
"Other Asia Pacific (EI)","REG",1967,10241,10241,0,0,0
"Other Asia Pacific (EI)","REG",1968,10258,10258,0,0,0
"Other Asia Pacific (EI)","REG",1969,10346,10346,0,0,0
"Other Asia Pacific (EI)","REG",1970,10377,10377,0,0,0
"Other Asia Pacific (EI)","REG",1971,10651,10651,0,0,0
"Other Asia Pacific (EI)","REG",1972,11061,11061,0,0,0
"Other Asia Pacific (EI)","REG",1973,11236,11236,0,0,0
"Other Asia Pacific (EI)","REG",1974,11518,11518,0,0,0
"Other Asia Pacific (EI)","REG",1975,11871,11871,0,0,0
"Other Asia Pacific (EI)","REG",1976,1233,1233,0,0,0
"Other Asia Pacific (EI)","REG",1977,12502,12502,0,0,0
"Other Asia Pacific (EI)","REG",1978,12893,12893,0,0,0
"Other Asia Pacific (EI)","REG",1979,13788,13788,0,0,0
"Other Asia Pacific (EI)","REG",1980,13904415,13904415,0,0,0
"Other Asia Pacific (EI)","REG",1981,1409604,1409604,0,0,0
"Other Asia Pacific (EI)","REG",1982,14592532,14592532,0,0,0
"Other Asia Pacific (EI)","REG",1983,14803022,14803022,0,0,0
"Other Asia Pacific (EI)","REG",1984,16259801,15207169,0,0,1052632
"Other Asia Pacific (EI)","REG",1985,16720020,16720013,0,0,7
"Other Asia Pacific (EI)","REG",1986,17790371,17790367,0,0,4
"Other Asia Pacific (EI)","REG",1987,1880097,1880091,0,0,6
"Other Asia Pacific (EI)","REG",1988,2077872,2077865,0,0,7
"Other Asia Pacific (EI)","REG",1989,213092,213085,0,0,7
"Other Asia Pacific (EI)","REG",1990,44051712,22273935,0,0,21777777
"Other Asia Pacific (EI)","REG",1991,46228749,21562082,0,0,24666667
"Other Asia Pacific (EI)","REG",1992,47326560,20659893,0,0,26666667
"Other Asia Pacific (EI)","REG",1993,22626552,20237663,0,0,2388889
"Other Asia Pacific (EI)","REG",1994,49903366,21236698,0,0,28666668
"Other Asia Pacific (EI)","REG",1995,33835089,2168423,0,0,31666666
"Other Asia Pacific (EI)","REG",1996,22315252,20675007,1640218,0,27
"Other Asia Pacific (EI)","REG",1997,23498924,18581635,4917092,2,195
"Other Asia Pacific (EI)","REG",1998,24212503,18358118,5854207,12,166
"Other Asia Pacific (EI)","REG",1999,25395083,19578995,5816067,9,12
"Other Asia Pacific (EI)","REG",2000,29009639,21498957,7372049,1321,137312
"Other Asia Pacific (EI)","REG",2001,47648297,22552162,6910847,3286,18182002
"Other Asia Pacific (EI)","REG",2002,48362121,22876694,8239989,3996,17241442
"Other Asia Pacific (EI)","REG",2003,52932240,24107927,4802829,5442,24016042
"Other Asia Pacific (EI)","REG",2004,61950145,25307793,11548401,6729,25087222
"Other Asia Pacific (EI)","REG",2005,76443768,27150972,17633919,8009,31650868
"Other Asia Pacific (EI)","REG",2006,65398141,2922892,28420607,9685,34044957
"Other Asia Pacific (EI)","REG",2007,7881839,3239628,4085638,10134,546439
"Other Asia Pacific (EI)","REG",2008,8643613,3433404,4473799,18435,717975
"Other Asia Pacific (EI)","REG",2009,9980740,3408213,5813534,22816,736177
"Other Asia Pacific (EI)","REG",2010,49805646,4093132,6779248,31851813,7081453
"Other Asia Pacific (EI)","REG",2011,68201078,4697427,5894759,50553605,7055287
"Other Asia Pacific (EI)","REG",2012,154452050,47825348,7406181,92523895,6696626
"Other Asia Pacific (EI)","REG",2013,80094991,56107967,12119074,11195126,672824
"Other Asia Pacific (EI)","REG",2014,96753439,54640285,19914171,15170169,7028814
"Other Asia Pacific (EI)","REG",2015,6248996,5104433,233868,238448,672247
"Other Asia Pacific (EI)","REG",2016,16042933,6028077,218889,3421704,6374263
"Other Asia Pacific (EI)","REG",2017,62353752,6385546,214623,48724535,7029048
"Other Asia Pacific (EI)","REG",2018,182763675,69878006,40026197,65803903,7055569
"Other Asia Pacific (EI)","REG",2019,170809028,6485914,53524,86607134,77662456
"Other Asia Pacific (EI)","REG",2020,26951898,7439738,495394,11529762,7487004
"Other Asia Pacific (EI)","REG",2021,216446255,83891685,59464455,1646331,71443784
"Other Asia Pacific (EI)","REG",2022,143982287,957694,53770757,19956522,69297314
"Other Asia Pacific (EI)","REG",2023,45037958,9532011,5727774,22727969,7050204
"Other Asia Pacific (EI)","REG",2024,143693834,103127655,5995726,27262044,7308409
"Other CIS (EI)","REG",1965,0,0,0,0,0
"Other CIS (EI)","REG",1966,0,0,0,0,0
"Other CIS (EI)","REG",1967,0,0,0,0,0
"Other CIS (EI)","REG",1968,0,0,0,0,0
"Other CIS (EI)","REG",1969,0,0,0,0,0
"Other CIS (EI)","REG",1970,0,0,0,0,0
"Other CIS (EI)","REG",1971,0,0,0,0,0
"Other CIS (EI)","REG",1972,0,0,0,0,0
"Other CIS (EI)","REG",1973,0,0,0,0,0
"Other CIS (EI)","REG",1974,0,0,0,0,0
"Other CIS (EI)","REG",1975,0,0,0,0,0
"Other CIS (EI)","REG",1976,0,0,0,0,0
"Other CIS (EI)","REG",1977,0,0,0,0,0
"Other CIS (EI)","REG",1978,0,0,0,0,0
"Other CIS (EI)","REG",1979,0,0,0,0,0
"Other CIS (EI)","REG",1980,0,0,0,0,0
"Other CIS (EI)","REG",1981,0,0,0,0,0
"Other CIS (EI)","REG",1982,0,0,0,0,0
"Other CIS (EI)","REG",1983,0,0,0,0,0
"Other CIS (EI)","REG",1984,0,0,0,0,0
"Other CIS (EI)","REG",1985,2238868,2238868,0,0,0
"Other CIS (EI)","REG",1986,20643017,20643017,0,0,0
"Other CIS (EI)","REG",1987,21120312,21120312,0,0,0
"Other CIS (EI)","REG",1988,29119427,29119427,0,0,0
"Other CIS (EI)","REG",1989,25915361,25915361,0,0,0
"Other CIS (EI)","REG",1990,28698,28698,0,0,0
"Other CIS (EI)","REG",1991,28353,28353,0,0,0
"Other CIS (EI)","REG",1992,28491,28491,0,0,0
"Other CIS (EI)","REG",1993,30853,30853,0,0,0
"Other CIS (EI)","REG",1994,32216,32216,0,0,0
"Other CIS (EI)","REG",1995,27961,27961,0,0,0
"Other CIS (EI)","REG",1996,29093,29093,0,0,0
"Other CIS (EI)","REG",1997,26406,26406,0,0,0
"Other CIS (EI)","REG",1998,25957,25957,0,0,0
"Other CIS (EI)","REG",1999,29318,29318,0,0,0
"Other CIS (EI)","REG",2000,2938,2938,0,0,0
"Other CIS (EI)","REG",2001,27975,27975,0,0,0
"Other CIS (EI)","REG",2002,28022,28022,0,0,0
"Other CIS (EI)","REG",2003,31763,31763,0,0,0
"Other CIS (EI)","REG",2004,327693,327693,0,0,0
"Other CIS (EI)","REG",2005,331304,331304,0,0,0
"Other CIS (EI)","REG",2006,325548,325522,26,0,0
"Other CIS (EI)","REG",2007,333365,333336,29,0,0
"Other CIS (EI)","REG",2008,28786,28767,19,0,0
"Other CIS (EI)","REG",2009,291425,284007,43,7375,0
"Other CIS (EI)","REG",2010,387122,306456,41,80625,0
"Other CIS (EI)","REG",2011,333840,333671,3,166,0
"Other CIS (EI)","REG",2012,1460802,336939,42,1123821,0
"Other CIS (EI)","REG",2013,747394,326551,33,420775,35
"Other CIS (EI)","REG",2014,1130875,318782,5,812075,13
"Other CIS (EI)","REG",2015,1075338,30391,57,1044875,15
"Other CIS (EI)","REG",2016,11074440,306715,5,10767706,14
"Other CIS (EI)","REG",2017,1353397,338908,91,1014375,23
"Other CIS (EI)","REG",2018,1937696,353069,249,1584375,3
"Other CIS (EI)","REG",2019,7501872,357003,463,7144375,31
"Other CIS (EI)","REG",2020,10240407,3413352,529,6826497,29
"Other CIS (EI)","REG",2021,21562677,3437484,785,18124375,33
"Other CIS (EI)","REG",2022,58796398,340575,1418,58454376,29
"Other CIS (EI)","REG",2023,9010665,346252,1963,8662438,12
"Other CIS (EI)","REG",2024,53017708,3607247,22198276,11189922,16022263
"Other Caribbean (EI)","REG",1965,365,365,0,0,0
"Other Caribbean (EI)","REG",1966,413,413,0,0,0
"Other Caribbean (EI)","REG",1967,322,322,0,0,0
"Other Caribbean (EI)","REG",1968,331,331,0,0,0
"Other Caribbean (EI)","REG",1969,352,352,0,0,0
"Other Caribbean (EI)","REG",1970,419,419,0,0,0
"Other Caribbean (EI)","REG",1971,1019,922,0,0,97
"Other Caribbean (EI)","REG",1972,1760,929,0,0,831
"Other Caribbean (EI)","REG",1973,1833,855,0,0,978
"Other Caribbean (EI)","REG",1974,1813,829,0,0,984
"Other Caribbean (EI)","REG",1975,1783,771,0,0,1012
"Other Caribbean (EI)","REG",1976,2269,1166,0,0,1103
"Other Caribbean (EI)","REG",1977,2008,815,0,0,1193
"Other Caribbean (EI)","REG",1978,2482,1143,0,0,1339
"Other Caribbean (EI)","REG",1979,2670,1381,0,0,1289
"Other Caribbean (EI)","REG",1980,2346,1054,0,0,1292
"Other Caribbean (EI)","REG",1981,3147,1839,0,0,1308
"Other Caribbean (EI)","REG",1982,2623,1217,0,0,1406
"Other Caribbean (EI)","REG",1983,2891,1376,0,0,1515
"Other Caribbean (EI)","REG",1984,2923,1634,0,0,1289
"Other Caribbean (EI)","REG",1985,2831,1622,0,0,1209
"Other Caribbean (EI)","REG",1986,3321,2055,0,0,1266
"Other Caribbean (EI)","REG",1987,3537,2233,0,0,1304
"Other Caribbean (EI)","REG",1988,3887,2465,0,0,1422
"Other Caribbean (EI)","REG",1989,2694,1305,0,0,1389
"Other Caribbean (EI)","REG",1990,16039677,1256,0,0,16038421
"Other Caribbean (EI)","REG",1991,13679713,1292,0,0,13678421
"Other Caribbean (EI)","REG",1992,1462,1315,0,0,147
"Other Caribbean (EI)","REG",1993,1719941,1705,1717172,0,1064
"Other Caribbean (EI)","REG",1994,7779846,937,7777778,0,1131
"Other Caribbean (EI)","REG",1995,7789785,11052,7777778,0,955
"Other Caribbean (EI)","REG",1996,34331841,14684508,7365622,0,12281711
"Other Caribbean (EI)","REG",1997,19923329,11900616,8021528,0,1185
"Other Caribbean (EI)","REG",1998,37307438,17719733,9122949,0,10464756
"Other Caribbean (EI)","REG",1999,35966942,24399645,11434834,10101,122362
"Other Caribbean (EI)","REG",2000,68476845,15506945,39549712,124,13420064
"Other Caribbean (EI)","REG",2001,18945962,1373568,4807782,324,12764288
"Other Caribbean (EI)","REG",2002,35274514,17277421,6091937,34,11905122
"Other Caribbean (EI)","REG",2003,125715351,21983702,6469161,34,97262454
"Other Caribbean (EI)","REG",2004,43037724,22901952,9531646,455,10603671
"Other Caribbean (EI)","REG",2005,26350988,2603758,10667551,5411573,7668106
"Other Caribbean (EI)","REG",2006,49860661,25169795,12279241,4754572,7657053
"Other Caribbean (EI)","REG",2007,123962716,23470798,12857248,7152414,80482256
"Other Caribbean (EI)","REG",2008,54493614,20848238,13898563,10850424,8896389
"Other Caribbean (EI)","REG",2009,70451710,21996634,19328222,20089151,9037703
"Other Caribbean (EI)","REG",2010,86787284,2067394,2815777,4614186,77289927
"Other Caribbean (EI)","REG",2011,115587173,21441362,3515362,8714886,81915563
"Other Caribbean (EI)","REG",2012,146310635,23809564,5332905,20310833,96857333
"Other Caribbean (EI)","REG",2013,130807524,2452679,92568874,24651077,11134894
"Other Caribbean (EI)","REG",2014,153656333,17748957,9972349,32088813,93846214
"Other Caribbean (EI)","REG",2015,77450168,13626975,10915143,42756435,10151615
"Other Caribbean (EI)","REG",2016,28076062,1914183,10856571,5305653,9999655
"Other Caribbean (EI)","REG",2017,45751327,27016346,1248276,6875571,10611134
"Other Caribbean (EI)","REG",2018,56716969,24347343,14289095,8093789,9986742
"Other Caribbean (EI)","REG",2019,59419133,16197287,18211199,12455702,12554945
"Other Caribbean (EI)","REG",2020,47565041,17674725,2145881,15517303,12227132
"Other Caribbean (EI)","REG",2021,74786559,19786602,22753592,18717369,13528996
"Other Caribbean (EI)","REG",2022,77708571,19819905,22318053,23541067,12029546
"Other Caribbean (EI)","REG",2023,78723783,16274898,20704758,29988754,11755373
"Other Caribbean (EI)","REG",2024,68184155,19461324,2000862,36906648,9815321
"Other Europe (EI)","REG",1965,9408337,9408337,0,0,0
"Other Europe (EI)","REG",1966,10355473,10355473,0,0,0
"Other Europe (EI)","REG",1967,11187608,11187608,0,0,0
"Other Europe (EI)","REG",1968,12351743,12351743,0,0,0
"Other Europe (EI)","REG",1969,15340878,15340878,0,0,0
"Other Europe (EI)","REG",1970,15393013,15393013,0,0,0
"Other Europe (EI)","REG",1971,16523876,16523876,0,0,0
"Other Europe (EI)","REG",1972,1906574,1906574,0,0,0
"Other Europe (EI)","REG",1973,17704603,17704603,0,0,0
"Other Europe (EI)","REG",1974,22141466,22141466,0,0,0
"Other Europe (EI)","REG",1975,2109233,2109233,0,0,0
"Other Europe (EI)","REG",1976,22629194,22629194,0,0,0
"Other Europe (EI)","REG",1977,26728058,26728058,0,0,0
"Other Europe (EI)","REG",1978,27771921,27771921,0,0,0
"Other Europe (EI)","REG",1979,29432783,29432783,0,0,0
"Other Europe (EI)","REG",1980,31642647,31642647,0,0,0
"Other Europe (EI)","REG",1981,28533703,28533703,0,0,0
"Other Europe (EI)","REG",1982,26841759,26841759,0,0,0
"Other Europe (EI)","REG",1983,25226814,25226814,0,0,0
"Other Europe (EI)","REG",1984,2883087,2883087,0,0,0
"Other Europe (EI)","REG",1985,330127,330127,0,0,0
"Other Europe (EI)","REG",1986,37545654,37545654,0,0,0
"Other Europe (EI)","REG",1987,3867529,3867529,0,0,0
"Other Europe (EI)","REG",1988,38687675,38687675,0,0,0
"Other Europe (EI)","REG",1989,356424,356424,0,0,0
"Other Europe (EI)","REG",1990,23288404,23288404,0,0,0
"Other Europe (EI)","REG",1991,2850907,2850849,0,0,58
"Other Europe (EI)","REG",1992,24703300,24702429,0,0,871
"Other Europe (EI)","REG",1993,2689639,2261487,427273,8,871
"Other Europe (EI)","REG",1994,3160184,2548948,611111,18,107
"Other Europe (EI)","REG",1995,26179347,25602684,575758,32,873
"Other Europe (EI)","REG",1996,32666954,31927416,585859,4,153675
"Other Europe (EI)","REG",1997,3465343,2895631,555556,63,14093
"Other Europe (EI)","REG",1998,29928866,29221405,551515,71,155875
"Other Europe (EI)","REG",1999,3722445,3141551,567677,74,13143
"Other Europe (EI)","REG",2000,3346612,2805528,528283,66,12735
"Other Europe (EI)","REG",2001,27856328,27221907,509091,205,125125
"Other Europe (EI)","REG",2002,27756962,27186295,558586,345,11736
"Other Europe (EI)","REG",2003,30195128,27047688,3023232,493,123715
"Other Europe (EI)","REG",2004,38939954,31327007,7584848,624,27475
"Other Europe (EI)","REG",2005,43506315,32030495,11446465,734,28621
"Other Europe (EI)","REG",2006,46375494,29921282,16139394,773,314045
"Other Europe (EI)","REG",2007,19469290,2496589,16928283,973,43445
"Other Europe (EI)","REG",2008,41996263,27524092,14110101,1195,360875
"Other Europe (EI)","REG",2009,48099438,31926743,16166667,2135,3893
"Other Europe (EI)","REG",2010,57225765,40552013,15731312,562825,379615
"Other Europe (EI)","REG",2011,42654690,26913034,15682828,15121,43707
"Other Europe (EI)","REG",2012,127637703,27593107,11981061,32283247,55780288
"Other Europe (EI)","REG",2013,97277584,3603082,23960758,53289,69660455
"Other Europe (EI)","REG",2014,86832938,32570656,37084464,10443414,6734404
"Other Europe (EI)","REG",2015,112125380,32306408,58574628,14270015,6974329
"Other Europe (EI)","REG",2016,71810701,35684795,8961715,18921989,8242202
"Other Europe (EI)","REG",2017,93750389,28566236,29293677,22487703,13402773
"Other Europe (EI)","REG",2018,87100057,38716885,5729644,25713065,16940463
"Other Europe (EI)","REG",2019,37174820,3223849,1673651,30211803,2065517
"Other Europe (EI)","REG",2020,95182411,29645319,1786053,37292755,26458284
"Other Europe (EI)","REG",2021,98339798,40165874,2050421,52603155,3520348
"Other Europe (EI)","REG",2022,46373790,3357756,2205749,6294922,34515363
"Other Europe (EI)","REG",2023,145562213,4200034,23417227,83478796,34466156
"Other Europe (EI)","REG",2024,97415246,36630154,2611847,15932292,42240953
"Other Middle East (EI)","REG",1965,556,556,0,0,0
"Other Middle East (EI)","REG",1966,606,606,0,0,0
"Other Middle East (EI)","REG",1967,734,734,0,0,0
"Other Middle East (EI)","REG",1968,814,814,0,0,0
"Other Middle East (EI)","REG",1969,952,952,0,0,0
"Other Middle East (EI)","REG",1970,928,928,0,0,0
"Other Middle East (EI)","REG",1971,89,89,0,0,0
"Other Middle East (EI)","REG",1972,869,869,0,0,0
"Other Middle East (EI)","REG",1973,495,495,0,0,0
"Other Middle East (EI)","REG",1974,115,115,0,0,0
"Other Middle East (EI)","REG",1975,155,155,0,0,0
"Other Middle East (EI)","REG",1976,203,203,0,0,0
"Other Middle East (EI)","REG",1977,2568,2568,0,0,0
"Other Middle East (EI)","REG",1978,2895,2895,0,0,0
"Other Middle East (EI)","REG",1979,3201,3201,0,0,0
"Other Middle East (EI)","REG",1980,3411,3411,0,0,0
"Other Middle East (EI)","REG",1981,3508,3508,0,0,0
"Other Middle East (EI)","REG",1982,3609,3609,0,0,0
"Other Middle East (EI)","REG",1983,3362,3362,0,0,0
"Other Middle East (EI)","REG",1984,391,391,0,0,0
"Other Middle East (EI)","REG",1985,3927,3927,0,0,0
"Other Middle East (EI)","REG",1986,3423,3423,0,0,0
"Other Middle East (EI)","REG",1987,3489,3489,0,0,0
"Other Middle East (EI)","REG",1988,3443,3443,0,0,0
"Other Middle East (EI)","REG",1989,3289,3289,0,0,0
"Other Middle East (EI)","REG",1990,3240,3239,1,0,0
"Other Middle East (EI)","REG",1991,3252,3251,1,0,0
"Other Middle East (EI)","REG",1992,3376,3375,1,0,0
"Other Middle East (EI)","REG",1993,3327,3326,1,0,0
"Other Middle East (EI)","REG",1994,3384,3383,1,0,0
"Other Middle East (EI)","REG",1995,3186,3185,1,0,0
"Other Middle East (EI)","REG",1996,3372,3371,1,0,0
"Other Middle East (EI)","REG",1997,3356,3353,3,0,0
"Other Middle East (EI)","REG",1998,38,35,3,0,0
"Other Middle East (EI)","REG",1999,3069,3066,3,0,0
"Other Middle East (EI)","REG",2000,37142,37136,3,0,3
"Other Middle East (EI)","REG",2001,378487,378479,3,0,5
"Other Middle East (EI)","REG",2002,4230849,4230841,3,0,5
"Other Middle East (EI)","REG",2003,4109692,4109683,3,0,6
"Other Middle East (EI)","REG",2004,5371486,5371439,41,0,6
"Other Middle East (EI)","REG",2005,4548330,4548284,41,0,5
"Other Middle East (EI)","REG",2006,4739510,4739463,41,0,6
"Other Middle East (EI)","REG",2007,4166544,4166502,41,0,1
"Other Middle East (EI)","REG",2008,3304486,3304397,53,27,9
"Other Middle East (EI)","REG",2009,2539175,2539112,53,3,7
"Other Middle East (EI)","REG",2010,3537699,3492252,53,45385,9
"Other Middle East (EI)","REG",2011,4150089,4143245,53,6783,8
"Other Middle East (EI)","REG",2012,14709134,4475462,63,10233603,6
"Other Middle East (EI)","REG",2013,4251160,4249337,93,1724,6
"Other Middle East (EI)","REG",2014,3031245,2591578,107,439525,35
"Other Middle East (EI)","REG",2015,965519,944749,1314,19415,41
"Other Middle East (EI)","REG",2016,1363454,1352145,3993,7275,41
"Other Middle East (EI)","REG",2017,2849703,1206674,457351,1185674,4
"Other Middle East (EI)","REG",2018,3917140,1124349,709251,2083423,117
"Other Middle East (EI)","REG",2019,5668026,1737416,877151,3053055,404
"Other Middle East (EI)","REG",2020,33814184,16169077,13810571,3834293,243
"Other Middle East (EI)","REG",2021,31366175,1384649,1597751,4841153,23542622
"Other Middle East (EI)","REG",2022,24872443,1467976,1750451,611393,21042623
"Other Middle East (EI)","REG",2023,31773423,1312216,1649351,7269232,21542624
"Other Middle East (EI)","REG",2024,118907611,1508567,16538697,79258704,21601643
"Other Northern Africa (EI)","REG",1965,42,42,0,0,0
"Other Northern Africa (EI)","REG",1966,27,27,0,0,0
"Other Northern Africa (EI)","REG",1967,37,37,0,0,0
"Other Northern Africa (EI)","REG",1968,33,33,0,0,0
"Other Northern Africa (EI)","REG",1969,39,39,0,0,0
"Other Northern Africa (EI)","REG",1970,41,41,0,0,0
"Other Northern Africa (EI)","REG",1971,5,5,0,0,0
"Other Northern Africa (EI)","REG",1972,53,53,0,0,0
"Other Northern Africa (EI)","REG",1973,71,71,0,0,0
"Other Northern Africa (EI)","REG",1974,22,22,0,0,0
"Other Northern Africa (EI)","REG",1975,31,31,0,0,0
"Other Northern Africa (EI)","REG",1976,53,53,0,0,0
"Other Northern Africa (EI)","REG",1977,3,3,0,0,0
"Other Northern Africa (EI)","REG",1978,28,28,0,0,0
"Other Northern Africa (EI)","REG",1979,4,4,0,0,0
"Other Northern Africa (EI)","REG",1980,23,23,0,0,0
"Other Northern Africa (EI)","REG",1981,29,29,0,0,0
"Other Northern Africa (EI)","REG",1982,39,39,0,0,0
"Other Northern Africa (EI)","REG",1983,3,3,0,0,0
"Other Northern Africa (EI)","REG",1984,67,67,0,0,0
"Other Northern Africa (EI)","REG",1985,109,109,0,0,0
"Other Northern Africa (EI)","REG",1986,52,52,0,0,0
"Other Northern Africa (EI)","REG",1987,113,113,0,0,0
"Other Northern Africa (EI)","REG",1988,47,47,0,0,0
"Other Northern Africa (EI)","REG",1989,34,34,0,0,0
"Other Northern Africa (EI)","REG",1990,44,44,0,0,0
"Other Northern Africa (EI)","REG",1991,1048,1048,0,0,0
"Other Northern Africa (EI)","REG",1992,651,651,0,0,0
"Other Northern Africa (EI)","REG",1993,64,64,0,0,0
"Other Northern Africa (EI)","REG",1994,4,4,0,0,0
"Other Northern Africa (EI)","REG",1995,39,39,0,0,0
"Other Northern Africa (EI)","REG",1996,67,67,0,0,0
"Other Northern Africa (EI)","REG",1997,44,44,0,0,0
"Other Northern Africa (EI)","REG",1998,73,73,0,0,0
"Other Northern Africa (EI)","REG",1999,9,9,0,0,0
"Other Northern Africa (EI)","REG",2000,87,64,23,0,0
"Other Northern Africa (EI)","REG",2001,78,54,24,0,0
"Other Northern Africa (EI)","REG",2002,67,64,3,0,0
"Other Northern Africa (EI)","REG",2003,517,166,33,318,0
"Other Northern Africa (EI)","REG",2004,1310,153,44,1113,0
"Other Northern Africa (EI)","REG",2005,2095,145,42,1908,0
"Other Northern Africa (EI)","REG",2006,2833,92,38,2703,0
"Other Northern Africa (EI)","REG",2007,3590,49,43,3498,0
"Other Northern Africa (EI)","REG",2008,4370,38,39,4293,0
"Other Northern Africa (EI)","REG",2009,5264,79,97,5088,0
"Other Northern Africa (EI)","REG",2010,7027,5,139,6883,0
"Other Northern Africa (EI)","REG",2011,8841,54,109,8678,0
"Other Northern Africa (EI)","REG",2012,12998,11,196,12791,0
"Other Northern Africa (EI)","REG",2013,22155,6,358,21791,0
"Other Northern Africa (EI)","REG",2014,42354,56,507,41791,0
"Other Northern Africa (EI)","REG",2015,73308,69,448,72791,0
"Other Northern Africa (EI)","REG",2016,117310,45,474,116791,0
"Other Northern Africa (EI)","REG",2017,145616,174,4488,140954,0
"Other Northern Africa (EI)","REG",2018,186185,165,4531,181489,0
"Other Northern Africa (EI)","REG",2019,258827,658,4995,253174,0
"Other Northern Africa (EI)","REG",2020,34280488,46,4654,34275788,0
"Other Northern Africa (EI)","REG",2021,227513,283,4284,222946,0
"Other Northern Africa (EI)","REG",2022,334458,149,3218,331091,0
"Other Northern Africa (EI)","REG",2023,50305576,92,338,50305146,0
"Other Northern Africa (EI)","REG",2024,6554151,16,337,6553798,0
"Other South America (EI)","REG",1965,11004889,11004889,0,0,0
"Other South America (EI)","REG",1966,23360732,23360732,0,0,0
"Other South America (EI)","REG",1967,24306617,24306617,0,0,0
"Other South America (EI)","REG",1968,2571001,2571001,0,0,0
"Other South America (EI)","REG",1969,26831956,26831956,0,0,0
"Other South America (EI)","REG",1970,31176212,31176212,0,0,0
"Other South America (EI)","REG",1971,37271801,37271745,0,0,56
"Other South America (EI)","REG",1972,336071,336012,0,0,59
"Other South America (EI)","REG",1973,38631805,38631744,0,0,61
"Other South America (EI)","REG",1974,38458654,38458588,0,0,66
"Other South America (EI)","REG",1975,37635959,37635896,0,0,63
"Other South America (EI)","REG",1976,3607853,3607781,0,0,72
"Other South America (EI)","REG",1977,3968289,3968215,0,0,74
"Other South America (EI)","REG",1978,4030619,4030563,0,0,56
"Other South America (EI)","REG",1979,39535537,39535458,0,0,79
"Other South America (EI)","REG",1980,59974759,59974675,0,0,84
"Other South America (EI)","REG",1981,5107175,5107086,0,0,89
"Other South America (EI)","REG",1982,5412924,5412833,0,0,91
"Other South America (EI)","REG",1983,6774094,6774019,0,0,75
"Other South America (EI)","REG",1984,72401122,72401114,0,0,8
"Other South America (EI)","REG",1985,10059246,10059151,0,0,95
"Other South America (EI)","REG",1986,18785774,18785677,0,0,97
"Other South America (EI)","REG",1987,24739103,24739092,0,0,11
"Other South America (EI)","REG",1988,25563269,25563162,0,0,107
"Other South America (EI)","REG",1989,29590156,29590061,0,0,95
"Other South America (EI)","REG",1990,34607468,34607357,0,0,111
"Other South America (EI)","REG",1991,115580153,3685419,0,0,111894734
"Other South America (EI)","REG",1992,127503396,3661291,0,0,123842105
"Other South America (EI)","REG",1993,17413216,4055322,0,0,13357894
"Other South America (EI)","REG",1994,165414462,45572357,0,0,119842105
"Other South America (EI)","REG",1995,17244385,5081227,0,0,12163158
"Other South America (EI)","REG",1996,65568937,53611042,0,0,11957895
"Other South America (EI)","REG",1997,72098993,60520046,0,0,11578947
"Other South America (EI)","REG",1998,76018744,63139797,0,0,12878947
"Other South America (EI)","REG",1999,74203633,60724686,0,0,13478947
"Other South America (EI)","REG",2000,NA,63848354,939499,NA,127441
"Other South America (EI)","REG",2001,NA,5824861,939499,NA,1308
"Other South America (EI)","REG",2002,NA,61579098,939499,NA,140498
"Other South America (EI)","REG",2003,NA,63831413,939499,NA,137381
"Other South America (EI)","REG",2004,NA,60382355,939499,NA,132538
"Other South America (EI)","REG",2005,NA,61039207,939499,NA,122747
"Other South America (EI)","REG",2006,NA,6103031,939499,NA,141519
"Other South America (EI)","REG",2007,NA,6572307,1239499,NA,251569
"Other South America (EI)","REG",2008,NA,6413204,9462248,NA,1007273
"Other South America (EI)","REG",2009,22361749,6400524,4606925,128998,11225302
"Other South America (EI)","REG",2010,35932809,6631625,7398525,8851723,13050936
"Other South America (EI)","REG",2011,172056271,6795495,116278246,35509303,13473227
"Other South America (EI)","REG",2012,194104631,6937894,117966026,54066487,15134224
"Other South America (EI)","REG",2013,70464744,7252947,14931136,46555784,1724877
"Other South America (EI)","REG",2014,95951662,6823393,7460439,59173156,22494674
"Other South America (EI)","REG",2015,67499839,6743379,20820904,12073398,27862158
"Other South America (EI)","REG",2016,35577358,7455499,3035632,22241533,2844694
"Other South America (EI)","REG",2017,78102975,7093046,38406217,3425019,29178693
"Other South America (EI)","REG",2018,152377798,69920784,47967196,6126202,28363616
"Other South America (EI)","REG",2019,146214750,62169807,48280735,6853171,28911037
"Other South America (EI)","REG",2020,100505070,54751286,5544313,7918533,32290938
"Other South America (EI)","REG",2021,197246229,50765263,51157227,91835445,3488294
"Other South America (EI)","REG",2022,180791438,54194225,522675,93405807,32668731
"Other South America (EI)","REG",2023,246855560,60349987,52488794,95822173,38194606
"Other South America (EI)","REG",2024,119534384,53817448,5248838,9803792,50664306
"Other Southern Africa (EI)","REG",1965,21,21,0,0,0
"Other Southern Africa (EI)","REG",1966,21,21,0,0,0
"Other Southern Africa (EI)","REG",1967,28,28,0,0,0
"Other Southern Africa (EI)","REG",1968,35,35,0,0,0
"Other Southern Africa (EI)","REG",1969,58,58,0,0,0
"Other Southern Africa (EI)","REG",1970,97,97,0,0,0
"Other Southern Africa (EI)","REG",1971,97,97,0,0,0
"Other Southern Africa (EI)","REG",1972,115,115,0,0,0
"Other Southern Africa (EI)","REG",1973,122,122,0,0,0
"Other Southern Africa (EI)","REG",1974,128,128,0,0,0
"Other Southern Africa (EI)","REG",1975,113,113,0,0,0
"Other Southern Africa (EI)","REG",1976,145,145,0,0,0
"Other Southern Africa (EI)","REG",1977,124,124,0,0,0
"Other Southern Africa (EI)","REG",1978,1331,1331,0,0,0
"Other Southern Africa (EI)","REG",1979,1314,1314,0,0,0
"Other Southern Africa (EI)","REG",1980,1327,1327,0,0,0
"Other Southern Africa (EI)","REG",1981,133,133,0,0,0
"Other Southern Africa (EI)","REG",1982,1295,1295,0,0,0
"Other Southern Africa (EI)","REG",1983,1266,1266,0,0,0
"Other Southern Africa (EI)","REG",1984,133,133,0,0,0
"Other Southern Africa (EI)","REG",1985,1387,1387,0,0,0
"Other Southern Africa (EI)","REG",1986,1353,1353,0,0,0
"Other Southern Africa (EI)","REG",1987,1385,1385,0,0,0
"Other Southern Africa (EI)","REG",1988,1393,1393,0,0,0
"Other Southern Africa (EI)","REG",1989,14,14,0,0,0
"Other Southern Africa (EI)","REG",1990,1342,1342,0,0,0
"Other Southern Africa (EI)","REG",1991,1526,1526,0,0,0
"Other Southern Africa (EI)","REG",1992,4578,1353,0,0,3225
"Other Southern Africa (EI)","REG",1993,2418,1171,0,0,1247
"Other Southern Africa (EI)","REG",1994,1005,876,0,0,129
"Other Southern Africa (EI)","REG",1995,3021,1344,0,0,1677
"Other Southern Africa (EI)","REG",1996,1236,1064,0,0,172
"Other Southern Africa (EI)","REG",1997,19554814,81,0,0,19554733
"Other Southern Africa (EI)","REG",1998,19705924,1192,0,0,19704732
"Other Southern Africa (EI)","REG",1999,22211304,17442,0,0,22193862
"Other Southern Africa (EI)","REG",2000,20897,19599,0,0,1298
"Other Southern Africa (EI)","REG",2001,19577,18131,0,0,1446
"Other Southern Africa (EI)","REG",2002,21600,20046,0,0,1554
"Other Southern Africa (EI)","REG",2003,21180,19708,0,0,1472
"Other Southern Africa (EI)","REG",2004,18901,18744,0,1,156
"Other Southern Africa (EI)","REG",2005,24321,22727,0,2,1592
"Other Southern Africa (EI)","REG",2006,216496,214988,0,2,1506
"Other Southern Africa (EI)","REG",2007,223789,222238,0,3,1548
"Other Southern Africa (EI)","REG",2008,22067,20584,0,58,1425
"Other Southern Africa (EI)","REG",2009,22919,21598,0,72,1249
"Other Southern Africa (EI)","REG",2010,22220,20357,0,86,1777
"Other Southern Africa (EI)","REG",2011,25005,22269,0,147,2589
"Other Southern Africa (EI)","REG",2012,26703,23647,0,209,2847
"Other Southern Africa (EI)","REG",2013,50332,20271,0,27302,2759
"Other Southern Africa (EI)","REG",2014,22778092,23022,0,34553,22720517
"Other Southern Africa (EI)","REG",2015,22316941,22662,0,40888,22253391
"Other Southern Africa (EI)","REG",2016,6060643,199,0,5877161,183283
"Other Southern Africa (EI)","REG",2017,73845188,22111,0,73822804,273
"Other Southern Africa (EI)","REG",2018,317978,186846,0,130849,283
"Other Southern Africa (EI)","REG",2019,436107,161254,0,274822,31
"Other Southern Africa (EI)","REG",2020,378533,21586,0,353872,3075
"Other Southern Africa (EI)","REG",2021,395988,17558,0,374921,3509
"Other Southern Africa (EI)","REG",2022,425173,15437,0,406521,3215
"Other Southern Africa (EI)","REG",2023,25758735,20710444,0,5044932,3359
"Other Southern Africa (EI)","REG",2024,77132161,26570203,0,50558805,3153
"Pakistan","PAK",1965,2196442,2196442,0,0,0
"Pakistan","PAK",1966,2196442,2196442,0,0,0
"Pakistan","PAK",1967,26030266,26030266,0,0,0
"Pakistan","PAK",1968,3128935,3128935,0,0,0
"Pakistan","PAK",1969,33012917,33012917,0,0,0
"Pakistan","PAK",1970,29212234,29212234,0,0,0
"Pakistan","PAK",1971,38139422,38139422,0,0,0
"Pakistan","PAK",1972,4012815,4012815,0,0,0
"Pakistan","PAK",1973,4233785,4233785,0,0,0
"Pakistan","PAK",1974,42558823,42558823,0,0,0
"Pakistan","PAK",1975,4896695,4896695,0,0,0
"Pakistan","PAK",1976,53165383,53165383,0,0,0
"Pakistan","PAK",1977,63153224,63153224,0,0,0
"Pakistan","PAK",1978,78400154,78400154,0,0,0
"Pakistan","PAK",1979,8476409,8476409,0,0,0
"Pakistan","PAK",1980,8887413,8887413,0,0,0
"Pakistan","PAK",1981,928074,928074,0,0,0
"Pakistan","PAK",1982,10443042,10443042,0,0,0
"Pakistan","PAK",1983,12095898,12095898,0,0,0
"Pakistan","PAK",1984,12537838,12537838,0,0,0
"Pakistan","PAK",1985,13023972,13023972,0,0,0
"Pakistan","PAK",1986,12453869,12453869,0,0,0
"Pakistan","PAK",1987,16373877,16373877,0,0,0
"Pakistan","PAK",1988,1716495,1716495,0,0,0
"Pakistan","PAK",1989,17443373,17443373,0,0,0
"Pakistan","PAK",1990,170854,170854,0,0,0
"Pakistan","PAK",1991,18283058,18283058,0,0,0
"Pakistan","PAK",1992,19944752,19944752,0,0,0
"Pakistan","PAK",1993,21933483,21933483,0,0,0
"Pakistan","PAK",1994,21526897,21526897,0,0,0
"Pakistan","PAK",1995,22746653,22746653,0,0,0
"Pakistan","PAK",1996,24797253,24797253,0,0,0
"Pakistan","PAK",1997,18446575,18446575,0,0,0
"Pakistan","PAK",1998,24107826,24107826,0,0,0
"Pakistan","PAK",1999,215048,215048,0,0,0
"Pakistan","PAK",2000,17567544,17558277,0,0,9267
"Pakistan","PAK",2001,18300618,18291897,0,0,8721
"Pakistan","PAK",2002,20427235,20417627,0,0,9608
"Pakistan","PAK",2003,256386,245975,0,0,10411
"Pakistan","PAK",2004,36980,26216,0,0,10764
"Pakistan","PAK",2005,30699635,30699635,0,0,0
"Pakistan","PAK",2006,30250881,30250881,0,0,0
"Pakistan","PAK",2007,31678938,31678736,0,202,0
"Pakistan","PAK",2008,27340706,27339064,0,1642,0
"Pakistan","PAK",2009,28755348,28745743,0,9605,0
"Pakistan","PAK",2010,29823338,29809982,0,13356,0
"Pakistan","PAK",2011,3062125,3059442,0,2683,0
"Pakistan","PAK",2012,1140600,1074654,19,65927,0
"Pakistan","PAK",2013,46767996,31485884,15137164,144948,0
"Pakistan","PAK",2014,63951214,32376305,31336787,238122,0
"Pakistan","PAK",2015,41727510,32779472,598594,381837,7967607
"Pakistan","PAK",2016,62749676,3457764,9181191,44788164,5322557
"Pakistan","PAK",2017,65174165,30204067,17629018,6587932,10753148
"Pakistan","PAK",2018,40073993,29479803,283179,7228,10303783
"Pakistan","PAK",2019,136426343,36136223,31482446,7002348,61805326
"Pakistan","PAK",2020,44762103,3998724,27321582,7099004,6342793
"Pakistan","PAK",2021,84756669,3763238,3432321,7175415,70385695
"Pakistan","PAK",2022,144686961,35101276,4641719,8455621,96488345
"Pakistan","PAK",2023,156547771,38453606,43807354,1290224,72996587
"Pakistan","PAK",2024,138757772,39008297,3476345,16557723,79715407
"Peru","PER",1965,2625,2625,0,0,0
"Peru","PER",1966,2827,2827,0,0,0
"Peru","PER",1967,3168,3168,0,0,0
"Peru","PER",1968,34,34,0,0,0
"Peru","PER",1969,3701,3701,0,0,0
"Peru","PER",1970,3536,3536,0,0,0
"Peru","PER",1971,4513,4286,0,0,227
"Peru","PER",1972,4662,4435,0,0,227
"Peru","PER",1973,4792,4769,0,0,23
"Peru","PER",1974,5482,5216,0,0,266
"Peru","PER",1975,5733,5467,0,0,266
"Peru","PER",1976,6038,5793,0,0,245
"Peru","PER",1977,6267,6025,0,0,242
"Peru","PER",1978,6407,6192,0,0,215
"Peru","PER",1979,6866,6703,0,0,163
"Peru","PER",1980,786,701,0,0,85
"Peru","PER",1981,8072,7996,0,0,76
"Peru","PER",1982,8547,8396,0,0,151
"Peru","PER",1983,8252,8107,0,0,145
"Peru","PER",1984,8845,8703,0,0,142
"Peru","PER",1985,9551,9382,0,0,169
"Peru","PER",1986,1160,1006,0,0,154
"Peru","PER",1987,11014,10878,0,0,136
"Peru","PER",1988,10559,10423,0,0,136
"Peru","PER",1989,10652,10507,0,0,145
"Peru","PER",1990,10605,10469,0,0,136
"Peru","PER",1991,11625,11492,0,0,133
"Peru","PER",1992,9822,9689,0,0,133
"Peru","PER",1993,11908,11799,0,0,109
"Peru","PER",1994,12866,12747,0,0,119
"Peru","PER",1995,129518,129376,0,0,142
"Peru","PER",1996,133377,133236,4,0,137
"Peru","PER",1997,132305,132145,6,0,154
"Peru","PER",1998,138214,138083,5,0,126
"Peru","PER",1999,145551,145406,6,0,139
"Peru","PER",2000,161927,161761,8,0,158
"Peru","PER",2001,176323,176148,12,0,163
"Peru","PER",2002,180599,180401,12,0,186
"Peru","PER",2003,185545,185337,12,0,196
"Peru","PER",2004,175418,175253,12,0,153
"Peru","PER",2005,18337,17977,12,0,348
"Peru","PER",2006,196303,195943,12,0,348
"Peru","PER",2007,195917,195488,12,0,417
"Peru","PER",2008,190654,190596,12,0,46
"Peru","PER",2009,199096,199038,12,0,46
"Peru","PER",2010,201206,200521,12,0,673
"Peru","PER",2011,216260,215573,12,0,675
"Peru","PER",2012,221596,220319,12,597,668
"Peru","PER",2013,225273,223196,12,1969,96
"Peru","PER",2014,227966,222107,2575,1993,1291
"Peru","PER",2015,52657245,23687063,5943741,23025534,907
"Peru","PER",2016,31467699,24136,1064,241,31442258
"Peru","PER",2017,30521158,29074512,1073432,329723,43491
"Peru","PER",2018,822016,307374,15024,7967,491651
"Peru","PER",2019,45785717,314621,1655,8329,45461112
"Peru","PER",2020,2556463,305103,1814102,8556,428702
"Peru","PER",2021,50845154,319257,1822575,8878,48694444
"Peru","PER",2022,145820499,29743805,19318693,91519076,5238925
"Peru","PER",2023,68673778,29087812,23553166,10662107,5370693
"Peru","PER",2024,56950104,3202768,39147332,14072415,527589
"Philippines","PHL",1965,155,155,0,0,0
"Philippines","PHL",1966,152,152,0,0,0
"Philippines","PHL",1967,168,168,0,0,0
"Philippines","PHL",1968,172,172,0,0,0
"Philippines","PHL",1969,1815,1815,0,0,0
"Philippines","PHL",1970,2097,2097,0,0,0
"Philippines","PHL",1971,1933,1933,0,0,0
"Philippines","PHL",1972,2207,2207,0,0,0
"Philippines","PHL",1973,2374,2374,0,0,0
"Philippines","PHL",1974,2051,2051,0,0,0
"Philippines","PHL",1975,2272,2272,0,0,0
"Philippines","PHL",1976,2795,2795,0,0,0
"Philippines","PHL",1977,2115,2114,0,0,1
"Philippines","PHL",1978,2814,2811,0,0,3
"Philippines","PHL",1979,66575,2881,0,0,63694
"Philippines","PHL",1980,208007,3522,0,0,204485
"Philippines","PHL",1981,394944,3725,0,0,391219
"Philippines","PHL",1982,394559,3773,0,0,390786
"Philippines","PHL",1983,497466,3968,0,0,493498
"Philippines","PHL",1984,541124,5278,0,0,535846
"Philippines","PHL",1985,599771,5553,0,0,594218
"Philippines","PHL",1986,61750,6017,0,0,55733
"Philippines","PHL",1987,494844,5247,0,0,489597
"Philippines","PHL",1988,528555,6264,0,0,522291
"Philippines","PHL",1989,576651,6485,0,0,570166
"Philippines","PHL",1990,595638,6062,0,0,589576
"Philippines","PHL",1991,10903,5145,0,0,5758
"Philippines","PHL",1992,501,444,0,0,57
"Philippines","PHL",1993,6170,503,0,0,5667
"Philippines","PHL",1994,6494,5862,0,0,632
"Philippines","PHL",1995,12367,6232,0,0,6135
"Philippines","PHL",1996,7237,703,0,0,6534
"Philippines","PHL",1997,13306,6069,0,0,7237
"Philippines","PHL",1998,13980,5066,0,0,8914
"Philippines","PHL",1999,11378,784,0,0,10594
"Philippines","PHL",2000,19425,7799,0,0,11626
"Philippines","PHL",2001,17546,7104,0,0,10442
"Philippines","PHL",2002,17275466,7032973,0,0,10242493
"Philippines","PHL",2003,10609426,786982,0,0,9822444
"Philippines","PHL",2004,9620836,8592681,0,0,1028155
"Philippines","PHL",2005,18308202,8386773,17469,1517,9902443
"Philippines","PHL",2006,20459303,9939413,53235,1376,10465279
"Philippines","PHL",2007,18837272,8563433,57842,1309,10214688
"Philippines","PHL",2008,10977502,9842534,61386,1304,1072278
"Philippines","PHL",2009,20190804,9787567,64428,1252,10337557
"Philippines","PHL",2010,17822798,7803405,61717,1254,9956422
"Philippines","PHL",2011,19844552,9697532,88204,1212,10057604
"Philippines","PHL",2012,20760414,10252134,75339,132,10432809
"Philippines","PHL",2013,19902948,10019308,65655,1414,9816571
"Philippines","PHL",2014,19809654,9137273,152052,16517,10503812
"Philippines","PHL",2015,10693141,8665078,748414,138534,1141115
"Philippines","PHL",2016,21979458,8110915,975219,1097015,11796309
"Philippines","PHL",2017,23188735,9610799,1093558,1201153,11283225
"Philippines","PHL",2018,14882403,940184,1152923,1249168,11540128
"Philippines","PHL",2019,32339961,8043641,104166,12461007,11731147
"Philippines","PHL",2020,33085670,7238952,102645,13726242,12017831
"Philippines","PHL",2021,48376215,9234082,12924966,14755294,11461873
"Philippines","PHL",2022,41211066,10128013,1052753,18283652,11746648
"Philippines","PHL",2023,61276275,10331502,13299705,25506022,12139046
"Philippines","PHL",2024,62124082,11120603,12979921,37902946,120612
"Poland","POL",1965,922,896,0,0,26
"Poland","POL",1966,934,896,0,0,38
"Poland","POL",1967,1001,957,0,0,44
"Poland","POL",1968,1052,1005,0,0,47
"Poland","POL",1969,165,81,0,0,84
"Poland","POL",1970,1830,1771,0,0,59
"Poland","POL",1971,1670,1569,0,0,101
"Poland","POL",1972,1688,1503,0,0,185
"Poland","POL",1973,1679,1456,0,0,223
"Poland","POL",1974,2357,2122,0,0,235
"Poland","POL",1975,410,199,0,0,211
"Poland","POL",1976,1828,1645,0,0,183
"Poland","POL",1977,2222,1957,0,0,265
"Poland","POL",1978,2213,1951,0,0,262
"Poland","POL",1979,1831,1807,0,0,24
"Poland","POL",1980,2597,2349,0,0,248
"Poland","POL",1981,2406,2137,0,0,269
"Poland","POL",1982,1812,1543,0,0,269
"Poland","POL",1983,2037,1675,0,0,362
"Poland","POL",1984,1753,1408,0,0,345
"Poland","POL",1985,2249,1852,0,0,397
"Poland","POL",1986,1917,1549,0,0,368
"Poland","POL",1987,1854,1661,0,0,193
"Poland","POL",1988,1887,1793,0,0,94
"Poland","POL",1989,1712,1609,0,0,103
"Poland","POL",1990,1472,1417,0,0,55
"Poland","POL",1991,1508,1425,0,0,83
"Poland","POL",1992,1618,1507,0,0,111
"Poland","POL",1993,1549,1488,0,0,61
"Poland","POL",1994,1784,1733,0,0,51
"Poland","POL",1995,1955,1887,1,0,67
"Poland","POL",1996,2064,1931,0,0,133
"Poland","POL",1997,2132,1961,2,0,169
"Poland","POL",1998,2335,2309,4,0,22
"Poland","POL",1999,2352,2155,4,0,193
"Poland","POL",2000,2332,2106,5,0,221
"Poland","POL",2001,2783,2325,14,0,444
"Poland","POL",2002,2767,2279,61,0,427
"Poland","POL",2003,2250,1671,124,0,455
"Poland","POL",2004,10728,2082,142,0,8504
"Poland","POL",2005,17444,2201,135,0,15108
"Poland","POL",2006,22226,2042,256,0,19928
"Poland","POL",2007,28429,2352,522,0,25555
"Poland","POL",2008,6607,2153,837,0,3617
"Poland","POL",2009,55715,2375,1077,0,52263
"Poland","POL",2010,65001,292,1664,0,63045
"Poland","POL",2011,81547,2332,3205,2,76008
"Poland","POL",2012,107738,2037,4747,11,100943
"Poland","POL",2013,94679,2439,6004,15,86221
"Poland","POL",2014,19845,2183,7678,7,9977
"Poland","POL",2015,22486,1832,10858,57,9739
"Poland","POL",2016,22808,2139,12588,124,7957
"Poland","POL",2017,21818,256,14909,165,6488
"Poland","POL",2018,19547,197,12799,3,6548
"Poland","POL",2019,25458832,1958416,15106759,710673,7682984
"Poland","POL",2020,20711328,2118337,15800049,1957916,835026
"Poland","POL",2021,30568451,2339182,16233547,3934448,8061274
"Poland","POL",2022,30209875,1968187,19779537,830967,7631184
"Poland","POL",2023,45853364,2409511,24176355,11107089,8160409
"Poland","POL",2024,109398095,2178473,25855062,1484156,79880404
"Portugal","PRT",1965,4182,3975,0,0,207
"Portugal","PRT",1966,5278,5276,0,0,2
"Portugal","PRT",1967,5673,5481,0,0,192
"Portugal","PRT",1968,5416,5188,0,0,228
"Portugal","PRT",1969,6339,6311,0,0,28
"Portugal","PRT",1970,5990,5804,0,0,186
"Portugal","PRT",1971,760,617,0,0,143
"Portugal","PRT",1972,7199,7086,0,0,113
"Portugal","PRT",1973,7327,7325,0,0,2
"Portugal","PRT",1974,7846,7828,0,0,18
"Portugal","PRT",1975,877,641,0,0,236
"Portugal","PRT",1976,4810,4787,0,0,23
"Portugal","PRT",1977,10200,9966,0,0,234
"Portugal","PRT",1978,11043,10811,0,0,232
"Portugal","PRT",1979,11471,11213,0,0,258
"Portugal","PRT",1980,8047,8015,0,0,32
"Portugal","PRT",1981,5330,5019,0,0,311
"Portugal","PRT",1982,7274,6921,0,0,353
"Portugal","PRT",1983,8431,8026,0,0,405
"Portugal","PRT",1984,10138,9765,0,0,373
"Portugal","PRT",1985,11241,10693,0,0,548
"Portugal","PRT",1986,9120,8514,0,0,606
"Portugal","PRT",1987,9767,9153,0,0,614
"Portugal","PRT",1988,12886,12233,0,0,653
"Portugal","PRT",1989,1016582,5819,1,1010101,661
"Portugal","PRT",1990,969446,9157,959596,0,693
"Portugal","PRT",1991,969452,9043,959596,0,813
"Portugal","PRT",1992,3843917,4646,3838384,0,887
"Portugal","PRT",1993,10564998,8538,10555555,0,905
"Portugal","PRT",1994,11642,10658,17,0,967
"Portugal","PRT",1995,8462,8343,16,0,103
"Portugal","PRT",1996,15791,14761,21,1,1008
"Portugal","PRT",1997,14231,13105,38,1,1087
"Portugal","PRT",1998,23876,12983,89,8,10796
"Portugal","PRT",1999,19801,7286,123,11,12381
"Portugal","PRT",2000,12881,11323,168,14,1376
"Portugal","PRT",2001,14451,14034,256,16,145
"Portugal","PRT",2002,2027,78,362,18,1569
"Portugal","PRT",2003,17729,15723,496,26,1484
"Portugal","PRT",2004,12345,9869,816,29,1631
"Portugal","PRT",2005,8264,4731,1773,38,1722
"Portugal","PRT",2006,15638,10919,2925,5,1789
"Portugal","PRT",2007,16171,10027,4037,24,2083
"Portugal","PRT",2008,14641,6799,5757,41,2044
"Portugal","PRT",2009,18149,8285,7577,16,2271
"Portugal","PRT",2010,28356,16148,9182,215,2811
"Portugal","PRT",2011,24113,11536,9162,282,3133
"Portugal","PRT",2012,10138,5622,1026,393,3097
"Portugal","PRT",2013,49283207,1373,12014601,4791399,32475834
"Portugal","PRT",2014,50943921,15569,12111384,6273166,32543802
"Portugal","PRT",2015,61305366,8660506,11607637,7961549,33075674
"Portugal","PRT",2016,32261,15723,12474,822,3242
"Portugal","PRT",2017,22574,5897,12248,992,3437
"Portugal","PRT",2018,29401,12393,12617,1005,3386
"Portugal","PRT",2019,27405,8818,13667,1342,3578
"Portugal","PRT",2020,34671454,1208258,12298664,17155896,4008636
"Portugal","PRT",2021,69215812,11907542,13215613,2237164,41855493
"Portugal","PRT",2022,27619,6548,13244,3519,4308
"Portugal","PRT",2023,29708,12039,13145,516,4008
"Portugal","PRT",2024,40239,14828,14453,7097,3861
"Qatar","QAT",1965,0,0,0,0,0
"Qatar","QAT",1966,0,0,0,0,0
"Qatar","QAT",1967,0,0,0,0,0
"Qatar","QAT",1968,0,0,0,0,0
"Qatar","QAT",1969,0,0,0,0,0
"Qatar","QAT",1970,0,0,0,0,0
"Qatar","QAT",1971,0,0,0,0,0
"Qatar","QAT",1972,0,0,0,0,0
"Qatar","QAT",1973,0,0,0,0,0
"Qatar","QAT",1974,0,0,0,0,0
"Qatar","QAT",1975,0,0,0,0,0
"Qatar","QAT",1976,0,0,0,0,0
"Qatar","QAT",1977,0,0,0,0,0
"Qatar","QAT",1978,0,0,0,0,0
"Qatar","QAT",1979,0,0,0,0,0
"Qatar","QAT",1980,0,0,0,0,0
"Qatar","QAT",1981,0,0,0,0,0
"Qatar","QAT",1982,0,0,0,0,0
"Qatar","QAT",1983,0,0,0,0,0
"Qatar","QAT",1984,0,0,0,0,0
"Qatar","QAT",1985,0,0,0,0,0
"Qatar","QAT",1986,0,0,0,0,0
"Qatar","QAT",1987,0,0,0,0,0
"Qatar","QAT",1988,0,0,0,0,0
"Qatar","QAT",1989,0,0,0,0,0
"Qatar","QAT",1990,0,0,0,0,0
"Qatar","QAT",1991,0,0,0,0,0
"Qatar","QAT",1992,0,0,0,0,0
"Qatar","QAT",1993,0,0,0,0,0
"Qatar","QAT",1994,0,0,0,0,0
"Qatar","QAT",1995,0,0,0,0,0
"Qatar","QAT",1996,0,0,0,0,0
"Qatar","QAT",1997,0,0,0,0,0
"Qatar","QAT",1998,0,0,0,0,0
"Qatar","QAT",1999,0,0,0,0,0
"Qatar","QAT",2000,0,0,0,0,0
"Qatar","QAT",2001,0,0,0,0,0
"Qatar","QAT",2002,0,0,0,0,0
"Qatar","QAT",2003,0,0,0,0,0
"Qatar","QAT",2004,0,0,0,0,0
"Qatar","QAT",2005,0,0,0,0,0
"Qatar","QAT",2006,0,0,0,0,0
"Qatar","QAT",2007,0,0,0,0,0
"Qatar","QAT",2008,0,0,0,0,0
"Qatar","QAT",2009,0,0,0,0,0
"Qatar","QAT",2010,0,0,0,0,0
"Qatar","QAT",2011,10635,0,0,1094,9541
"Qatar","QAT",2012,10635,0,0,1094,9541
"Qatar","QAT",2013,11399,0,0,3751,7648
"Qatar","QAT",2014,108320,0,0,6506,101814
"Qatar","QAT",2015,125841,0,0,6506,119335
"Qatar","QAT",2016,131140,0,0,8364,122776
"Qatar","QAT",2017,137309,0,0,8364,128945
"Qatar","QAT",2018,142889,0,0,8364,134525
"Qatar","QAT",2019,125939,0,0,8364,117575
"Qatar","QAT",2020,142752,0,0,8364,134388
"Qatar","QAT",2021,21743230,0,0,8341148,13402082
"Qatar","QAT",2022,27265156,0,0,27130768,134388
"Qatar","QAT",2023,134407,0,0,19,134388
"Qatar","QAT",2024,1347564,0,0,2,1347562
"Romania","ROU",1965,1005,1005,0,0,0
"Romania","ROU",1966,1035,1035,0,0,0
"Romania","ROU",1967,1476,1476,0,0,0
"Romania","ROU",1968,1562,1562,0,0,0
"Romania","ROU",1969,2217,2217,0,0,0
"Romania","ROU",1970,2773,2773,0,0,0
"Romania","ROU",1971,4495,4495,0,0,0
"Romania","ROU",1972,7343,7343,0,0,0
"Romania","ROU",1973,7547,7547,0,0,0
"Romania","ROU",1974,8476,8476,0,0,0
"Romania","ROU",1975,9361,9361,0,0,0
"Romania","ROU",1976,8107,8107,0,0,0
"Romania","ROU",1977,9345,9345,0,0,0
"Romania","ROU",1978,10614,10614,0,0,0
"Romania","ROU",1979,11339,11339,0,0,0
"Romania","ROU",1980,12637,12637,0,0,0
"Romania","ROU",1981,12737,12737,0,0,0
"Romania","ROU",1982,11854,11854,0,0,0
"Romania","ROU",1983,10038,10038,0,0,0
"Romania","ROU",1984,11326,11326,0,0,0
"Romania","ROU",1985,12713,12713,0,0,0
"Romania","ROU",1986,1081,1081,0,0,0
"Romania","ROU",1987,11209,11209,0,0,0
"Romania","ROU",1988,14776,14776,0,0,0
"Romania","ROU",1989,13678,13678,0,0,0
"Romania","ROU",1990,2074144,11411,1010101,0,1052632
"Romania","ROU",1991,14588,14588,0,0,0
"Romania","ROU",1992,119,117,0,0,2
"Romania","ROU",1993,12769,12768,0,0,1
"Romania","ROU",1994,13046,13046,0,0,0
"Romania","ROU",1995,16693,16693,0,0,0
"Romania","ROU",1996,15755,15755,0,0,0
"Romania","ROU",1997,17520,17509,0,0,11
"Romania","ROU",1998,18890,18879,0,0,11
"Romania","ROU",1999,1829,1829,0,0,0
"Romania","ROU",2000,14778,14778,0,0,0
"Romania","ROU",2001,14923,14923,0,0,0
"Romania","ROU",2002,16049,16046,0,0,3
"Romania","ROU",2003,13262,13259,0,0,3
"Romania","ROU",2004,16517,16513,0,0,4
"Romania","ROU",2005,20213,20207,0,0,6
"Romania","ROU",2006,18361,18356,1,0,4
"Romania","ROU",2007,16004,15966,3,0,35
"Romania","ROU",2008,17224,17195,5,0,24
"Romania","ROU",2009,1025645,15534,9,1010101,1
"Romania","ROU",2010,2040502,19883,306,2020202,111
"Romania","ROU",2011,16314,14728,1387,1,198
"Romania","ROU",2012,12550,12066,264,8,212
"Romania","ROU",2013,148681,147935,452,42,252
"Romania","ROU",2014,245929,185235,47236,12953,505
"Romania","ROU",2015,26202,16633,7063,1982,524
"Romania","ROU",2016,19400,18028,659,182,531
"Romania","ROU",2017,548925,14494,7407,1856,525168
"Romania","ROU",2018,228445,176639,6322,1771,43713
"Romania","ROU",2019,16093616,15580921,6773,1778,504144
"Romania","ROU",2020,15936072,15380857,6945,1733,546537
"Romania","ROU",2021,18073012,17411934,6576,1703,652799
"Romania","ROU",2022,16619052,13976628,6997,1988419,647008
"Romania","ROU",2023,18411434,18136728,7548,222705,44453
"Romania","ROU",2024,68142151,13798326,6359,4592443,49745023
"Russia","RUS",1985,15972595,15972595,0,0,0
"Russia","RUS",1986,16433096,16433096,0,0,0
"Russia","RUS",1987,16252785,16252785,0,0,0
"Russia","RUS",1988,16092361,16092361,0,0,0
"Russia","RUS",1989,15972595,15972595,0,0,0
"Russia","RUS",1990,16684626,16684561,0,0,65
"Russia","RUS",1991,168159,168094,0,0,65
"Russia","RUS",1992,172657,172594,0,0,63
"Russia","RUS",1993,174295,174289,0,0,6
"Russia","RUS",1994,175987,175926,0,0,61
"Russia","RUS",1995,1762611,1762552,0,0,59
"Russia","RUS",1996,154366,154309,0,0,57
"Russia","RUS",1997,157491,157434,0,0,57
"Russia","RUS",1998,158555,158497,0,0,58
"Russia","RUS",1999,160550,160492,0,0,58
"Russia","RUS",2000,164886,164076,19,0,791
"Russia","RUS",2001,175071,173899,31,0,1141
"Russia","RUS",2002,163969,162174,62,0,1733
"Russia","RUS",2003,19311,15567,86,0,3658
"Russia","RUS",2004,180182,175677,7,0,4498
"Russia","RUS",2005,177192,172611,68,0,4513
"Russia","RUS",2006,178394,173285,52,0,5057
"Russia","RUS",2007,181956,177045,66,0,4845
"Russia","RUS",2008,21419,16478,52,0,4889
"Russia","RUS",2009,179211,174199,38,0,4974
"Russia","RUS",2010,2205937,1664837,4186,0,536914
"Russia","RUS",2011,2193164,1630552,5392,12,557208
"Russia","RUS",2012,6354150,1634543,5251,4211507,502849
"Russia","RUS",2013,2297619,1811511,4473,108,481527
"Russia","RUS",2014,1835611,1733945,96106,16,5544
"Russia","RUS",2015,16955552,16799347,148037,3356,4812
"Russia","RUS",2016,20393314,18461177,1481205,4683,446249
"Russia","RUS",2017,705374,185163,139,544,519528
"Russia","RUS",2018,19654574,19063756,23716,62446,504656
"Russia","RUS",2019,20106149,19437614,31481,98505,538549
"Russia","RUS",2020,22358621,21243826,113802,186214,814779
"Russia","RUS",2021,22763094,21453337,258484,231204,820069
"Russia","RUS",2022,21268423,19766655,420105,239864,841799
"Russia","RUS",2023,28318176,20086566,4747359,2634875,849376
"Russia","RUS",2024,111371836,21053725,4567221,2923703,82827187
"Saudi Arabia","SAU",1965,0,0,0,0,0
"Saudi Arabia","SAU",1966,0,0,0,0,0
"Saudi Arabia","SAU",1967,0,0,0,0,0
"Saudi Arabia","SAU",1968,0,0,0,0,0
"Saudi Arabia","SAU",1969,0,0,0,0,0
"Saudi Arabia","SAU",1970,0,0,0,0,0
"Saudi Arabia","SAU",1971,0,0,0,0,0
"Saudi Arabia","SAU",1972,0,0,0,0,0
"Saudi Arabia","SAU",1973,0,0,0,0,0
"Saudi Arabia","SAU",1974,0,0,0,0,0
"Saudi Arabia","SAU",1975,0,0,0,0,0
"Saudi Arabia","SAU",1976,0,0,0,0,0
"Saudi Arabia","SAU",1977,0,0,0,0,0
"Saudi Arabia","SAU",1978,0,0,0,0,0
"Saudi Arabia","SAU",1979,0,0,0,0,0
"Saudi Arabia","SAU",1980,0,0,0,0,0
"Saudi Arabia","SAU",1981,0,0,0,0,0
"Saudi Arabia","SAU",1982,0,0,0,0,0
"Saudi Arabia","SAU",1983,0,0,0,0,0
"Saudi Arabia","SAU",1984,0,0,0,0,0
"Saudi Arabia","SAU",1985,0,0,0,0,0
"Saudi Arabia","SAU",1986,0,0,0,0,0
"Saudi Arabia","SAU",1987,0,0,0,0,0
"Saudi Arabia","SAU",1988,0,0,0,0,0
"Saudi Arabia","SAU",1989,0,0,0,0,0
"Saudi Arabia","SAU",1990,0,0,0,0,0
"Saudi Arabia","SAU",1991,0,0,0,0,0
"Saudi Arabia","SAU",1992,0,0,0,0,0
"Saudi Arabia","SAU",1993,0,0,0,0,0
"Saudi Arabia","SAU",1994,0,0,0,0,0
"Saudi Arabia","SAU",1995,0,0,0,0,0
"Saudi Arabia","SAU",1996,0,0,0,0,0
"Saudi Arabia","SAU",1997,0,0,0,0,0
"Saudi Arabia","SAU",1998,0,0,0,0,0
"Saudi Arabia","SAU",1999,0,0,0,0,0
"Saudi Arabia","SAU",2000,0,0,0,0,0
"Saudi Arabia","SAU",2001,0,0,0,0,0
"Saudi Arabia","SAU",2002,0,0,0,0,0
"Saudi Arabia","SAU",2003,0,0,0,0,0
"Saudi Arabia","SAU",2004,0,0,0,0,0
"Saudi Arabia","SAU",2005,0,0,0,0,0
"Saudi Arabia","SAU",2006,0,0,0,0,0
"Saudi Arabia","SAU",2007,0,0,0,0,0
"Saudi Arabia","SAU",2008,609,0,0,609,0
"Saudi Arabia","SAU",2009,609,0,0,609,0
"Saudi Arabia","SAU",2010,4089,0,0,4089,0
"Saudi Arabia","SAU",2011,5392,0,0,5392,0
"Saudi Arabia","SAU",2012,25637,0,0,25637,0
"Saudi Arabia","SAU",2013,42475,0,0,42475,0
"Saudi Arabia","SAU",2014,45881,0,0,45881,0
"Saudi Arabia","SAU",2015,45881,0,0,45881,0
"Saudi Arabia","SAU",2016,45881,0,0,45881,0
"Saudi Arabia","SAU",2017,69854,0,4818,65036,0
"Saudi Arabia","SAU",2018,15953634,0,4818,15948816,0
"Saudi Arabia","SAU",2019,20679356,0,5694,20673662,0
"Saudi Arabia","SAU",2020,916600,0,5694,910906,0
"Saudi Arabia","SAU",2021,15621659,0,5678443,9943216,0
"Saudi Arabia","SAU",2022,2010,0,794,1216,0
"Saudi Arabia","SAU",2023,4714,0,1588,3126,0
"Saudi Arabia","SAU",2024,24153322,0,15923507,8229815,0
"Singapore","SGP",1965,0,0,0,0,0
"Singapore","SGP",1966,0,0,0,0,0
"Singapore","SGP",1967,0,0,0,0,0
"Singapore","SGP",1968,0,0,0,0,0
"Singapore","SGP",1969,0,0,0,0,0
"Singapore","SGP",1970,0,0,0,0,0
"Singapore","SGP",1971,0,0,0,0,0
"Singapore","SGP",1972,0,0,0,0,0
"Singapore","SGP",1973,0,0,0,0,0
"Singapore","SGP",1974,0,0,0,0,0
"Singapore","SGP",1975,0,0,0,0,0
"Singapore","SGP",1976,0,0,0,0,0
"Singapore","SGP",1977,0,0,0,0,0
"Singapore","SGP",1978,0,0,0,0,0
"Singapore","SGP",1979,0,0,0,0,0
"Singapore","SGP",1980,0,0,0,0,0
"Singapore","SGP",1981,0,0,0,0,0
"Singapore","SGP",1982,0,0,0,0,0
"Singapore","SGP",1983,0,0,0,0,0
"Singapore","SGP",1984,0,0,0,0,0
"Singapore","SGP",1985,0,0,0,0,0
"Singapore","SGP",1986,85,0,0,0,85
"Singapore","SGP",1987,85,0,0,0,85
"Singapore","SGP",1988,85,0,0,0,85
"Singapore","SGP",1989,85,0,0,0,85
"Singapore","SGP",1990,85,0,0,0,85
"Singapore","SGP",1991,245,0,0,0,245
"Singapore","SGP",1992,245,0,0,0,245
"Singapore","SGP",1993,245,0,0,0,245
"Singapore","SGP",1994,245,0,0,0,245
"Singapore","SGP",1995,245,0,0,0,245
"Singapore","SGP",1996,245,0,0,0,245
"Singapore","SGP",1997,245,0,0,0,245
"Singapore","SGP",1998,245,0,0,0,245
"Singapore","SGP",1999,245,0,0,0,245
"Singapore","SGP",2000,245,0,0,0,245
"Singapore","SGP",2001,473,0,0,0,473
"Singapore","SGP",2002,473,0,0,0,473
"Singapore","SGP",2003,495,0,0,0,495
"Singapore","SGP",2004,479,0,0,0,479
"Singapore","SGP",2005,47765875,0,0,0,47765875
"Singapore","SGP",2006,4737648,0,0,0,4737648
"Singapore","SGP",2007,4936092,0,0,0,4936092
"Singapore","SGP",2008,5209122,0,0,297,5208825
"Singapore","SGP",2009,5272417,0,0,1596,5270821
"Singapore","SGP",2010,5874668,0,0,3086,5871582
"Singapore","SGP",2011,60523368,0,0,4895,60518473
"Singapore","SGP",2012,63579539,0,0,8193,63571346
"Singapore","SGP",2013,7069687,0,0,12556,7057131
"Singapore","SGP",2014,7441638,0,0,27133,7414505
"Singapore","SGP",2015,8171594,0,0,48733,8122861
"Singapore","SGP",2016,89001521,0,0,8848914,80152607
"Singapore","SGP",2017,77609599,0,0,122786,77486813
"Singapore","SGP",2018,14278708,0,0,13516214,762494
"Singapore","SGP",2019,27064668,0,0,19461899,7602769
"Singapore","SGP",2020,9799372,0,0,2951081,6848291
"Singapore","SGP",2021,46406574,0,0,39679468,6727106
"Singapore","SGP",2022,76417098,0,0,66724044,9693054
"Singapore","SGP",2023,17685311,0,0,9318029,8367282
"Singapore","SGP",2024,21182485,0,0,12748251,8434234
"Slovakia","SVK",1965,2222958,2222958,0,0,0
"Slovakia","SVK",1966,21301508,21301508,0,0,0
"Slovakia","SVK",1967,18252122,18252122,0,0,0
"Slovakia","SVK",1968,16749526,16749526,0,0,0
"Slovakia","SVK",1969,1303723,1303723,0,0,0
"Slovakia","SVK",1970,1966633,1966633,0,0,0
"Slovakia","SVK",1971,1476,1476,0,0,0
"Slovakia","SVK",1972,1546,1546,0,0,0
"Slovakia","SVK",1973,1322,1322,0,0,0
"Slovakia","SVK",1974,2223,2223,0,0,0
"Slovakia","SVK",1975,2002,2002,0,0,0
"Slovakia","SVK",1976,2019,2019,0,0,0
"Slovakia","SVK",1977,2408,2408,0,0,0
"Slovakia","SVK",1978,2259,2259,0,0,0
"Slovakia","SVK",1979,1884,1884,0,0,0
"Slovakia","SVK",1980,2257,2257,0,0,0
"Slovakia","SVK",1981,1966,1966,0,0,0
"Slovakia","SVK",1982,1726,1726,0,0,0
"Slovakia","SVK",1983,1832,1832,0,0,0
"Slovakia","SVK",1984,1555,1555,0,0,0
"Slovakia","SVK",1985,2117,2117,0,0,0
"Slovakia","SVK",1986,1675,1675,0,0,0
"Slovakia","SVK",1987,1932,1932,0,0,0
"Slovakia","SVK",1988,1755,1755,0,0,0
"Slovakia","SVK",1989,1962,1962,0,0,0
"Slovakia","SVK",1990,188,188,0,0,0
"Slovakia","SVK",1991,1408,1408,0,0,0
"Slovakia","SVK",1992,1937,1937,0,0,0
"Slovakia","SVK",1993,3467,3467,0,0,0
"Slovakia","SVK",1994,4355,4355,0,0,0
"Slovakia","SVK",1995,488,488,0,0,0
"Slovakia","SVK",1996,4227,4227,0,0,0
"Slovakia","SVK",1997,4064,4064,0,0,0
"Slovakia","SVK",1998,4267,4267,0,0,0
"Slovakia","SVK",1999,4474,4474,0,0,0
"Slovakia","SVK",2000,4615,4615,0,0,0
"Slovakia","SVK",2001,5081,4927,0,0,154
"Slovakia","SVK",2002,5420,5268,0,0,152
"Slovakia","SVK",2003,449,348,2,0,99
"Slovakia","SVK",2004,49,41,6,0,2
"Slovakia","SVK",2005,4676,4638,6,0,32
"Slovakia","SVK",2006,402719,4399,6,0,398314
"Slovakia","SVK",2007,4933,4451,8,0,474
"Slovakia","SVK",2008,4039856,4039332,7,0,517
"Slovakia","SVK",2009,4368104,4367561,6,0,537
"Slovakia","SVK",2010,22865,5255,6,16942,662
"Slovakia","SVK",2011,3779408,3778187,5,397,819
"Slovakia","SVK",2012,5474,4103,6,424,941
"Slovakia","SVK",2013,6353,4848,6,588,911
"Slovakia","SVK",2014,6229,4209,6,597,1417
"Slovakia","SVK",2015,6040,3866,6,506,1662
"Slovakia","SVK",2016,6629,4359,6,533,1731
"Slovakia","SVK",2017,6532,4324,6,506,1696
"Slovakia","SVK",2018,2575,359,6,585,1625
"Slovakia","SVK",2019,6644,4356,6,589,1693
"Slovakia","SVK",2020,6857,4517,4,663,1673
"Slovakia","SVK",2021,6778,4258,5,671,1844
"Slovakia","SVK",2022,3896,3678,4,65,149
"Slovakia","SVK",2023,6709,4686,4,605,1414
"Slovakia","SVK",2024,137342545,49315176,4010959,69459236,14557174
"Slovenia","SVN",1990,2974,2974,0,0,0
"Slovenia","SVN",1991,3608,3608,0,0,0
"Slovenia","SVN",1992,3423,3423,0,0,0
"Slovenia","SVN",1993,3035,3035,0,0,0
"Slovenia","SVN",1994,3399,3399,0,0,0
"Slovenia","SVN",1995,3252,3252,0,0,0
"Slovenia","SVN",1996,3668,3668,0,0,0
"Slovenia","SVN",1997,3091,3091,0,0,0
"Slovenia","SVN",1998,345,345,0,0,0
"Slovenia","SVN",1999,3770,3739,0,0,31
"Slovenia","SVN",2000,3841,3834,0,0,7
"Slovenia","SVN",2001,3868,3796,0,0,72
"Slovenia","SVN",2002,3415,3313,0,0,102
"Slovenia","SVN",2003,3079,2957,0,0,122
"Slovenia","SVN",2004,4216,4095,0,0,121
"Slovenia","SVN",2005,3472,3461,0,0,11
"Slovenia","SVN",2006,3690,3591,0,0,99
"Slovenia","SVN",2007,3370,3266,0,0,104
"Slovenia","SVN",2008,4310,4018,0,1,291
"Slovenia","SVN",2009,4912,4715,0,4,193
"Slovenia","SVN",2010,4752,4518,0,13,221
"Slovenia","SVN",2011,3880,3562,0,66,252
"Slovenia","SVN",2012,4329,3899,0,163,267
"Slovenia","SVN",2013,5109,4629,4,215,261
"Slovenia","SVN",2014,6612,6092,4,257,259
"Slovenia","SVN",2015,4355,3808,6,274,267
"Slovenia","SVN",2016,6021491,4503,6016438,267,283
"Slovenia","SVN",2017,4451817,3868345,5716,283867,293889
"Slovenia","SVN",2018,1004131,470432,6021,254961,272717
"Slovenia","SVN",2019,5039261,4479395,615,303039,256212
"Slovenia","SVN",2020,1145230,493406,6251,368196,277377
"Slovenia","SVN",2021,5174022,4712511,5593,453113,2805
"Slovenia","SVN",2022,4072136,3148507,5731,645587,272311
"Slovenia","SVN",2023,6310951,5020766,6372,984359,299454
"Slovenia","SVN",2024,105009188,53207865,6614419,18336886,26850018
"South Africa","ZAF",1965,37,37,0,0,0
"South Africa","ZAF",1966,36,36,0,0,0
"South Africa","ZAF",1967,26,26,0,0,0
"South Africa","ZAF",1968,24,24,0,0,0
"South Africa","ZAF",1969,21,21,0,0,0
"South Africa","ZAF",1970,25,25,0,0,0
"South Africa","ZAF",1971,112,112,0,0,0
"South Africa","ZAF",1972,834,834,0,0,0
"South Africa","ZAF",1973,985,985,0,0,0
"South Africa","ZAF",1974,1132,1132,0,0,0
"South Africa","ZAF",1975,112,112,0,0,0
"South Africa","ZAF",1976,1876,1876,0,0,0
"South Africa","ZAF",1977,1944,1944,0,0,0
"South Africa","ZAF",1978,1907,1907,0,0,0
"South Africa","ZAF",1979,1144,1144,0,0,0
"South Africa","ZAF",1980,992,992,0,0,0
"South Africa","ZAF",1981,1653,1653,0,0,0
"South Africa","ZAF",1982,1016,1016,0,0,0
"South Africa","ZAF",1983,595,595,0,0,0
"South Africa","ZAF",1984,56,56,0,0,0
"South Africa","ZAF",1985,624,624,0,0,0
"South Africa","ZAF",1986,1623,1623,0,0,0
"South Africa","ZAF",1987,1617,1617,0,0,0
"South Africa","ZAF",1988,3162,3162,0,0,0
"South Africa","ZAF",1989,2759,2759,0,0,0
"South Africa","ZAF",1990,101,101,0,0,0
"South Africa","ZAF",1991,198,198,0,0,0
"South Africa","ZAF",1992,75200003,75200003,0,0,0
"South Africa","ZAF",1993,14600004,14600004,0,0,0
"South Africa","ZAF",1994,10739999,10739999,0,0,0
"South Africa","ZAF",1995,529,529,0,0,0
"South Africa","ZAF",1996,13190005,13189999,0,0,6
"South Africa","ZAF",1997,2238,2092,0,0,146
"South Africa","ZAF",1998,1826,1595,0,0,231
"South Africa","ZAF",1999,7260196,7259999,0,0,197
"South Africa","ZAF",2000,11014866,11009998,0,93,4775
"South Africa","ZAF",2001,6060,1721,0,108,4231
"South Africa","ZAF",2002,6811,2084,0,124,4603
"South Africa","ZAF",2003,82745436,82741207,6,139,4084
"South Africa","ZAF",2004,953925,949939,12,155,3819
"South Africa","ZAF",2005,13323684,13319402,12,17,4253
"South Africa","ZAF",2006,28980450,28976197,12,186,4055
"South Africa","ZAF",2007,291080,286562,12,201,4305
"South Africa","ZAF",2008,12600997,12596198,21,217,4561
"South Africa","ZAF",2009,14520926,14516199,3,233,4491
"South Africa","ZAF",2010,11433271,11428998,34,276,3963
"South Africa","ZAF",2011,30639494,30638242,37,803,412
"South Africa","ZAF",2012,10189448,10185099,37,86,4226
"South Africa","ZAF",2013,11044215,11039158,37,243,4777
"South Africa","ZAF",2014,19390837,17950599,1066,1074961,364211
"South Africa","ZAF",2015,322421,73,3071,2749,316528
"South Africa","ZAF",2016,339599,624,4209,3274,331492
"South Africa","ZAF",2017,398401,776,7022,4239,386364
"South Africa","ZAF",2018,437651,1103,641,4573,431334
"South Africa","ZAF",2019,55290,741,6632,4903,43014
"South Africa","ZAF",2020,12030,1465,6411,57,4097
"South Africa","ZAF",2021,21552,2018,8652,6785,4097
"South Africa","ZAF",2022,552,31,97,62,362
"South Africa","ZAF",2023,651,2,116,64,469
"South Africa","ZAF",2024,47028682,11,111,66,47028494
"South America","SAM",1965,39581554,39581554,0,0,0
"South America","SAM",1966,44095222,44095222,0,0,0
"South America","SAM",1967,4665261,4665261,0,0,0
"South America","SAM",1968,49550686,49550686,0,0,0
"South America","SAM",1969,53435425,53435425,0,0,0
"South America","SAM",1970,63381383,6288049,0,0,57093334
"South America","SAM",1971,8023459,6982073,0,0,1041386
"South America","SAM",1972,19284855,7928879,0,0,11355976
"South America","SAM",1973,20479501,8951795,0,0,11527706
"South America","SAM",1974,22551410,10309859,0,0,12241551
"South America","SAM",1975,26240844,11239166,0,0,15001678
"South America","SAM",1976,140510107,125337105,0,0,15173002
"South America","SAM",1977,19082303,1393818,0,0,17688485
"South America","SAM",1978,34945231,15306062,0,0,19639169
"South America","SAM",1979,41585008,17354976,0,0,24230032
"South America","SAM",1980,21888763,19483237,0,0,2405526
"South America","SAM",1981,22131163,19683522,0,0,2447641
"South America","SAM",1982,50373935,21339456,0,0,29034479
"South America","SAM",1983,60968036,22953731,0,0,38014305
"South America","SAM",1984,38976726,2530052,0,0,36446674
"South America","SAM",1985,31303836,27390704,0,0,3913132
"South America","SAM",1986,33577811,29462888,0,0,4114923
"South America","SAM",1987,47712968,3146132,0,0,44566836
"South America","SAM",1988,7571192,3264447,0,0,4306745
"South America","SAM",1989,7693360,3349196,0,0,4344164
"South America","SAM",1990,40266532,34790448,0,0,5476084
"South America","SAM",1991,60499926,3724771,0,0,56775155
"South America","SAM",1992,45406721,38007532,0,0,7399189
"South America","SAM",1993,11556985,4095474,0,0,7461511
"South America","SAM",1994,44316032,43520425,0,0,795607
"South America","SAM",1995,53449624,45117236,0,0,8332388
"South America","SAM",1996,47708014,46749365,12018,0,946631
"South America","SAM",1997,15021219,4948528,19192,0,10053499
"South America","SAM",1998,14758382,5060408,38041,17,9659916
"South America","SAM",1999,15903363,5047165,37381,26,10818791
"South America","SAM",2000,17993529,5333969,374975,1886753,10397832
"South America","SAM",2001,20531138,5011439,934005,2727489,11858205
"South America","SAM",2002,24805094,5257035,1435445,4713989,13398625
"South America","SAM",2003,78146182,54827344,1480935,6494461,15343442
"South America","SAM",2004,82736594,56595306,1925755,8046187,16169346
"South America","SAM",2005,93662743,59945667,22323915,9650543,1742618
"South America","SAM",2006,68452886,62676105,3787609,141395,1847777
"South America","SAM",2007,96193405,64915607,7888675,164369,23224754
"South America","SAM",2008,29017090,652381,1330337,268966,26765406
"South America","SAM",2009,51798027,6705966,14620273,212961,30258827
"South America","SAM",2010,84604036,6706312,26444256,11397613,40055855
"South America","SAM",2011,89618996,7122574,323105,40161423,42011894
"South America","SAM",2012,84682671,6976344,60046687,12944062,4715578
"South America","SAM",2013,154978971,67541724,79274025,2791036,5372186
"South America","SAM",2014,158518652,6559091,15536101,77129316,59294144
"South America","SAM",2015,58201127,6393364,27251997,18264139,6291627
"South America","SAM",2016,85432076,6546254,40820534,31576514,6488774
"South America","SAM",2017,241105223,67128326,51696556,54637847,67642494
"South America","SAM",2018,147798294,6878858,59899025,10148036,70872375
"South America","SAM",2019,97946372,68232117,7256909,15444092,7013254
"South America","SAM",2020,103803498,66839404,7952916,21584867,7426311
"South America","SAM",2021,55346091,6371461,9993154,31872272,7109204
"South America","SAM",2022,76449130,7116931,11200019,51171703,6960477
"South America","SAM",2023,28225780,7281335,12770387,756137,7417921
"South America","SAM",2024,39337336,7051579,14472357,10166973,7646427
"South Korea","KOR",1965,710427,710427,0,0,0
"South Korea","KOR",1966,985322,985322,0,0,0
"South Korea","KOR",1967,953171,953171,0,0,0
"South Korea","KOR",1968,929483,929483,0,0,0
"South Korea","KOR",1969,1428512,1428512,0,0,0
"South Korea","KOR",1970,1220684,1220684,0,0,0
"South Korea","KOR",1971,1319976,1319976,0,0,0
"South Korea","KOR",1972,1368076,1368076,0,0,0
"South Korea","KOR",1973,1284465,1284465,0,0,0
"South Korea","KOR",1974,1905858,1905858,0,0,0
"South Korea","KOR",1975,1682809,1682809,0,0,0
"South Korea","KOR",1976,1788661,1788661,0,0,0
"South Korea","KOR",1977,1392729,1392729,0,0,0
"South Korea","KOR",1978,1807524,1807524,0,0,0
"South Korea","KOR",1979,2296168,2296168,0,0,0
"South Korea","KOR",1980,1920375,1920375,0,0,0
"South Korea","KOR",1981,2597707,2597707,0,0,0
"South Korea","KOR",1982,1715362,1715362,0,0,0
"South Korea","KOR",1983,2294191,2294191,0,0,0
"South Korea","KOR",1984,1998143,1998143,0,0,0
"South Korea","KOR",1985,3184966,3184966,0,0,0
"South Korea","KOR",1986,310988,310988,0,0,0
"South Korea","KOR",1987,3965371,3965371,0,0,0
"South Korea","KOR",1988,1987232,1987232,0,0,0
"South Korea","KOR",1989,2963969,2963969,0,0,0
"South Korea","KOR",1990,4683947,4683946,0,1,0
"South Korea","KOR",1991,3486047,3486046,0,1,0
"South Korea","KOR",1992,3097450,3097448,0,2,0
"South Korea","KOR",1993,4227552,4227549,1,2,0
"South Korea","KOR",1994,2346095,2346092,1,2,0
"South Korea","KOR",1995,2759950,2759923,0,2,25
"South Korea","KOR",1996,2424763,2424357,0,3,403
"South Korea","KOR",1997,2814074,2813992,1,3,78
"South Korea","KOR",1998,4279482,4279418,2,4,58
"South Korea","KOR",1999,426424,415926,5839,4572,87
"South Korea","KOR",2000,4031601,4009553,16685,5284,79
"South Korea","KOR",2001,2337470,2329939,1259,6184,88
"South Korea","KOR",2002,32349882,32327778,14881,7044,179
"South Korea","KOR",2003,48888572,48855767,24865,7752,188
"South Korea","KOR",2004,7297085,4311079,47442,9872,2928692
"South Korea","KOR",2005,62858656,36732996,129888,14399,25981373
"South Korea","KOR",2006,59074327,34675376,238911,31022,24129018
"South Korea","KOR",2007,75153838,36316493,375641,71279,38390425
"South Korea","KOR",2008,37952225,30701118,436034,284315,6530758
"South Korea","KOR",2009,34773900,28131711,685353,566191,5390645
"South Korea","KOR",2010,122749454,36819692,8169536,77342474,417752
"South Korea","KOR",2011,193355543,4597667,86288923,92275506,10193447
"South Korea","KOR",2012,163801245,39690382,91277313,11270967,21562583
"South Korea","KOR",2013,102260815,42892675,11482114,16676412,31209614
"South Korea","KOR",2014,72215021,27514188,11456008,26943502,6301323
"South Korea","KOR",2015,46591467,21457193,13424914,4229946,7479414
"South Korea","KOR",2016,58890636,28462753,16832138,5516146,8079599
"South Korea","KOR",2017,67129480,28088205,21691124,7739189,9610962
"South Korea","KOR",2018,49991197,3359418,24649742,10167519,11814518
"South Korea","KOR",2019,57124605,2788679,26792476,14192911,13350539
"South Korea","KOR",2020,65258979,387723,31499484,19337963,14033809
"South Korea","KOR",2021,76724883,3054502,31800172,24717623,17152586
"South Korea","KOR",2022,58156294,3541179,33694577,3072626,17847912
"South Korea","KOR",2023,92509068,37164373,3392165,33236446,18716084
"South Korea","KOR",2024,100246978,42992635,33642054,3272386,20339903
"South and Central America (EI)","REG",1965,41302555,41302555,0,0,0
"South and Central America (EI)","REG",1966,46001225,46001225,0,0,0
"South and Central America (EI)","REG",1967,48660614,48660614,0,0,0
"South and Central America (EI)","REG",1968,5174669,5174669,0,0,0
"South and Central America (EI)","REG",1969,55852425,55852425,0,0,0
"South and Central America (EI)","REG",1970,63657353,6564019,0,0,57093334
"South and Central America (EI)","REG",1971,94601494,73067635,0,0,21533859
"South and Central America (EI)","REG",1972,29695246,8269269,0,0,21425977
"South and Central America (EI)","REG",1973,32068681,9300975,0,0,22767706
"South and Central America (EI)","REG",1974,34577860,10686309,0,0,23891551
"South and Central America (EI)","REG",1975,14464784,11591616,0,0,2873168
"South and Central America (EI)","REG",1976,46575444,12942441,0,0,33633003
"South and Central America (EI)","REG",1977,38269728,1431242,0,0,36838486
"South and Central America (EI)","REG",1978,56657919,15818752,0,0,40839167
"South and Central America (EI)","REG",1979,22361599,17978596,0,0,4383003
"South and Central America (EI)","REG",1980,24549918,20144287,0,0,4405631
"South and Central America (EI)","REG",1981,25328189,20444443,0,0,4883746
"South and Central America (EI)","REG",1982,27544939,22019386,0,0,5525553
"South and Central America (EI)","REG",1983,30069437,23710901,0,0,6358536
"South and Central America (EI)","REG",1984,64453813,2616087,0,0,61837726
"South and Central America (EI)","REG",1985,34426958,28350836,0,0,6076122
"South and Central America (EI)","REG",1986,65736799,3060074,0,0,62676725
"South and Central America (EI)","REG",1987,99675010,32653015,0,0,67021995
"South and Central America (EI)","REG",1988,6978931,339224,0,0,6639707
"South and Central America (EI)","REG",1989,104046184,34735876,0,0,69310308
"South and Central America (EI)","REG",1990,44411986,36080304,0,0,8331682
"South and Central America (EI)","REG",1991,46915058,38509637,0,0,8405421
"South and Central America (EI)","REG",1992,49938554,39217712,0,0,10720842
"South and Central America (EI)","REG",1993,54320287,42327594,1717172,0,10275521
"South and Central America (EI)","REG",1994,63365601,44775696,7777778,0,10812127
"South and Central America (EI)","REG",1995,65222977,46373972,7777778,0,11071227
"South and Central America (EI)","REG",1996,59246771,4821879,41973986,0,12450906
"South and Central America (EI)","REG",1997,64091113,50880856,102926,0,13107331
"South and Central America (EI)","REG",1998,75542155,52066187,11137238,17,12338713
"South and Central America (EI)","REG",1999,34555524,5221518,14847192,12701,14474113
"South and Central America (EI)","REG",2000,74658777,55031305,2520263,2541753,14565456
"South and Central America (EI)","REG",2001,38318662,516229,32090253,4090489,1621691
"South and Central America (EI)","REG",2002,124431577,54189294,45877823,6422989,17941471
"South and Central America (EI)","REG",2003,78567298,5655637,44300896,8736461,19874304
"South and Central America (EI)","REG",2004,38439190,5842788,543326,11080187,20972889
"South and Central America (EI)","REG",2005,107827434,61922626,5322278,18349502,22233028
"South and Central America (EI)","REG",2006,46438650,6472634,7737159,8633631,23595226
"South and Central America (EI)","REG",2007,48234344,6694346,11578367,1125943,28835688
"South and Central America (EI)","REG",2008,71358931,6745294,16673999,15314081,32625557
"South and Central America (EI)","REG",2009,37619959,6916426,2076696,24975453,3651384
"South and Central America (EI)","REG",2010,94421337,6939942,34478762,6296357,46706276
"South and Central America (EI)","REG",2011,112915008,7353732,43240433,13448136,48872707
"South and Central America (EI)","REG",2012,238095570,72245154,76686983,34247616,54915817
"South and Central America (EI)","REG",2013,147768978,69975256,10211105,5399603,62183014
"South and Central America (EI)","REG",2014,43479116,6792487,18628696,11255031,6802902
"South and Central America (EI)","REG",2015,61657316,663208,31478914,28795807,719387
"South and Central America (EI)","REG",2016,236741386,67931836,45206013,49039893,74563644
"South and Central America (EI)","REG",2017,147472161,7010984,56156498,76596007,7708672
"South and Central America (EI)","REG",2018,158381225,71716223,65765335,12813844,8085823
"South and Central America (EI)","REG",2019,28624161,705525,787915,18975813,8154908
"South and Central America (EI)","REG",2020,126666830,6970964,8530434,25798237,85367195
"South and Central America (EI)","REG",2021,136822887,6689705,10619781,36872387,82641014
"South and Central America (EI)","REG",2022,25714627,7451074,11787809,5670121,805623
"South and Central America (EI)","REG",2023,114448003,7551543,13407416,8216759,85272285
"South and Central America (EI)","REG",2024,42030673,7357444,15027147,10926027,8720055
"Spain","ESP",1965,19687,19687,0,0,0
"Spain","ESP",1966,27258,27258,0,0,0
"Spain","ESP",1967,22657,22657,0,0,0
"Spain","ESP",1968,24388,24388,0,0,0
"Spain","ESP",1969,30603,30603,0,0,0
"Spain","ESP",1970,27819,27772,0,0,47
"Spain","ESP",1971,31868,31816,0,0,52
"Spain","ESP",1972,35530,35469,0,0,61
"Spain","ESP",1973,28968,28912,0,0,56
"Spain","ESP",1974,30619,30568,0,0,51
"Spain","ESP",1975,26178,26065,0,0,113
"Spain","ESP",1976,21119,20932,0,0,187
"Spain","ESP",1977,39937,39628,0,0,309
"Spain","ESP",1978,40567,40251,0,0,316
"Spain","ESP",1979,46648,46397,0,0,251
"Spain","ESP",1980,3317,2955,0,0,362
"Spain","ESP",1981,22366,21942,0,0,424
"Spain","ESP",1982,26818,26331,0,0,487
"Spain","ESP",1983,27103,27047,0,0,56
"Spain","ESP",1984,31539,31484,0,0,55
"Spain","ESP",1985,31898,31287,0,0,611
"Spain","ESP",1986,27032,26494,0,0,538
"Spain","ESP",1987,27946,27383,0,0,563
"Spain","ESP",1988,35919,35246,0,0,673
"Spain","ESP",1989,6080546,19349,13,6060606,578
"Spain","ESP",1990,25976,25414,14,6,542
"Spain","ESP",1991,27846,27282,15,7,542
"Spain","ESP",1992,2578,1892,103,8,575
"Spain","ESP",1993,25081,24377,116,9,579
"Spain","ESP",1994,3633,2818,175,1,639
"Spain","ESP",1995,24165,23112,27,15,1011
"Spain","ESP",1996,41261,39802,364,12,1083
"Spain","ESP",1997,36996,34778,742,13,1463
"Spain","ESP",1998,36903,34005,1352,15,1531
"Spain","ESP",1999,27348,22863,2744,17,1724
"Spain","ESP",2000,9195,2957,4727,18,1493
"Spain","ESP",2001,49441,41027,6759,24,1631
"Spain","ESP",2002,14223,2292,9342,3,2586
"Spain","ESP",2003,56354,41054,12075,41,3184
"Spain","ESP",2004,32222,31676,157,56,333
"Spain","ESP",2005,41742,17872,21176,41,2653
"Spain","ESP",2006,28779,2589,23297,119,2774
"Spain","ESP",2007,58207,27233,27568,508,2898
"Spain","ESP",2008,62311,23532,32946,2578,3255
"Spain","ESP",2009,121488785,26352478,378869,60669346,34088092
"Spain","ESP",2010,57285907,42035698,4368136,7064429,3817644
"Spain","ESP",2011,8757080,30596,42433,8679536,4515
"Spain","ESP",2012,61806019,20545,49472,11965909,49770093
"Spain","ESP",2013,74536237,367799,55767128,13110889,5290421
"Spain","ESP",2014,19178266,39169,52013,13673027,5414057
"Spain","ESP",2015,59079655,2814,49325,1385843,57641673
"Spain","ESP",2016,73975977,3638557,48914,13641701,56646805
"Spain","ESP",2017,14394198,18322,49127,14320671,6078
"Spain","ESP",2018,6273521,34334,50896,12744,6175547
"Spain","ESP",2019,48540335,22486076,5308907,15108287,5637065
"Spain","ESP",2020,113754783,30506727,56443676,20667141,6137239
"Spain","ESP",2021,7009789,29626,62061,27098,6891004
"Spain","ESP",2022,67615429,1759,62784,35723,67515163
"Spain","ESP",2023,196382,24996,64275,48586,58525
"Spain","ESP",2024,52270682,34432693,6259241,5647332,5931416
"Sri Lanka","LKA",1965,365,365,0,0,0
"Sri Lanka","LKA",1966,399,399,0,0,0
"Sri Lanka","LKA",1967,41,41,0,0,0
"Sri Lanka","LKA",1968,474,474,0,0,0
"Sri Lanka","LKA",1969,549,549,0,0,0
"Sri Lanka","LKA",1970,7403,7403,0,0,0
"Sri Lanka","LKA",1971,8255,8255,0,0,0
"Sri Lanka","LKA",1972,8471,8471,0,0,0
"Sri Lanka","LKA",1973,6957,6957,0,0,0
"Sri Lanka","LKA",1974,9976,9976,0,0,0
"Sri Lanka","LKA",1975,10766,10766,0,0,0
"Sri Lanka","LKA",1976,11095,11095,0,0,0
"Sri Lanka","LKA",1977,12139,12139,0,0,0
"Sri Lanka","LKA",1978,13663,13663,0,0,0
"Sri Lanka","LKA",1979,14618,14618,0,0,0
"Sri Lanka","LKA",1980,14801,14801,0,0,0
"Sri Lanka","LKA",1981,15716,15716,0,0,0
"Sri Lanka","LKA",1982,16076,16076,0,0,0
"Sri Lanka","LKA",1983,12172,12172,0,0,0
"Sri Lanka","LKA",1984,20922,20922,0,0,0
"Sri Lanka","LKA",1985,23956,23956,0,0,0
"Sri Lanka","LKA",1986,26451,26451,0,0,0
"Sri Lanka","LKA",1987,2177,2177,0,0,0
"Sri Lanka","LKA",1988,25967,25967,0,0,0
"Sri Lanka","LKA",1989,28012,28012,0,0,0
"Sri Lanka","LKA",1990,31448,31448,0,0,0
"Sri Lanka","LKA",1991,31166,31166,0,0,0
"Sri Lanka","LKA",1992,28999,28999,0,0,0
"Sri Lanka","LKA",1993,3796,3796,0,0,0
"Sri Lanka","LKA",1994,40891,40891,0,0,0
"Sri Lanka","LKA",1995,45141,45141,0,0,0
"Sri Lanka","LKA",1996,32519,32519,0,0,0
"Sri Lanka","LKA",1997,344727,344727,0,0,0
"Sri Lanka","LKA",1998,391495,391495,0,0,0
"Sri Lanka","LKA",1999,41774971,41774936,35,0,0
"Sri Lanka","LKA",2000,32042543,32042077,34,432,0
"Sri Lanka","LKA",2001,32081567,31178436,35,903096,0
"Sri Lanka","LKA",2002,32110977,27004118,3605747,1501112,0
"Sri Lanka","LKA",2003,38997155,33187416,3405747,2403992,0
"Sri Lanka","LKA",2004,35937059,29692228,2705747,3539072,12
"Sri Lanka","LKA",2005,41616629,34595318,2405747,4615336,228
"Sri Lanka","LKA",2006,7487980,4643377,2305747,538678,178
"Sri Lanka","LKA",2007,6859877,3956473,2305747,597646,11
"Sri Lanka","LKA",2008,13756644,4139193,3241747,6375132,572
"Sri Lanka","LKA",2009,49202663,38911111,3501447,6787804,2301
"Sri Lanka","LKA",2010,116805767,56445594,53161446,7195476,3251
"Sri Lanka","LKA",2011,104950111,4583892,91620445,8714148,31626
"Sri Lanka","LKA",2012,48725366,33021636,14680775,1000782,22173
"Sri Lanka","LKA",2013,94215302,69292426,23458175,1438312,26389
"Sri Lanka","LKA",2014,75721654,45626483,27245376,2808402,41393
"Sri Lanka","LKA",2015,642913,597989,34321,4872,5731
"Sri Lanka","LKA",2016,473134,423154,34487,8297,7196
"Sri Lanka","LKA",2017,462345,403136,36681,22461,67
"Sri Lanka","LKA",2018,706779,641146,32631,32131,871
"Sri Lanka","LKA",2019,57780,48119,3482,5004,1175
"Sri Lanka","LKA",2020,62455,49763,3502,8192,998
"Sri Lanka","LKA",2021,91205,72266,6534,10777,1628
"Sri Lanka","LKA",2022,100798668,68729577,7385138,14215474,10468479
"Sri Lanka","LKA",2023,107241822,585944,78247297,17016379,11392202
"Sri Lanka","LKA",2024,114618712,69523993,7846167,25825138,11423414
"Sweden","SWE",1965,46423,46423,0,0,0
"Sweden","SWE",1966,45489,45489,0,0,0
"Sweden","SWE",1967,49286,49286,0,0,0
"Sweden","SWE",1968,48739,48739,0,0,0
"Sweden","SWE",1969,4183,4183,0,0,0
"Sweden","SWE",1970,41502,41489,0,0,13
"Sweden","SWE",1971,52028,52012,0,0,16
"Sweden","SWE",1972,53969,53743,0,0,226
"Sweden","SWE",1973,60271,59872,0,0,399
"Sweden","SWE",1974,57622,57265,0,0,357
"Sweden","SWE",1975,57679,57648,0,0,31
"Sweden","SWE",1976,55186,54832,0,0,354
"Sweden","SWE",1977,53531,53495,0,0,36
"Sweden","SWE",1978,58029,57753,0,0,276
"Sweden","SWE",1979,6455,6108,0,0,347
"Sweden","SWE",1980,59589,58868,0,0,721
"Sweden","SWE",1981,60674,59753,0,0,921
"Sweden","SWE",1982,56068,55066,0,0,1002
"Sweden","SWE",1983,64994,63544,3,0,1447
"Sweden","SWE",1984,69759,67906,5,0,1848
"Sweden","SWE",1985,72796,70988,6,0,1802
"Sweden","SWE",1986,61137,60933,6,0,198
"Sweden","SWE",1987,73819,71854,6,0,1959
"Sweden","SWE",1988,71929,69883,5,0,2041
"Sweden","SWE",1989,9369,7175,5,0,2189
"Sweden","SWE",1990,74458,72509,6,0,1943
"Sweden","SWE",1991,63448,63249,13,0,186
"Sweden","SWE",1992,74596,74364,31,0,201
"Sweden","SWE",1993,76871,74647,52,1,2171
"Sweden","SWE",1994,61402,59097,75,1,2229
"Sweden","SWE",1995,70556,68096,105,1,2354
"Sweden","SWE",1996,7437,5174,144,1,2118
"Sweden","SWE",1997,72033,69056,203,1,2773
"Sweden","SWE",1998,75330,74743,308,1,278
"Sweden","SWE",1999,74747,71691,358,1,2697
"Sweden","SWE",2000,83140,78584,457,1,4098
"Sweden","SWE",2001,83322,79061,482,2,3777
"Sweden","SWE",2002,71143,66358,608,2,4175
"Sweden","SWE",2003,6486,5354,679,2,451
"Sweden","SWE",2004,67876,60588,85,2,7201
"Sweden","SWE",2005,8928663,7240339,939341,2,748981
"Sweden","SWE",2006,70963029,61615597,988238,2,8359192
"Sweden","SWE",2007,17884518,6616978,1431704,3,9835833
"Sweden","SWE",2008,19265711,6927953,2000572,4,10337182
"Sweden","SWE",2009,10190403,6553944,2490411,7,1146041
"Sweden","SWE",2010,82853444,67175674,3486528,9,12191233
"Sweden","SWE",2011,24353068,6706347,6110219,13,11536489
"Sweden","SWE",2012,15071321,7893931,7165177,19,12194
"Sweden","SWE",2013,71204560,61361156,9842224,35,1145
"Sweden","SWE",2014,75007806,63762966,11234097,47,10696
"Sweden","SWE",2015,91646086,75312485,16322739,97,10765
"Sweden","SWE",2016,89100411,62133778,15479412,143,11487078
"Sweden","SWE",2017,24127091,6506267,17608725,23,12076
"Sweden","SWE",2018,22843787,6214757,16616726,391,11913
"Sweden","SWE",2019,26390004,6529721,19846584,663,13036
"Sweden","SWE",2020,34767030,7228601,27526217,1035,11177
"Sweden","SWE",2021,34502345,7379413,27108343,1507,13082
"Sweden","SWE",2022,33144870,69808,33059967,1963,13132
"Sweden","SWE",2023,69501580,66090904,3407461,3098,117
"Sweden","SWE",2024,79044086,64633804,4051095,4145,10355042
"Switzerland","CHE",1965,24097282,24097282,0,0,0
"Switzerland","CHE",1966,27518608,27518608,0,0,0
"Switzerland","CHE",1967,29850212,29850212,0,0,0
"Switzerland","CHE",1968,29515339,29515339,0,0,0
"Switzerland","CHE",1969,2824513,2824513,0,0,0
"Switzerland","CHE",1970,29172628,29172628,0,0,0
"Switzerland","CHE",1971,29043726,29043726,0,0,0
"Switzerland","CHE",1972,24234034,24234034,0,0,0
"Switzerland","CHE",1973,26586607,26586607,0,0,0
"Switzerland","CHE",1974,27850393,27850393,0,0,0
"Switzerland","CHE",1975,3223579,3223579,0,0,0
"Switzerland","CHE",1976,25849403,25849403,0,0,0
"Switzerland","CHE",1977,3488988,3488988,0,0,0
"Switzerland","CHE",1978,31560624,31560526,0,0,98
"Switzerland","CHE",1979,2968725,2968438,0,0,287
"Switzerland","CHE",1980,33448106,33447933,0,0,173
"Switzerland","CHE",1981,3512944,3512508,0,0,436
"Switzerland","CHE",1982,35971452,35971413,0,0,39
"Switzerland","CHE",1983,3506681,3506285,0,0,396
"Switzerland","CHE",1984,29894233,29893864,0,0,369
"Switzerland","CHE",1985,3205572,3205207,0,0,365
"Switzerland","CHE",1986,3290986,3290528,0,0,458
"Switzerland","CHE",1987,34675209,34674698,0,0,511
"Switzerland","CHE",1988,3580020,3579507,0,0,513
"Switzerland","CHE",1989,2978022,2977493,0,0,529
"Switzerland","CHE",1990,29798287,29797848,0,1,438
"Switzerland","CHE",1991,32080600,32080162,0,2,436
"Switzerland","CHE",1992,32704143,32703655,0,3,485
"Switzerland","CHE",1993,35781688,35781193,0,4,491
"Switzerland","CHE",1994,39072616,39072556,0,5,55
"Switzerland","CHE",1995,35172146,35171566,0,6,574
"Switzerland","CHE",1996,2875420,2874798,1,7,614
"Switzerland","CHE",1997,34047122,34046455,2,7,658
"Switzerland","CHE",1998,33476114,33475414,3,8,689
"Switzerland","CHE",1999,40009016,40008263,3,1,749
"Switzerland","CHE",2000,36838181,36837334,3,11,833
"Switzerland","CHE",2001,4133181,4132288,4,13,876
"Switzerland","CHE",2002,35172747,35171818,5,15,909
"Switzerland","CHE",2003,3476829,3476713,5,18,93
"Switzerland","CHE",2004,33751838,33751717,6,18,97
"Switzerland","CHE",2005,31230943,31229898,8,21,1016
"Switzerland","CHE",2006,30963033,30961859,15,24,1135
"Switzerland","CHE",2007,35254627,35253403,16,29,1179
"Switzerland","CHE",2008,36040668,36039383,19,37,1229
"Switzerland","CHE",2009,3574017,3572711,23,54,1229
"Switzerland","CHE",2010,3607831,3606428,37,94,1272
"Switzerland","CHE",2011,32394924,32393364,7,168,1385
"Switzerland","CHE",2012,3862323,3860409,88,299,1527
"Switzerland","CHE",2013,38466339,38464718,9,5,1607
"Switzerland","CHE",2014,3806619,3804005,101,842,1671
"Switzerland","CHE",2015,3828916,3826185,11,1119,1601
"Switzerland","CHE",2016,3465960,3462793,109,1333,1725
"Switzerland","CHE",2017,34099018,34095364,133,1683,1838
"Switzerland","CHE",2018,3464797,3460919,122,1945,1811
"Switzerland","CHE",2019,3767583,3763397,146,2178,1862
"Switzerland","CHE",2020,37468198,37463486,145,2599,1968
"Switzerland","CHE",2021,36574465,36569485,145,2842,1993
"Switzerland","CHE",2022,2962391,2956513,15,3858,2005
"Switzerland","CHE",2023,36986672,36979874,169,4624,2005
"Switzerland","CHE",2024,20242571,4493138,171,5903,15743359
"Taiwan","TWN",1965,2586,2586,0,0,0
"Taiwan","TWN",1966,2661,2661,0,0,0
"Taiwan","TWN",1967,2634,2634,0,0,0
"Taiwan","TWN",1968,3864,3864,0,0,0
"Taiwan","TWN",1969,3052,3052,0,0,0
"Taiwan","TWN",1970,2865,2865,0,0,0
"Taiwan","TWN",1971,3091,3091,0,0,0
"Taiwan","TWN",1972,3636,3636,0,0,0
"Taiwan","TWN",1973,3399,3399,0,0,0
"Taiwan","TWN",1974,4705,4705,0,0,0
"Taiwan","TWN",1975,5261,5261,0,0,0
"Taiwan","TWN",1976,4282,4282,0,0,0
"Taiwan","TWN",1977,4023,4023,0,0,0
"Taiwan","TWN",1978,4966,4966,0,0,0
"Taiwan","TWN",1979,4567,4567,0,0,0
"Taiwan","TWN",1980,2926,2926,0,0,0
"Taiwan","TWN",1981,4791,4791,0,0,0
"Taiwan","TWN",1982,48640492,47812243,0,0,828249
"Taiwan","TWN",1983,5043920,498775,0,0,4545145
"Taiwan","TWN",1984,4735901,4385302,0,0,350599
"Taiwan","TWN",1985,60306884,60011296,0,0,295588
"Taiwan","TWN",1986,61344535,61299214,0,0,45321
"Taiwan","TWN",1987,5537223,5508951,0,0,28272
"Taiwan","TWN",1988,4984302,4673866,0,0,310436
"Taiwan","TWN",1989,68178764,48634553,0,0,19544211
"Taiwan","TWN",1990,21800793,638118,0,0,21162675
"Taiwan","TWN",1991,62858778,38536472,0,0,24322306
"Taiwan","TWN",1992,32718316,6555993,0,0,26162323
"Taiwan","TWN",1993,27380497,4108831,0,0,23271666
"Taiwan","TWN",1994,76311185,50615253,0,0,25695932
"Taiwan","TWN",1995,8677711,4839462,0,0,3838249
"Taiwan","TWN",1996,94418399,47430544,0,0,46987855
"Taiwan","TWN",1997,57710712,52454824,0,0,5255888
"Taiwan","TWN",1998,68090582,62018576,0,0,6072006
"Taiwan","TWN",1999,12639663,5051025,0,0,7588638
"Taiwan","TWN",2000,56211784,45599804,138286,12,10473682
"Taiwan","TWN",2001,76334727,50902977,12228773,264,13202713
"Taiwan","TWN",2002,18931397,2778901,158796,348,15993352
"Taiwan","TWN",2003,50448051,30345163,2376162,461,17726265
"Taiwan","TWN",2004,75841114,32098691,25252812,584,18489027
"Taiwan","TWN",2005,68347819,40713735,9130043,96,18503945
"Taiwan","TWN",2006,33546911,4088351,27607474,1457,1849629
"Taiwan","TWN",2007,63234499,441755,43953452,218,18839074
"Taiwan","TWN",2008,32829423,4305105,5882652,4473143,18168523
"Taiwan","TWN",2009,142733155,37482882,78663546,9112535,17474192
"Taiwan","TWN",2010,92269540,41941013,10263377,21727003,18338147
"Taiwan","TWN",2011,134892200,39997265,14926766,61622538,18345631
"Taiwan","TWN",2012,54100633,5669558,14134685,15986983,18309407
"Taiwan","TWN",2013,121251762,54228897,16400076,32109624,18513165
"Taiwan","TWN",2014,43762448,4317862,15004843,5287621,19152122
"Taiwan","TWN",2015,124160166,4470146,15252357,85026795,19410868
"Taiwan","TWN",2016,51286420,6562041,14571018,11090046,19063315
"Taiwan","TWN",2017,57966787,5446815,17224586,16674529,18620857
"Taiwan","TWN",2018,108697393,44816446,17094872,27036583,19749492
"Taiwan","TWN",2019,48431226,5544796,18922317,4017031,19947082
"Taiwan","TWN",2020,134012356,30191524,23088717,60746737,19985378
"Taiwan","TWN",2021,136849696,34746625,2270784,79701905,20130382
"Taiwan","TWN",2022,124735458,58365026,35774763,10676988,19918681
"Taiwan","TWN",2023,195044201,39630222,6238287,129086895,20088797
"Taiwan","TWN",2024,50166952,4205932,10329074,14902521,20729425
"Thailand","THA",1965,841,841,0,0,0
"Thailand","THA",1966,1064,1064,0,0,0
"Thailand","THA",1967,1368,1368,0,0,0
"Thailand","THA",1968,1405,1405,0,0,0
"Thailand","THA",1969,1046,1046,0,0,0
"Thailand","THA",1970,1787,1787,0,0,0
"Thailand","THA",1971,2048,2048,0,0,0
"Thailand","THA",1972,1728,1728,0,0,0
"Thailand","THA",1973,188,188,0,0,0
"Thailand","THA",1974,2458,2458,0,0,0
"Thailand","THA",1975,3399,3399,0,0,0
"Thailand","THA",1976,3637,3637,0,0,0
"Thailand","THA",1977,3265,3265,0,0,0
"Thailand","THA",1978,211,211,0,0,0
"Thailand","THA",1979,3263,3263,0,0,0
"Thailand","THA",1980,1273,1273,0,0,0
"Thailand","THA",1981,2974,2974,0,0,0
"Thailand","THA",1982,3836,3836,0,0,0
"Thailand","THA",1983,366,366,0,0,0
"Thailand","THA",1984,4081,4081,0,0,0
"Thailand","THA",1985,3691,3691,0,0,0
"Thailand","THA",1986,55317,55317,0,0,0
"Thailand","THA",1987,406115,405623,0,0,492
"Thailand","THA",1988,374836,371817,0,0,3019
"Thailand","THA",1989,553378,551221,0,0,2157
"Thailand","THA",1990,515020,490011,0,0,25009
"Thailand","THA",1991,480202,450535,0,0,29667
"Thailand","THA",1992,436755,415894,0,0,20861
"Thailand","THA",1993,3641930,3612501,0,0,29429
"Thailand","THA",1994,9479956,4403602,0,0,5076354
"Thailand","THA",1995,20867917,6593011,0,0,14274906
"Thailand","THA",1996,9286210,7215002,0,0,2071208
"Thailand","THA",1997,27357108,7082,0,0,27350026
"Thailand","THA",1998,8183933,5088822,0,0,3095111
"Thailand","THA",1999,7884001,3409668,0,0,4474333
"Thailand","THA",2000,11160419,5891444,0,0,5268975
"Thailand","THA",2001,68283130,6174345,0,0,62108785
"Thailand","THA",2002,8260716,736694,0,0,7524022
"Thailand","THA",2003,19522689,7207755,0,0,12314934
"Thailand","THA",2004,24315473,5896294,0,0,18419179
"Thailand","THA",2005,7527449,5671181,0,0,1856268
"Thailand","THA",2006,20677343,795005,131,3648,19878559
"Thailand","THA",2007,32141955,7961357,394,3876,24176328
"Thailand","THA",2008,22083271,695069,482,3888,21383832
"Thailand","THA",2009,9217073,6965736,1,444,2250892
"Thailand","THA",2010,38996224,5346753,3924,5832,33639715
"Thailand","THA",2011,47716614,7934922,5,9444,39772243
"Thailand","THA",2012,13642407,8431217,17179,498475,4695536
"Thailand","THA",2013,63272179,5412084,351304,1257475,56251316
"Thailand","THA",2014,7769047,5163573,396,1933475,671603
"Thailand","THA",2015,77118294,3760733,328,2378,73354855
"Thailand","THA",2016,12148216,3543078,383,3553,8601202
"Thailand","THA",2017,13984856,4687186,1109,4543,9292018
"Thailand","THA",2018,19347935,7597013,1641,4537,11744744
"Thailand","THA",2019,18901896,6309958,367,5146,12586425
"Thailand","THA",2020,16834319,4539848,322,5031,12289118
"Thailand","THA",2021,17954147,4539992,3532,4989,13405634
"Thailand","THA",2022,7993044,6598821,2988,5026,1386209
"Thailand","THA",2023,20882302,6588214,3741,5141,14285206
"Thailand","THA",2024,108959132,6414794,33840847,54315233,14388258
"Trinidad and Tobago","TTO",1965,0,0,0,0,0
"Trinidad and Tobago","TTO",1966,0,0,0,0,0
"Trinidad and Tobago","TTO",1967,0,0,0,0,0
"Trinidad and Tobago","TTO",1968,0,0,0,0,0
"Trinidad and Tobago","TTO",1969,0,0,0,0,0
"Trinidad and Tobago","TTO",1970,0,0,0,0,0
"Trinidad and Tobago","TTO",1971,35,0,0,0,35
"Trinidad and Tobago","TTO",1972,35,0,0,0,35
"Trinidad and Tobago","TTO",1973,29,0,0,0,29
"Trinidad and Tobago","TTO",1974,25,0,0,0,25
"Trinidad and Tobago","TTO",1975,23,0,0,0,23
"Trinidad and Tobago","TTO",1976,19,0,0,0,19
"Trinidad and Tobago","TTO",1977,23,0,0,0,23
"Trinidad and Tobago","TTO",1978,29,0,0,0,29
"Trinidad and Tobago","TTO",1979,29,0,0,0,29
"Trinidad and Tobago","TTO",1980,26,0,0,0,26
"Trinidad and Tobago","TTO",1981,19,0,0,0,19
"Trinidad and Tobago","TTO",1982,18,0,0,0,18
"Trinidad and Tobago","TTO",1983,16,0,0,0,16
"Trinidad and Tobago","TTO",1984,13,0,0,0,13
"Trinidad and Tobago","TTO",1985,17,0,0,0,17
"Trinidad and Tobago","TTO",1986,26,0,0,0,26
"Trinidad and Tobago","TTO",1987,31,0,0,0,31
"Trinidad and Tobago","TTO",1988,27,0,0,0,27
"Trinidad and Tobago","TTO",1989,26,0,0,0,26
"Trinidad and Tobago","TTO",1990,31,0,0,0,31
"Trinidad and Tobago","TTO",1991,25,0,0,0,25
"Trinidad and Tobago","TTO",1992,3,0,0,0,3
"Trinidad and Tobago","TTO",1993,28,0,0,0,28
"Trinidad and Tobago","TTO",1994,32,0,0,0,32
"Trinidad and Tobago","TTO",1995,33,0,0,0,33
"Trinidad and Tobago","TTO",1996,17,0,0,0,17
"Trinidad and Tobago","TTO",1997,18,0,0,0,18
"Trinidad and Tobago","TTO",1998,18,0,0,0,18
"Trinidad and Tobago","TTO",1999,18,0,0,0,18
"Trinidad and Tobago","TTO",2000,533,0,0,531,2
"Trinidad and Tobago","TTO",2001,1068,0,0,1039,29
"Trinidad and Tobago","TTO",2002,1395,0,0,1369,26
"Trinidad and Tobago","TTO",2003,1914,0,0,1902,12
"Trinidad and Tobago","TTO",2004,2602,0,0,2579,23
"Trinidad and Tobago","TTO",2005,2765,0,0,2743,22
"Trinidad and Tobago","TTO",2006,335,0,0,309,26
"Trinidad and Tobago","TTO",2007,3304,0,0,3285,19
"Trinidad and Tobago","TTO",2008,3536,0,0,3534,2
"Trinidad and Tobago","TTO",2009,3958,0,0,3939,19
"Trinidad and Tobago","TTO",2010,4408,0,0,4408,0
"Trinidad and Tobago","TTO",2011,4408,0,0,4408,0
"Trinidad and Tobago","TTO",2012,6228,0,0,6228,0
"Trinidad and Tobago","TTO",2013,6228,0,0,6228,0
"Trinidad and Tobago","TTO",2014,6228,0,0,6228,0
"Trinidad and Tobago","TTO",2015,6255,0,27,6228,0
"Trinidad and Tobago","TTO",2016,6255,0,27,6228,0
"Trinidad and Tobago","TTO",2017,6255,0,27,6228,0
"Trinidad and Tobago","TTO",2018,6255,0,27,6228,0
"Trinidad and Tobago","TTO",2019,6255,0,27,6228,0
"Trinidad and Tobago","TTO",2020,6255,0,27,6228,0
"Trinidad and Tobago","TTO",2021,6255,0,27,6228,0
"Trinidad and Tobago","TTO",2022,6255,0,27,6228,0
"Trinidad and Tobago","TTO",2023,6235621,0,27,6235594,0
"Trinidad and Tobago","TTO",2024,NA,0,NA,7041495,0
"Turkey","TUR",1965,2180,2179,0,0,1
"Turkey","TUR",1966,23503,23381,0,0,122
"Turkey","TUR",1967,23991,23818,0,0,173
"Turkey","TUR",1968,31927,31748,0,0,179
"Turkey","TUR",1969,34627,34449,0,0,178
"Turkey","TUR",1970,30494,30328,0,0,166
"Turkey","TUR",1971,26264,26102,0,0,162
"Turkey","TUR",1972,32217,32042,0,0,175
"Turkey","TUR",1973,26231,26034,0,0,197
"Turkey","TUR",1974,33765,33558,0,0,207
"Turkey","TUR",1975,59058,59036,0,0,22
"Turkey","TUR",1976,83909,83748,0,0,161
"Turkey","TUR",1977,85941,85723,0,0,218
"Turkey","TUR",1978,93485,93348,0,0,137
"Turkey","TUR",1979,103034,102889,0,0,145
"Turkey","TUR",1980,113618,113482,0,0,136
"Turkey","TUR",1981,126172,126161,0,0,11
"Turkey","TUR",1982,141667,141667,0,0,0
"Turkey","TUR",1983,113427,113427,0,0,0
"Turkey","TUR",1984,134484,134263,0,0,221
"Turkey","TUR",1985,120455,120449,0,0,6
"Turkey","TUR",1986,119162,118726,0,0,436
"Turkey","TUR",1987,186757,186178,0,0,579
"Turkey","TUR",1988,290180,289496,0,0,684
"Turkey","TUR",1989,180022,179396,0,0,626
"Turkey","TUR",1990,232277,231476,0,0,801
"Turkey","TUR",1991,228030,226833,0,0,1197
"Turkey","TUR",1992,27735,26568,0,0,1167
"Turkey","TUR",1993,339643,339509,0,0,134
"Turkey","TUR",1994,305872,305859,0,0,13
"Turkey","TUR",1995,358492,355409,0,0,3083
"Turkey","TUR",1996,407343,404752,0,0,2591
"Turkey","TUR",1997,401929,398161,0,0,3768
"Turkey","TUR",1998,42610,42229,55,0,326
"Turkey","TUR",1999,349119,346775,205,0,2139
"Turkey","TUR",2000,311534,308785,334,0,2415
"Turkey","TUR",2001,243459,240099,624,0,2736
"Turkey","TUR",2002,339232,336838,48,0,2346
"Turkey","TUR",2003,355585,353295,614,0,1676
"Turkey","TUR",2004,463106,460837,577,0,1692
"Turkey","TUR",2005,396948,395605,59,0,1284
"Turkey","TUR",2006,458532,442442,1305,0,14785
"Turkey","TUR",2007,616961,358508,3511,0,254942
"Turkey","TUR",2008,645858,332698,8465,0,304695
"Turkey","TUR",2009,1196510,359584,149537,0,687389
"Turkey","TUR",2010,6472357,5179546,291643,24,1001144
"Turkey","TUR",2011,9179774,5233856,47239,2861538,1037141
"Turkey","TUR",2012,12121635,5786501,586075,4257787,1491272
"Turkey","TUR",2013,15724570,5942051,755745,6784616,2242158
"Turkey","TUR",2014,4705190,406447,852005,174,3446564
"Turkey","TUR",2015,12564786,6714584,1165247,19412,4665543
"Turkey","TUR",2016,1483234,672309,155171,10431,645323
"Turkey","TUR",2017,872631,582185,179038,28893,82515
"Turkey","TUR",2018,10957390,599385,199492,77998,10080515
"Turkey","TUR",2019,52337273,8882278,21730713,9249828,12474454
"Turkey","TUR",2020,48220288,7809437,24828222,1095018,14487611
"Turkey","TUR",2021,39940261,5592681,3143675,13942861,17261044
"Turkey","TUR",2022,22970842,668025,3494545,16887571,1920701
"Turkey","TUR",2023,31977760,6400245,3410905,2209056,19957554
"Turkey","TUR",2024,129249416,74881584,3662889,30374754,20330189
"Turkmenistan","TKM",1985,3,3,0,0,0
"Turkmenistan","TKM",1986,3,3,0,0,0
"Turkmenistan","TKM",1987,3,3,0,0,0
"Turkmenistan","TKM",1988,3,3,0,0,0
"Turkmenistan","TKM",1989,3,3,0,0,0
"Turkmenistan","TKM",1990,3,3,0,0,0
"Turkmenistan","TKM",1991,3,3,0,0,0
"Turkmenistan","TKM",1992,42,42,0,0,0
"Turkmenistan","TKM",1993,5,5,0,0,0
"Turkmenistan","TKM",1994,4,4,0,0,0
"Turkmenistan","TKM",1995,4,4,0,0,0
"Turkmenistan","TKM",1996,5,5,0,0,0
"Turkmenistan","TKM",1997,5,5,0,0,0
"Turkmenistan","TKM",1998,6,6,0,0,0
"Turkmenistan","TKM",1999,5,5,0,0,0
"Turkmenistan","TKM",2000,3154,3154,0,0,0
"Turkmenistan","TKM",2001,3154,3154,0,0,0
"Turkmenistan","TKM",2002,3154,3154,0,0,0
"Turkmenistan","TKM",2003,3154,3154,0,0,0
"Turkmenistan","TKM",2004,3154,3154,0,0,0
"Turkmenistan","TKM",2005,3154,3154,0,0,0
"Turkmenistan","TKM",2006,3154,3154,0,0,0
"Turkmenistan","TKM",2007,3154,3154,0,0,0
"Turkmenistan","TKM",2008,3154,3154,0,0,0
"Turkmenistan","TKM",2009,3154,3154,0,0,0
"Turkmenistan","TKM",2010,4749,3154,0,1595,0
"Turkmenistan","TKM",2011,48829,3154,0,45675,0
"Turkmenistan","TKM",2012,984586,3154,0,981432,0
"Turkmenistan","TKM",2013,188029,3154,0,184875,0
"Turkmenistan","TKM",2014,34329,3154,0,31175,0
"Turkmenistan","TKM",2015,3676,3154,0,522,0
"Turkmenistan","TKM",2016,6982222,3154,0,6979068,0
"Turkmenistan","TKM",2017,3850,3154,0,696,0
"Turkmenistan","TKM",2018,3850,3154,0,696,0
"Turkmenistan","TKM",2019,3850,3154,0,696,0
"Turkmenistan","TKM",2020,10141709,3162641,0,6979068,0
"Turkmenistan","TKM",2021,1011,315,0,696,0
"Turkmenistan","TKM",2022,1011,315,0,696,0
"Turkmenistan","TKM",2023,1011,315,0,696,0
"Turkmenistan","TKM",2024,7294931,315863,0,6979068,0
"USSR","OWID_USS",1965,81434,81434,0,0,0
"USSR","OWID_USS",1966,91823,91823,0,0,0
"USSR","OWID_USS",1967,88571,88571,0,0,0
"USSR","OWID_USS",1968,10404,10404,0,0,0
"USSR","OWID_USS",1969,115181,115181,0,0,0
"USSR","OWID_USS",1970,124377,124377,0,0,0
"USSR","OWID_USS",1971,126099,126099,0,0,0
"USSR","OWID_USS",1972,122899,122899,0,0,0
"USSR","OWID_USS",1973,122345,122345,0,0,0
"USSR","OWID_USS",1974,13203,13203,0,0,0
"USSR","OWID_USS",1975,125987,125987,0,0,0
"USSR","OWID_USS",1976,135735,135735,0,0,0
"USSR","OWID_USS",1977,147014,147014,0,0,0
"USSR","OWID_USS",1978,169701,169701,0,0,0
"USSR","OWID_USS",1979,172023,172023,0,0,0
"USSR","OWID_USS",1980,183938,183938,0,0,0
"USSR","OWID_USS",1981,186744,186744,0,0,0
"USSR","OWID_USS",1982,174677,174677,0,0,0
"USSR","OWID_USS",1983,180362,180362,0,0,0
"USSR","OWID_USS",1984,202988,202988,0,0,0
"Ukraine","UKR",1985,107126255,107126255,0,0,0
"Ukraine","UKR",1986,10655173,10655173,0,0,0
"Ukraine","UKR",1987,9594518,9594518,0,0,0
"Ukraine","UKR",1988,1193238,1193238,0,0,0
"Ukraine","UKR",1989,10129265,10129265,0,0,0
"Ukraine","UKR",1990,10514,10514,0,0,0
"Ukraine","UKR",1991,1171,1171,0,0,0
"Ukraine","UKR",1992,7883,7883,0,0,0
"Ukraine","UKR",1993,11039,11039,0,0,0
"Ukraine","UKR",1994,12118,12118,0,0,0
"Ukraine","UKR",1995,9953,9953,0,0,0
"Ukraine","UKR",1996,8632,8632,0,0,0
"Ukraine","UKR",1997,9856,9856,0,0,0
"Ukraine","UKR",1998,15742,15739,3,0,0
"Ukraine","UKR",1999,14327,14324,3,0,0
"Ukraine","UKR",2000,11280,11274,6,0,0
"Ukraine","UKR",2001,12048,12032,16,0,0
"Ukraine","UKR",2002,9649,9627,22,0,0
"Ukraine","UKR",2003,9269,9238,31,0,0
"Ukraine","UKR",2004,11786,11753,33,0,0
"Ukraine","UKR",2005,12401,12363,38,0,0
"Ukraine","UKR",2006,12921,12886,35,0,0
"Ukraine","UKR",2007,10469,10143,45,0,281
"Ukraine","UKR",2008,11821,11512,45,0,264
"Ukraine","UKR",2009,12118,11936,43,0,139
"Ukraine","UKR",2010,13345,13152,5,0,188
"Ukraine","UKR",2011,1095713,1094383,895,301,134
"Ukraine","UKR",2012,1054212,1047863,2882,3333,134
"Ukraine","UKR",2013,1387025,1380481,6386,57,101
"Ukraine","UKR",2014,859571,847827,11302,429,13
"Ukraine","UKR",2015,555386,539632,10844,4765,145
"Ukraine","UKR",2016,91340,76758,9538,4908,136
"Ukraine","UKR",2017,913911,894761,9834,7217,2099
"Ukraine","UKR",2018,130241,104277,11884,11075,3005
"Ukraine","UKR",2019,118682,65083,20202,29328,4069
"Ukraine","UKR",2020,7657692,7563803,32643,53692,7554
"Ukraine","UKR",2021,884379,104437,38227,650427,91288
"Ukraine","UKR",2022,83717,11023,14177,50756,7761
"Ukraine","UKR",2023,20425746,12727588,943441,5708212,1046505
"Ukraine","UKR",2024,13445987,12762458,2541,605484,75504
"United Arab Emirates","ARE",1965,0,0,0,0,0
"United Arab Emirates","ARE",1966,0,0,0,0,0
"United Arab Emirates","ARE",1967,0,0,0,0,0
"United Arab Emirates","ARE",1968,0,0,0,0,0
"United Arab Emirates","ARE",1969,0,0,0,0,0
"United Arab Emirates","ARE",1970,0,0,0,0,0
"United Arab Emirates","ARE",1971,0,0,0,0,0
"United Arab Emirates","ARE",1972,0,0,0,0,0
"United Arab Emirates","ARE",1973,0,0,0,0,0
"United Arab Emirates","ARE",1974,0,0,0,0,0
"United Arab Emirates","ARE",1975,0,0,0,0,0
"United Arab Emirates","ARE",1976,0,0,0,0,0
"United Arab Emirates","ARE",1977,0,0,0,0,0
"United Arab Emirates","ARE",1978,0,0,0,0,0
"United Arab Emirates","ARE",1979,0,0,0,0,0
"United Arab Emirates","ARE",1980,0,0,0,0,0
"United Arab Emirates","ARE",1981,0,0,0,0,0
"United Arab Emirates","ARE",1982,0,0,0,0,0
"United Arab Emirates","ARE",1983,0,0,0,0,0
"United Arab Emirates","ARE",1984,0,0,0,0,0
"United Arab Emirates","ARE",1985,0,0,0,0,0
"United Arab Emirates","ARE",1986,0,0,0,0,0
"United Arab Emirates","ARE",1987,0,0,0,0,0
"United Arab Emirates","ARE",1988,0,0,0,0,0
"United Arab Emirates","ARE",1989,0,0,0,0,0
"United Arab Emirates","ARE",1990,0,0,0,0,0
"United Arab Emirates","ARE",1991,0,0,0,0,0
"United Arab Emirates","ARE",1992,0,0,0,0,0
"United Arab Emirates","ARE",1993,0,0,0,0,0
"United Arab Emirates","ARE",1994,0,0,0,0,0
"United Arab Emirates","ARE",1995,0,0,0,0,0
"United Arab Emirates","ARE",1996,0,0,0,0,0
"United Arab Emirates","ARE",1997,0,0,0,0,0
"United Arab Emirates","ARE",1998,0,0,0,0,0
"United Arab Emirates","ARE",1999,0,0,0,0,0
"United Arab Emirates","ARE",2000,0,0,0,0,0
"United Arab Emirates","ARE",2001,0,0,0,0,0
"United Arab Emirates","ARE",2002,0,0,0,0,0
"United Arab Emirates","ARE",2003,0,0,0,0,0
"United Arab Emirates","ARE",2004,0,0,0,0,0
"United Arab Emirates","ARE",2005,0,0,0,0,0
"United Arab Emirates","ARE",2006,0,0,0,0,0
"United Arab Emirates","ARE",2007,0,0,0,0,0
"United Arab Emirates","ARE",2008,0,0,0,0,0
"United Arab Emirates","ARE",2009,6354,0,0,6354,0
"United Arab Emirates","ARE",2010,18424,0,0,18424,0
"United Arab Emirates","ARE",2011,20696,0,0,20696,0
"United Arab Emirates","ARE",2012,24242,0,0,24242,0
"United Arab Emirates","ARE",2013,86912,0,1489,85423,0
"United Arab Emirates","ARE",2014,311409,0,2978,308431,0
"United Arab Emirates","ARE",2015,4480,0,1489,2991,0
"United Arab Emirates","ARE",2016,316,0,0,316,0
"United Arab Emirates","ARE",2017,7451,0,0,7451,0
"United Arab Emirates","ARE",2018,11981,0,0,11981,0
"United Arab Emirates","ARE",2019,36558,0,0,36558,0
"United Arab Emirates","ARE",2020,5184475,0,0,5184466,9
"United Arab Emirates","ARE",2021,62527403,0,45,62523384,3974
"United Arab Emirates","ARE",2022,77433736,0,45,77433567,124
"United Arab Emirates","ARE",2023,4143141,0,600018,1440392,2102731
"United Arab Emirates","ARE",2024,37279574,0,19961853,15209229,2108492
"United Kingdom","GBR",1965,4612,4612,0,0,0
"United Kingdom","GBR",1966,4536,4536,0,0,0
"United Kingdom","GBR",1967,4885,4885,0,0,0
"United Kingdom","GBR",1968,3722,3722,0,0,0
"United Kingdom","GBR",1969,3256,3256,0,0,0
"United Kingdom","GBR",1970,4536,4536,0,0,0
"United Kingdom","GBR",1971,3373,3373,0,0,0
"United Kingdom","GBR",1972,3373,3373,0,0,0
"United Kingdom","GBR",1973,3838,3838,0,0,0
"United Kingdom","GBR",1974,4071,4071,0,0,0
"United Kingdom","GBR",1975,3838,3838,0,0,0
"United Kingdom","GBR",1976,4536,4536,0,0,0
"United Kingdom","GBR",1977,3954,3954,0,0,0
"United Kingdom","GBR",1978,4071,4071,0,0,0
"United Kingdom","GBR",1979,4303,4303,0,0,0
"United Kingdom","GBR",1980,3954,3954,0,0,0
"United Kingdom","GBR",1981,4419,4419,0,0,0
"United Kingdom","GBR",1982,4536,4536,0,0,0
"United Kingdom","GBR",1983,4536,4536,0,0,0
"United Kingdom","GBR",1984,1014637,4536,0,1010101,0
"United Kingdom","GBR",1985,1049643,39542,0,1010101,0
"United Kingdom","GBR",1986,1057784,47683,0,1010101,0
"United Kingdom","GBR",1987,41868,41868,0,0,0
"United Kingdom","GBR",1988,1058947,48846,0,1010101,0
"United Kingdom","GBR",1989,47692,47683,9,0,0
"United Kingdom","GBR",1990,57139,51172,9,0,5958
"United Kingdom","GBR",1991,52245,45357,9,0,6879
"United Kingdom","GBR",1992,62873,53498,33,0,9342
"United Kingdom","GBR",1993,44446,43031,217,0,1198
"United Kingdom","GBR",1994,66701,51172,344,0,15185
"United Kingdom","GBR",1995,21460,4652,392,0,16416
"United Kingdom","GBR",1996,358130,339596,488,0,18046
"United Kingdom","GBR",1997,461379,439614,667,0,21098
"United Kingdom","GBR",1998,51203562,51176143,877,0,26542
"United Kingdom","GBR",1999,5369974,5335597,85,1,34291
"United Kingdom","GBR",2000,50897218,50857453,946,1,38818
"United Kingdom","GBR",2001,4060141,4054648,965,2,4526
"United Kingdom","GBR",2002,47926909,47874846,1259,3,50801
"United Kingdom","GBR",2003,32340033,32277005,1288,3,61737
"United Kingdom","GBR",2004,48520187,48444605,1939,4,73639
"United Kingdom","GBR",2005,143172,49229,2912,8,91023
"United Kingdom","GBR",2006,46031083,45934067,4236,11,92769
"United Kingdom","GBR",2007,112835734,50773044,52738175,14,9324501
"United Kingdom","GBR",2008,21887729,5141186,7097248,17,9649278
"United Kingdom","GBR",2009,92275050,52278924,9280972,20000206,10714948
"United Kingdom","GBR",2010,58865142,35913758,10285645,402771,12262968
"United Kingdom","GBR",2011,54212281,569175,15962969,24366343,13313794
"United Kingdom","GBR",2012,35569413,5309068,1984712,13537636,14737997
"United Kingdom","GBR",2013,36919412,4701509,28397152,2010262,1810489
"United Kingdom","GBR",2014,101008963,5887849,31959244,40540624,22621246
"United Kingdom","GBR",2015,103791996,62972684,4027472,7532864,29258976
"United Kingdom","GBR",2016,131338732,53705845,37159424,10407928,30065535
"United Kingdom","GBR",2017,9358485,58818,4964115,1145724,3189828
"United Kingdom","GBR",2018,6222987,54433,5690761,126684,351109
"United Kingdom","GBR",2019,8060025,59329,6383489,1241805,375402
"United Kingdom","GBR",2020,1336246,68782,756231,125469,385764
"United Kingdom","GBR",2021,1224773,54184,649239,121285,400065
"United Kingdom","GBR",2022,1031274,56608,805425,133389,35852
"United Kingdom","GBR",2023,1051405,55376,823087,138844,34098
"United Kingdom","GBR",2024,1447059,57642,840578,147895,400944
"United States","USA",1965,33229641,19897409,0,0,13332232
"United States","USA",1966,16061376,1999369,0,0,14062007
"United States","USA",1967,36795652,22722081,0,0,14073571
"United States","USA",1968,38361516,22815471,0,0,15546045
"United States","USA",1969,27225559,25602853,0,0,1622706
"United States","USA",1970,41585140,25349237,0,0,16235903
"United States","USA",1971,16856668,272254,0,0,16584414
"United States","USA",1972,29738895,27871597,0,0,1867298
"United States","USA",1973,22771820,2782127,0,0,19989693
"United States","USA",1974,51132728,30728464,0,0,20404264
"United States","USA",1975,22816449,3062148,0,0,19754301
"United States","USA",1976,51546999,28982245,0,0,22564754
"United States","USA",1977,46121846,22585725,0,0,23536121
"United States","USA",1978,53311639,28632852,0,0,24678787
"United States","USA",1979,54349570,28593533,0,0,25756037
"United States","USA",1980,29476137,2820021,0,0,26656116
"United States","USA",1981,54028581,26650977,0,0,27377604
"United States","USA",1982,29560341,3155293,0,0,26405048
"United States","USA",1983,34435308,33867764,269495,3,298046
"United States","USA",1984,75439706,32758725,6555555,530101,35595325
"United States","USA",1985,81668708,28718237,5820202,10737374,36392895
"United States","USA",1986,51972716,29697498,4231313,14173738,3870167
"United States","USA",1987,49856605,2554102,3576768,1060303,42665432
"United States","USA",1988,75298183,22838464,879798,9185859,42394062
"United States","USA",1989,100191776,27472418,21333768,2531323,48854267
"United States","USA",1990,125629297,2922809,28167677,37079495,57459316
"United States","USA",1991,69377894,28732602,29807587,4782529,6055176
"United States","USA",1992,160009327,25142567,29166899,40884447,64815414
"United States","USA",1993,112495643,27925095,30361888,47516188,6692472
"United States","USA",1994,49066910,2593413,34819283,5018728,6635486
"United States","USA",1995,74555358,31121982,31962152,5144716,6326508
"United States","USA",1996,128039031,34754947,32667363,54134125,6482596
"United States","USA",1997,48681172,3559731,33212476,5326957,6582008
"United States","USA",1998,121799160,32208926,30562587,52465934,6561713
"United States","USA",1999,60330559,3166052,45333314,5183421,6647772
"United States","USA",2000,151359986,27276135,5649759,51851267,66582825
"United States","USA",2001,80501425,21024,68053846,5743511,6683044
"United States","USA",2002,49470538,25816757,10458869,6015976,7178936
"United States","USA",2003,41366902,26997098,1130047,6106543,7133214
"United States","USA",2004,117549856,26255466,14286607,69813246,7194537
"United States","USA",2005,126783098,26642773,17990454,74890065,7259806
"United States","USA",2006,116894698,285544,26857714,82443213,7308227
"United States","USA",2007,77443372,24304407,34797905,10954105,7386955
"United States","USA",2008,170909813,25105386,55922325,16330626,73551476
"United States","USA",2009,129861352,27153308,74632454,20759604,7315986
"United States","USA",2010,117325789,2572747,9560833,30130365,75061844
"United States","USA",2011,45139859,31609534,1213905,4738904,7577516
"United States","USA",2012,51434792,27403003,14224414,9037014,770361
"United States","USA",2013,125055566,26654984,1695351,16039696,80665535
"United States","USA",2014,81547262,25575058,18349019,29216162,8407023
"United States","USA",2015,37154210,24645312,192645,3942626,8373627
"United States","USA",2016,132581676,26376367,22928542,554202,82722565
"United States","USA",2017,48335150,29680646,2568714,7805758,8280032
"United States","USA",2018,40687052,2895146,27542166,9430808,818932
"United States","USA",2019,50014905,28546765,2988712,10797374,7682054
"United States","USA",2020,57598781,2827805,34135156,13204141,7431679
"United States","USA",2021,87098488,24896278,38201694,16608282,7392234
"United States","USA",2022,50943854,25127354,4386842,20714546,715112
"United States","USA",2023,59222994,24142657,4253953,24135051,6691333
"United States","USA",2024,124771214,23871255,4580345,30622928,65696686
"Upper-middle-income countries","REG",1965,15458015,15458014,0,0,1
"Upper-middle-income countries","REG",1966,17081770,17081648,0,0,122
"Upper-middle-income countries","REG",1967,16861066,16860893,0,0,173
"Upper-middle-income countries","REG",1968,19449927,19449748,0,0,179
"Upper-middle-income countries","REG",1969,21034985,21034807,0,0,178
"Upper-middle-income countries","REG",1970,9692719,2323386,0,0,7369333
"Upper-middle-income countries","REG",1971,25223461,24142075,0,0,1081386
"Upper-middle-income countries","REG",1972,37338785,25392809,0,0,11945976
"Upper-middle-income countries","REG",1973,16665127,2677421,0,0,13987706
"Upper-middle-income countries","REG",1974,31496153,29713998,0,0,1782155
"Upper-middle-income countries","REG",1975,5168901,3044733,0,0,2124168
"Upper-middle-income countries","REG",1976,24451952,3328948,0,0,21123004
"Upper-middle-income countries","REG",1977,60438342,36189856,0,0,24248486
"Upper-middle-income countries","REG",1978,64879742,39360574,0,0,25519168
"Upper-middle-income countries","REG",1979,76604170,42464136,0,0,34140034
"Upper-middle-income countries","REG",1980,7896047,4628521,0,0,3267526
"Upper-middle-income countries","REG",1981,8198562,4875921,0,0,3322641
"Upper-middle-income countries","REG",1982,8976015,5004567,0,0,3971448
"Upper-middle-income countries","REG",1983,53986051,5271747,0,0,48714304
"Upper-middle-income countries","REG",1984,106086728,57989056,0,0,48097672
"Upper-middle-income countries","REG",1985,47360260,42090128,0,0,5270132
"Upper-middle-income countries","REG",1986,11491786,4316263,0,0,7175523
"Upper-middle-income countries","REG",1987,54283421,45726917,0,0,8556504
"Upper-middle-income countries","REG",1988,13570277,4965942,0,0,8604335
"Upper-middle-income countries","REG",1989,59090892,50403558,0,0,8687334
"Upper-middle-income countries","REG",1990,66580392,52737573,3020202,3,10822614
"Upper-middle-income countries","REG",1991,16658030,5404121,10090909,4,1162996
"Upper-middle-income countries","REG",1992,26521652,56162,13231313,6,13234171
"Upper-middle-income countries","REG",1993,40966413,6204191,21312122,8,13450092
"Upper-middle-income countries","REG",1994,118200360,64803094,38883838,1,14513427
"Upper-middle-income countries","REG",1995,31591406,6935998,6231617,12,18423779
"Upper-middle-income countries","REG",1996,100705362,71314233,11195739,15,18195375
"Upper-middle-income countries","REG",1997,29900146,7283775,2291718,17,20324636
"Upper-middle-income countries","REG",1998,138175253,75302856,41709656,21017,21141724
"Upper-middle-income countries","REG",1999,88786251,7487321,58661836,24026,22613068
"Upper-middle-income countries","REG",2000,73266647,7894042,721357,40171012,24480236
"Upper-middle-income countries","REG",2001,49437809,8066722,9347529,5251175,26772383
"Upper-middle-income countries","REG",2002,29533596,8462065,10942787,7309825,2818919
"Upper-middle-income countries","REG",2003,52945856,8592715,12821237,9237,31522667
"Upper-middle-income countries","REG",2004,157978577,97351544,16344239,10852172,33430622
"Upper-middle-income countries","REG",2005,49889316,10455206,23612604,11962464,3859042
"Upper-middle-income countries","REG",2006,112944635,11233636,44315705,16028488,41366806
"Upper-middle-income countries","REG",2007,86670791,11821005,7054135,18208706,49586945
"Upper-middle-income countries","REG",2008,109551658,13337211,15747804,23205039,57261604
"Upper-middle-income countries","REG",2009,82025136,13187645,31350634,37418398,68459
"Upper-middle-income countries","REG",2010,187436687,14543765,5606234,83337134,83949554
"Upper-middle-income countries","REG",2011,21587807,1469359,8360173,2884572,8873703
"Upper-middle-income countries","REG",2012,235005272,16304484,118715935,4701848,95283005
"Upper-middle-income countries","REG",2013,54400922,16592904,15849849,11017924,10940245
"Upper-middle-income countries","REG",2014,34878246,177627,19094427,2781685,12824507
"Upper-middle-income countries","REG",2015,102078052,18272146,23398746,46308643,14098517
"Upper-middle-income countries","REG",2016,72777216,18959409,30829556,7634487,15353764
"Upper-middle-income countries","REG",2017,54279357,19270176,3873747,13386057,17749377
"Upper-middle-income countries","REG",2018,88957384,19787825,46055258,2047976,21066325
"Upper-middle-income countries","REG",2019,33283914,2096647,5212219,2683784,23291264
"Upper-middle-income countries","REG",2020,56829206,21235605,5953443,3225262,26414896
"Upper-middle-income countries","REG",2021,15392589,206125,8151936,4055276,2979252
"Upper-middle-income countries","REG",2022,19946529,2147531,9343102,5223544,3232352
"Upper-middle-income countries","REG",2023,102929520,20700754,10758953,71124805,345008
"Upper-middle-income countries","REG",2024,80100959,21948037,12041744,10025585,36085593
"Uzbekistan","UZB",1985,54314427,54314427,0,0,0
"Uzbekistan","UZB",1986,4618273,4618273,0,0,0
"Uzbekistan","UZB",1987,67705207,67705207,0,0,0
"Uzbekistan","UZB",1988,71638474,71638474,0,0,0
"Uzbekistan","UZB",1989,5502153,5502153,0,0,0
"Uzbekistan","UZB",1990,6648,6648,0,0,0
"Uzbekistan","UZB",1991,6031,6031,0,0,0
"Uzbekistan","UZB",1992,6281,6281,0,0,0
"Uzbekistan","UZB",1993,7358,7358,0,0,0
"Uzbekistan","UZB",1994,7156,7156,0,0,0
"Uzbekistan","UZB",1995,6188,6188,0,0,0
"Uzbekistan","UZB",1996,6525,6525,0,0,0
"Uzbekistan","UZB",1997,5777,5777,0,0,0
"Uzbekistan","UZB",1998,5758,5758,0,0,0
"Uzbekistan","UZB",1999,5692,5692,0,0,0
"Uzbekistan","UZB",2000,5879,5879,0,0,0
"Uzbekistan","UZB",2001,6017,6017,0,0,0
"Uzbekistan","UZB",2002,6186,6186,0,0,0
"Uzbekistan","UZB",2003,71548724,71548724,0,0,0
"Uzbekistan","UZB",2004,64934173,64934173,0,0,0
"Uzbekistan","UZB",2005,6875604,6875604,0,0,0
"Uzbekistan","UZB",2006,58497224,58497224,0,0,0
"Uzbekistan","UZB",2007,64571,64571,0,0,0
"Uzbekistan","UZB",2008,43859,43859,0,0,0
"Uzbekistan","UZB",2009,64833,64833,0,0,0
"Uzbekistan","UZB",2010,81921,81921,0,0,0
"Uzbekistan","UZB",2011,57213,57213,0,0,0
"Uzbekistan","UZB",2012,63549814,63549814,0,0,0
"Uzbekistan","UZB",2013,627,627,0,0,0
"Uzbekistan","UZB",2014,6185008,6185008,0,0,0
"Uzbekistan","UZB",2015,6020495,6020495,0,0,0
"Uzbekistan","UZB",2016,6864457,6859814,0,4643,0
"Uzbekistan","UZB",2017,7930182,7929553,0,629,0
"Uzbekistan","UZB",2018,65800,58973,0,6827,0
"Uzbekistan","UZB",2019,6469065,6462083,155,6827,0
"Uzbekistan","UZB",2020,11844921,4999217,0,6845704,0
"Uzbekistan","UZB",2021,550049,501016,12,49021,0
"Uzbekistan","UZB",2022,9671,5313,0,4358,0
"Uzbekistan","UZB",2023,76268,69972,72,6224,0
"Uzbekistan","UZB",2024,94985133,82,51873255,43111796,0
"Venezuela","VEN",1965,1369,1369,0,0,0
"Venezuela","VEN",1966,1395,1395,0,0,0
"Venezuela","VEN",1967,1636,1636,0,0,0
"Venezuela","VEN",1968,2748,2748,0,0,0
"Venezuela","VEN",1969,319,319,0,0,0
"Venezuela","VEN",1970,4104,4104,0,0,0
"Venezuela","VEN",1971,539,539,0,0,0
"Venezuela","VEN",1972,602,602,0,0,0
"Venezuela","VEN",1973,6225,6225,0,0,0
"Venezuela","VEN",1974,7707,7707,0,0,0
"Venezuela","VEN",1975,8931,8931,0,0,0
"Venezuela","VEN",1976,10578,10578,0,0,0
"Venezuela","VEN",1977,12163,12163,0,0,0
"Venezuela","VEN",1978,12232,12232,0,0,0
"Venezuela","VEN",1979,1424,1424,0,0,0
"Venezuela","VEN",1980,14587,14587,0,0,0
"Venezuela","VEN",1981,15088,15088,0,0,0
"Venezuela","VEN",1982,15814,15814,0,0,0
"Venezuela","VEN",1983,18063,18063,0,0,0
"Venezuela","VEN",1984,20243,20243,0,0,0
"Venezuela","VEN",1985,22648,22648,0,0,0
"Venezuela","VEN",1986,25159,25159,0,0,0
"Venezuela","VEN",1987,30843,30843,0,0,0
"Venezuela","VEN",1988,34203,34203,0,0,0
"Venezuela","VEN",1989,34666,34666,0,0,0
"Venezuela","VEN",1990,36983,36983,0,0,0
"Venezuela","VEN",1991,44542,44542,0,0,0
"Venezuela","VEN",1992,47271,47271,0,0,0
"Venezuela","VEN",1993,47478,47478,0,0,0
"Venezuela","VEN",1994,51284,51284,0,0,0
"Venezuela","VEN",1995,5145,5145,0,0,0
"Venezuela","VEN",1996,53847,53847,0,0,0
"Venezuela","VEN",1997,57268,57268,0,0,0
"Venezuela","VEN",1998,57923,57923,0,0,0
"Venezuela","VEN",1999,606,606,0,0,0
"Venezuela","VEN",2000,62886,62886,0,0,0
"Venezuela","VEN",2001,60441,60441,0,0,0
"Venezuela","VEN",2002,59534,59534,0,0,0
"Venezuela","VEN",2003,60532,60532,0,0,0
"Venezuela","VEN",2004,70075,70075,0,0,0
"Venezuela","VEN",2005,7708849,7708849,0,0,0
"Venezuela","VEN",2006,8141334,8141334,0,0,0
"Venezuela","VEN",2007,8303442,8303442,0,0,0
"Venezuela","VEN",2008,867129,867129,0,0,0
"Venezuela","VEN",2009,8583926,8583926,0,0,0
"Venezuela","VEN",2010,7666224,7665978,0,246,0
"Venezuela","VEN",2011,8315769,8315471,0,298,0
"Venezuela","VEN",2012,8174076,8173554,0,522,0
"Venezuela","VEN",2013,8158961,8149598,8827,536,0
"Venezuela","VEN",2014,9190316,8036382,1097215,55985,734
"Venezuela","VEN",2015,833544,747356,74664,5666,5858
"Venezuela","VEN",2016,6400601,6295822,97986,5684,1109
"Venezuela","VEN",2017,7105732,7003548,95649,4901,1634
"Venezuela","VEN",2018,6529378,6528189,429,351,409
"Venezuela","VEN",2019,689564,627894,60359,1311,0
"Venezuela","VEN",2020,27117361,6719002,19880213,1311,516835
"Venezuela","VEN",2021,26561057,6784536,19144934,11385,620202
"Venezuela","VEN",2022,7024777,6851177,162215,11385,0
"Venezuela","VEN",2023,25669242,7263774,17198404,1207064,0
"Venezuela","VEN",2024,26241429,7283675,17245522,1712232,0
"Vietnam","VNM",1965,34,34,0,0,0
"Vietnam","VNM",1966,39,39,0,0,0
"Vietnam","VNM",1967,43,43,0,0,0
"Vietnam","VNM",1968,48,48,0,0,0
"Vietnam","VNM",1969,54,54,0,0,0
"Vietnam","VNM",1970,6,6,0,0,0
"Vietnam","VNM",1971,614,614,0,0,0
"Vietnam","VNM",1972,422,422,0,0,0
"Vietnam","VNM",1973,42,42,0,0,0
"Vietnam","VNM",1974,42,42,0,0,0
"Vietnam","VNM",1975,5,5,0,0,0
"Vietnam","VNM",1976,557,557,0,0,0
"Vietnam","VNM",1977,6,6,0,0,0
"Vietnam","VNM",1978,8,8,0,0,0
"Vietnam","VNM",1979,1,1,0,0,0
"Vietnam","VNM",1980,1488,1488,0,0,0
"Vietnam","VNM",1981,1507,1507,0,0,0
"Vietnam","VNM",1982,156,156,0,0,0
"Vietnam","VNM",1983,1223,1223,0,0,0
"Vietnam","VNM",1984,1599,1599,0,0,0
"Vietnam","VNM",1985,1477,1477,0,0,0
"Vietnam","VNM",1986,1407,1407,0,0,0
"Vietnam","VNM",1987,1384,1384,0,0,0
"Vietnam","VNM",1988,1791,1791,0,0,0
"Vietnam","VNM",1989,3838,3838,0,0,0
"Vietnam","VNM",1990,5369,5369,0,0,0
"Vietnam","VNM",1991,6317,6317,0,0,0
"Vietnam","VNM",1992,7228,7228,0,0,0
"Vietnam","VNM",1993,7965,7965,0,0,0
"Vietnam","VNM",1994,9243,9243,0,0,0
"Vietnam","VNM",1995,10582,10582,0,0,0
"Vietnam","VNM",1996,12008,12008,0,0,0
"Vietnam","VNM",1997,11657,11657,0,0,0
"Vietnam","VNM",1998,11095,11095,0,0,0
"Vietnam","VNM",1999,13774,13774,0,0,0
"Vietnam","VNM",2000,14551,14551,0,0,0
"Vietnam","VNM",2001,1821,1821,0,0,0
"Vietnam","VNM",2002,18198,18198,0,0,0
"Vietnam","VNM",2003,18986,18986,0,0,0
"Vietnam","VNM",2004,17818,17818,0,0,0
"Vietnam","VNM",2005,16540,16535,0,0,5
"Vietnam","VNM",2006,19776,19711,0,0,65
"Vietnam","VNM",2007,22516,22437,0,0,79
"Vietnam","VNM",2008,26056,25984,17,0,55
"Vietnam","VNM",2009,30155,29977,116,0,62
"Vietnam","VNM",2010,2858795,2852437,407,5896,55
"Vietnam","VNM",2011,41082031,41075672,407,5896,56
"Vietnam","VNM",2012,5336897,5330537,407,5896,57
"Vietnam","VNM",2013,57826330,57819687,689,5896,58
"Vietnam","VNM",2014,62172353,62164936,689,6669,59
"Vietnam","VNM",2015,62920,56123,121,6669,7
"Vietnam","VNM",2016,64793,63941,201,529,122
"Vietnam","VNM",2017,16829,8594,35,7992,208
"Vietnam","VNM",2018,84078,83081,487,22,488
"Vietnam","VNM",2019,71694,66117,724,4818,35
"Vietnam","VNM",2020,84644,72867,982,10761,34
"Vietnam","VNM",2021,108197,78673,3341,26151,32
"Vietnam","VNM",2022,21635,9591,9091,2575,378
"Vietnam","VNM",2023,118767,80621,11586,25692,868
"Vietnam","VNM",2024,128364,88723,12747,25862,1032
"Western Africa (EI)","REG",1965,47769478,47769478,0,0,0
"Western Africa (EI)","REG",1966,93121475,93121475,0,0,0
"Western Africa (EI)","REG",1967,19343364,19343364,0,0,0
"Western Africa (EI)","REG",1968,3014785,3014785,0,0,0
"Western Africa (EI)","REG",1969,39912698,39912698,0,0,0
"Western Africa (EI)","REG",1970,46474504,46474504,0,0,0
"Western Africa (EI)","REG",1971,47643704,47643666,0,0,38
"Western Africa (EI)","REG",1972,5177091,5177053,0,0,38
"Western Africa (EI)","REG",1973,60653806,60653768,0,0,38
"Western Africa (EI)","REG",1974,6516136,6516097,0,0,39
"Western Africa (EI)","REG",1975,69217745,69217706,0,0,39
"Western Africa (EI)","REG",1976,7614428,7614389,0,0,39
"Western Africa (EI)","REG",1977,79343108,79343104,0,0,4
"Western Africa (EI)","REG",1978,70447292,70447288,0,0,4
"Western Africa (EI)","REG",1979,9512462,9512458,0,0,4
"Western Africa (EI)","REG",1980,9682,9678,0,0,4
"Western Africa (EI)","REG",1981,9728,9687,0,0,41
"Western Africa (EI)","REG",1982,9480,9439,0,0,41
"Western Africa (EI)","REG",1983,5777,5736,0,0,41
"Western Africa (EI)","REG",1984,5175,5133,0,0,42
"Western Africa (EI)","REG",1985,8255,8213,0,0,42
"Western Africa (EI)","REG",1986,10011,9969,0,0,42
"Western Africa (EI)","REG",1987,9810,9767,0,0,43
"Western Africa (EI)","REG",1988,10864,10821,0,0,43
"Western Africa (EI)","REG",1989,11784,11741,0,0,43
"Western Africa (EI)","REG",1990,11917183,11917091,0,0,92
"Western Africa (EI)","REG",1991,13887133,13887132,0,0,1
"Western Africa (EI)","REG",1992,14273307,14273202,0,0,105
"Western Africa (EI)","REG",1993,13667586,13667475,2,0,109
"Western Africa (EI)","REG",1994,13467895,13467728,54,0,113
"Western Africa (EI)","REG",1995,14168156,14167979,63,0,114
"Western Africa (EI)","REG",1996,14687980,14687782,71,0,127
"Western Africa (EI)","REG",1997,1502848,1502648,72,0,128
"Western Africa (EI)","REG",1998,11908551,11908342,76,0,133
"Western Africa (EI)","REG",1999,13960903,13960687,78,0,138
"Western Africa (EI)","REG",2000,14961164,14956968,79,2441,1676
"Western Africa (EI)","REG",2001,15355455,15349982,678,3019,1776
"Western Africa (EI)","REG",2002,18689319,16241856,6884,2438703,1876
"Western Africa (EI)","REG",2003,17913333,14431892,7399,3472286,1756
"Western Africa (EI)","REG",2004,43427840,16532358,843,459687,26434952
"Western Africa (EI)","REG",2005,24455092,16165274,8671,5516453,2764694
"Western Africa (EI)","REG",2006,50468687,14682668,9505,7405037,28371477
"Western Africa (EI)","REG",2007,25027359,13168417,8887,9052072,2797983
"Western Africa (EI)","REG",2008,53075558,15297708,7695,10312787,27457368
"Western Africa (EI)","REG",2009,27092815,15008674,74,12081631,2436
"Western Africa (EI)","REG",2010,1932222,1704404,54,25353,202411
"Western Africa (EI)","REG",2011,1981151,1726542,20549,39548,194512
"Western Africa (EI)","REG",2012,17966167,17663212,66189,48837,187929
"Western Africa (EI)","REG",2013,17429387,17075733,94281,78974,180399
"Western Africa (EI)","REG",2014,119534060,17866093,9486957,91986805,194205
"Western Africa (EI)","REG",2015,167637224,15962548,18304713,108038776,25331187
"Western Africa (EI)","REG",2016,83128184,18399588,180753,38930708,25617135
"Western Africa (EI)","REG",2017,83865953,1879208,17957069,29796928,34232748
"Western Africa (EI)","REG",2018,126910634,19940195,19212638,63376844,24380957
"Western Africa (EI)","REG",2019,153956539,22510422,23213577,80721617,27510923
"Western Africa (EI)","REG",2020,101723164,22443417,41647372,9032272,28600103
"Western Africa (EI)","REG",2021,134426109,24301472,60833126,11808537,37482974
"Western Africa (EI)","REG",2022,81661721,25705883,6020391,12994723,36940724
"Western Africa (EI)","REG",2023,90131586,27870361,9918646,15370903,36971676
"Western Africa (EI)","REG",2024,95191883,30010748,9951244,18157086,37072805
"World","OWID_WRL",1965,110305037,92319806,0,0,17985231
"World","OWID_WRL",1966,118187703,98381696,0,0,19806007
"World","OWID_WRL",1967,12056081,10057424,0,0,1998657
"World","OWID_WRL",1968,32712932,10592887,0,0,22120045
"World","OWID_WRL",1969,34475389,11217424,0,0,23257965
"World","OWID_WRL",1970,37448394,11746497,0,0,25701897
"World","OWID_WRL",1971,40160716,12272422,0,0,27888294
"World","OWID_WRL",1972,31173404,1284629,0,0,29888775
"World","OWID_WRL",1973,4512598,1303013,0,0,3209585
"World","OWID_WRL",1974,48601402,14312317,0,0,34289085
"World","OWID_WRL",1975,17970042,14488834,0,0,3481208
"World","OWID_WRL",1976,18310471,14431366,0,0,3879105
"World","OWID_WRL",1977,19005928,14916724,0,0,4089204
"World","OWID_WRL",1978,20473491,16143823,3,0,4329665
"World","OWID_WRL",1979,63451124,16951862,6,0,46499256
"World","OWID_WRL",1980,67034062,17316493,105,0,49717464
"World","OWID_WRL",1981,23037758,17689036,105,0,5348617
"World","OWID_WRL",1982,79718220,18009081,185,0,61708954
"World","OWID_WRL",1983,28892680,18777689,3279495,3,6835493
"World","OWID_WRL",1984,78115016,19413734,44755556,6311111,7634615
"World","OWID_WRL",1985,174462693,19792437,64220205,11747475,78702576
"World","OWID_WRL",1986,39617381,2006073,13883132,15183838,8544338
"World","OWID_WRL",1987,50081506,20331924,19537677,1060303,9151602
"World","OWID_WRL",1988,43911337,20983489,3315798,10195959,9416091
"World","OWID_WRL",1989,65274914,2087587,26497767,26222324,10467236
"World","OWID_WRL",1990,89030759,2158622,36324706,38824996,11722435
"World","OWID_WRL",1991,88920156,22085442,4086107,50522286,12226321
"World","OWID_WRL",1992,44597741,22083147,4732812,4665791,13115991
"World","OWID_WRL",1993,48232235,23413206,5704169,5566775,13548085
"World","OWID_WRL",1994,44309800,23559055,713173,5969829,14067743
"World","OWID_WRL",1995,89308024,2483389,8272123,63888276,14664236
"World","OWID_WRL",1996,83162449,2516815,9215601,69922996,1507037
"World","OWID_WRL",1997,61279504,25613557,12028216,7496558,16141173
"World","OWID_WRL",1998,29896285,25809333,1592926,811852,1682174
"World","OWID_WRL",1999,73949272,26004688,21226898,9052879,17664807
"World","OWID_WRL",2000,86949775,26466814,31409548,10581311,18492102
"World","OWID_WRL",2001,74386261,2578609,38380005,14220114,19207533
"World","OWID_WRL",2002,70146757,26261453,5238179,17970146,20676979
"World","OWID_WRL",2003,76925992,26229336,6328461,22525039,21843156
"World","OWID_WRL",2004,90016458,28165308,8561839,29681087,23608224
"World","OWID_WRL",2005,83951110,29112554,10462726,41821074,2554756
"World","OWID_WRL",2006,128330310,30222324,13350282,57550807,27206897
"World","OWID_WRL",2007,109608444,307241,1715046,78056073,29530084
"World","OWID_WRL",2008,41232761,3251593,22141243,12680596,3159329
"World","OWID_WRL",2009,96072795,32463337,27679733,2105927,33823798
"World","OWID_WRL",2010,140701330,34301125,34640906,33921192,37838107
"World","OWID_WRL",2011,85613151,34925762,4409265,6574349,39703775
"World","OWID_WRL",2012,71161629,3641434,53081085,10151597,4287513
"World","OWID_WRL",2013,70145271,3787994,6358524,13860948,46137805
"World","OWID_WRL",2014,134265221,38890725,70623956,19729445,5021095
"World","OWID_WRL",2015,47531715,38791655,831752,2565335,5342973
"World","OWID_WRL",2016,88059168,40159543,9626643,32801477,5471505
"World","OWID_WRL",2017,65844484,4068418,11425314,44588455,5762297
"World","OWID_WRL",2018,66600303,41885957,12711879,5755735,6246732
"World","OWID_WRL",2019,32052476,4242626,14222594,7065271,6521985
"World","OWID_WRL",2020,75009091,43591284,15957666,8572814,6887327
"World","OWID_WRL",2021,31368721,4293666,18606091,1052791,7416173
"World","OWID_WRL",2022,46276920,4334792,21101328,13226465,7614335
"World","OWID_WRL",2023,51713440,4260753,23227354,16508986,7716347
"World","OWID_WRL",2024,170000143,44529087,25110308,21117334,79243414
