Entity;Code;Year;Other renewables;Solar;Wind;Hydropower
Africa;;1965;0;0;0;13.905.635
Africa;;1966;0;0;0;15.510.004
Africa;;1967;0;0;0;16.190.636
Africa;;1968;0;0;0;18.938.341
Africa;;1969;0;0;0;2.210.089
Africa;;1970;0;0;0;2.763.043
Africa;;1971;0.164;0;0;26.013.391
Africa;;1972;0.165;0;0;29.633.196
Africa;;1973;0.17;0;0;31.345.707
Africa;;1974;0.175;0;0;35.667.076
Africa;;1975;0.172;0;0;3.771.797
Africa;;1976;0.185;0;0;41.797.634
Africa;;1977;0.189;0;0;4.592.877
Africa;;1978;0.195;0;0;4.630.694
Africa;;1979;0.201;0;0;4.956.523
Africa;;1980;0.207;0;0;48.311.783
Africa;;1981;0.218;0;0;50.192.905
Africa;;1982;0.236;0;0;50.206.238
Africa;;1983;0.23;0;0;4.524.716
Africa;;1984;0.234;0;0;44.489.975
Africa;;1985;0.269;0;0;49.449.684
Africa;;1986;0.659;0;0;51.145.374
Africa;;1987;0.658;0;0;4.905.646
Africa;;1988;0.626;0;0;53.593.456
Africa;;1989;0.617;0;0;56.276.215
Africa;;1990;0.80574995;0;0;57.254.658
Africa;;1991;0.8217477;0;0;6.065.149
Africa;;1992;0.85394657;0;0;5.786.029
Africa;;1993;0.94937193;0;0.002;56.682.507
Africa;;1994;0.84669536;0;0.0054;5.759.605
Africa;;1995;1.028.464;0;0.0063;5.975.028
Africa;;1996;12.678.369;0;0.0071;6.229.786
Africa;;1997;13.963.903;0;0.0072;63.831.898
Africa;;1998;1.724.236;0;0.0076;66.654.884
Africa;;1999;17.097.833;0;0.0198;70.684.265
Africa;;2000;22.749.128;0.012091;0.1755;7.530.208
Africa;;2001;23.482.146;0.015053;0.41558;80.910.614
Africa;;2002;23.121.176;0.016457712;0.443584;8.506.818
Africa;;2003;26.455.586;0.019282296;0.535599;82.617.035
Africa;;2004;30.130.265;0.02325488;0.7682815;8.722.669
Africa;;2005;30.694.032;0.027105464;0.7803882;8.884.313
Africa;;2006;38.381.698;0.03509121;0.852607;9.205.469
Africa;;2007;31.995.003;0.044129808;10.163.264;9.520.505
Africa;;2008;33.222.678;0.062506974;13.119.144;9.696.208
Africa;;2009;36.504.948;0.08354463;15.895.555;9.956.687
Africa;;2010;38.558.366;0.20111556;22.847.242;107.687.065
Africa;;2011;39.865.716;0.58679986;23.878.222;11.073.344
Africa;;2012;4.306.773;0.94917136;25.177.002;110.881.065
Africa;;2013;4.622.147;0.73769605;3.595.774;11.732.104
Africa;;2014;5.632.845;18.555.973;50.624.056;124.171.074
Africa;;2015;72.229.776;35.459.864;8.912.966;120.966.484
Africa;;2016;73.167.644;5.258.691;11.178.679;11.933.239
Africa;;2017;75.359.426;69.112.763;13.613.888;12.553.052
Africa;;2018;8.222.502;8.334.139;14.764.321;1.344.142
Africa;;2019;8.306;11.032.807;19.283.148;13.783.789
Africa;;2020;7.996.047;15.181.535;19.111.317;14.740.895
Africa;;2021;8.062.824;17.457.838;22.960.455;15.550.735
Africa;;2022;8.470.694;17.226.694;24.724.098;16.192.616
Africa;;2023;9.731.144;18.962.694;28.409.922;16.711.745
Africa;;2024;10.793.401;2.086.424;29.071.463;17.007.578
Africa (EI);;1965;0;0;0;13.905.635
Africa (EI);;1966;0;0;0;15.510.004
Africa (EI);;1967;0;0;0;16.190.636
Africa (EI);;1968;0;0;0;18.938.341
Africa (EI);;1969;0;0;0;2.210.089
Africa (EI);;1970;0;0;0;2.763.043
Africa (EI);;1971;0.164;0;0;26.013.391
Africa (EI);;1972;0.165;0;0;29.633.196
Africa (EI);;1973;0.17;0;0;31.345.707
Africa (EI);;1974;0.175;0;0;35.667.076
Africa (EI);;1975;0.172;0;0;3.771.797
Africa (EI);;1976;0.185;0;0;41.797.634
Africa (EI);;1977;0.189;0;0;4.592.877
Africa (EI);;1978;0.195;0;0;4.630.694
Africa (EI);;1979;0.201;0;0;4.956.523
Africa (EI);;1980;0.207;0;0;48.311.783
Africa (EI);;1981;0.218;0;0;50.192.905
Africa (EI);;1982;0.236;0;0;50.206.238
Africa (EI);;1983;0.23;0;0;4.524.716
Africa (EI);;1984;0.234;0;0;44.489.975
Africa (EI);;1985;0.269;0;0;49.449.684
Africa (EI);;1986;0.659;0;0;51.145.374
Africa (EI);;1987;0.658;0;0;4.905.646
Africa (EI);;1988;0.626;0;0;53.593.456
Africa (EI);;1989;0.617;0;0;56.276.215
Africa (EI);;1990;0.80574995;0;0;57.254.658
Africa (EI);;1991;0.8217477;0;0;6.065.149
Africa (EI);;1992;0.85394657;0;0;5.786.029
Africa (EI);;1993;0.94937193;0;0.002;56.682.507
Africa (EI);;1994;0.84669536;0;0.0054;5.759.605
Africa (EI);;1995;1.028.464;0;0.0063;5.975.028
Africa (EI);;1996;12.678.369;0;0.0071;6.229.786
Africa (EI);;1997;13.963.903;0;0.0072;63.831.898
Africa (EI);;1998;1.724.236;0;0.0076;66.654.884
Africa (EI);;1999;17.097.833;0;0.0198;70.684.265
Africa (EI);;2000;22.749.128;0.012091;0.1755;7.530.208
Africa (EI);;2001;23.482.146;0.015053;0.41558;80.910.614
Africa (EI);;2002;23.121.176;0.016457712;0.443584;8.506.818
Africa (EI);;2003;26.455.586;0.019282296;0.535599;82.617.035
Africa (EI);;2004;30.130.265;0.02325488;0.7682815;8.722.669
Africa (EI);;2005;30.694.032;0.027105464;0.7803882;8.884.313
Africa (EI);;2006;38.381.698;0.03509121;0.852607;9.205.469
Africa (EI);;2007;31.995.003;0.044129808;10.163.264;9.520.505
Africa (EI);;2008;33.222.678;0.062506974;13.119.144;9.696.208
Africa (EI);;2009;36.504.948;0.08354463;15.895.555;9.956.687
Africa (EI);;2010;38.558.366;0.20111556;22.847.242;107.687.065
Africa (EI);;2011;39.865.716;0.58679986;23.878.222;11.073.344
Africa (EI);;2012;4.306.773;0.94917136;25.177.002;110.881.065
Africa (EI);;2013;4.622.147;0.73769605;3.595.774;11.732.104
Africa (EI);;2014;5.632.845;18.555.973;50.624.056;124.171.074
Africa (EI);;2015;72.229.776;35.459.864;8.912.966;120.966.484
Africa (EI);;2016;73.167.644;5.258.691;11.178.679;11.933.239
Africa (EI);;2017;75.359.426;69.112.763;13.613.888;12.553.052
Africa (EI);;2018;8.222.502;8.334.139;14.764.321;1.344.142
Africa (EI);;2019;8.306;11.032.807;19.283.148;13.783.789
Africa (EI);;2020;7.996.047;15.181.535;19.111.317;14.740.895
Africa (EI);;2021;8.062.824;17.457.838;22.960.455;15.550.735
Africa (EI);;2022;8.470.694;17.226.694;24.724.098;16.192.616
Africa (EI);;2023;9.731.144;18.962.694;28.409.922;16.711.745
Africa (EI);;2024;10.793.401;2.086.424;29.071.463;17.007.578
Algeria;DZA;1965;0;0;0;0.4
Algeria;DZA;1966;0;0;0;0.355
Algeria;DZA;1967;0;0;0;0.41
Algeria;DZA;1968;0;0;0;0.563
Algeria;DZA;1969;0;0;0;0.361
Algeria;DZA;1970;0;0;0;0.58
Algeria;DZA;1971;0;0;0;0.33
Algeria;DZA;1972;0;0;0;0.495
Algeria;DZA;1973;0;0;0;0.752
Algeria;DZA;1974;0;0;0;0.497
Algeria;DZA;1975;0;0;0;0.328
Algeria;DZA;1976;0;0;0;0.389
Algeria;DZA;1977;0;0;0;0.269
Algeria;DZA;1978;0;0;0;0.25
Algeria;DZA;1979;0;0;0;0.291
Algeria;DZA;1980;0;0;0;0.257
Algeria;DZA;1981;0;0;0;0.366
Algeria;DZA;1982;0;0;0;0.479
Algeria;DZA;1983;0;0;0;0.235
Algeria;DZA;1984;0;0;0;0.452
Algeria;DZA;1985;0;0;0;0.646
Algeria;DZA;1986;0;0;0;0.25
Algeria;DZA;1987;0;0;0;0.499
Algeria;DZA;1988;0;0;0;0.183
Algeria;DZA;1989;0;0;0;0.226
Algeria;DZA;1990;0;0;0;0.135
Algeria;DZA;1991;0;0;0;0.293
Algeria;DZA;1992;0;0;0;0.199
Algeria;DZA;1993;0;0;0;0.353
Algeria;DZA;1994;0;0;0;0.166
Algeria;DZA;1995;0;0;0;0.193
Algeria;DZA;1996;0;0;0;0.135
Algeria;DZA;1997;0;0;0;0.075
Algeria;DZA;1998;0;0;0;0.215
Algeria;DZA;1999;0;0;0;0.203
Algeria;DZA;2000;0;0;0;0.054
Algeria;DZA;2001;0;0;0;0.069
Algeria;DZA;2002;0;0;0;0.057
Algeria;DZA;2003;0;0;0;0.265
Algeria;DZA;2004;0;0;0;0.251
Algeria;DZA;2005;0;0;0;0.5553
Algeria;DZA;2006;0;0;0;0.2176
Algeria;DZA;2007;0;0;0;0.226
Algeria;DZA;2008;0;0;0;0.283
Algeria;DZA;2009;0;0;0;0.342
Algeria;DZA;2010;0;0.0091;0;0.173
Algeria;DZA;2011;0;0.01811875;0;0.378
Algeria;DZA;2012;0;0.026723014;0;0.389
Algeria;DZA;2013;0;0.0286;0;0.099
Algeria;DZA;2014;0;0.06;0.001;0.193
Algeria;DZA;2015;0;0.058;0.019;0.145
Algeria;DZA;2016;0;0.245;0.019052055;0.072
Algeria;DZA;2017;0;0.504;0.019;0.056
Algeria;DZA;2018;0;0.603;0.01;0.117
Algeria;DZA;2019;0;0.615;0.01;0.152
Algeria;DZA;2020;0;0.685;0.0077;0.0496
Algeria;DZA;2021;0;0.664;0.0105;0.0093
Algeria;DZA;2022;0;0.649;0.016;0.016
Algeria;DZA;2023;0;0.684;0.016;0.029
Algeria;DZA;2024;0;0.685874;0.016043836;0.05118
Argentina;ARG;1965;0;0;0;12.251.163
Argentina;ARG;1966;0;0;0;12.409.302
Argentina;ARG;1967;0;0;0;12.706.977
Argentina;ARG;1968;0;0;0;14.976.745
Argentina;ARG;1969;0;0;0;13.432.558
Argentina;ARG;1970;0.05624185;0;0;15.571.272
Argentina;ARG;1971;0.05899074;0;0;15.461.483
Argentina;ARG;1972;0.07602739;0;0;15.026.463
Argentina;ARG;1973;0.05997025;0;0;29.974.296
Argentina;ARG;1974;0.06100323;0;0;4.994.663
Argentina;ARG;1975;0.063990325;0;0;51.947.746
Argentina;ARG;1976;0.060962547;0;0;5.014.902
Argentina;ARG;1977;0.064003065;0;0;57.667.804
Argentina;ARG;1978;0.06397281;0;0;77.466.183
Argentina;ARG;1979;0.09498376;0;0;10.656.913
Argentina;ARG;1980;0.09901763;0;0;15.140.881
Argentina;ARG;1981;0.08701801;0;0;14.684.794
Argentina;ARG;1982;0.1149734;0;0;17.592.196
Argentina;ARG;1983;0.15497561;0;0;1.841.851
Argentina;ARG;1984;0.11498845;0;0;19.877.867
Argentina;ARG;1985;0.12000641;0;0;20.653.124
Argentina;ARG;1986;0.123990245;0;0;21.030.247
Argentina;ARG;1987;0.1059863;0;0;21.912.518
Argentina;ARG;1988;0.12296129;0;0;15.259.144
Argentina;ARG;1989;0.10600155;0;0;13.187.393
Argentina;ARG;1990;0.13302182;0;0;17.713.175
Argentina;ARG;1991;0.1310081;0;0;15.869.253
Argentina;ARG;1992;0.12998593;0;0;1.916.509
Argentina;ARG;1993;0.09599508;0;0;23.768.307
Argentina;ARG;1994;0.0990044;0;0;27.286.676
Argentina;ARG;1995;0.119016126;0;0;26.503.681
Argentina;ARG;1996;0.22302064;0;0.009618;22.471.685
Argentina;ARG;1997;0.17875852;0;0.014592;27.924.665
Argentina;ARG;1998;0.20689325;0.000017;0.032541;26.475.504
Argentina;ARG;1999;0.26199996;0.000026;0.034781;21.396.791
Argentina;ARG;2000;0.3860283;0.000036;0.034758;28.575.241
Argentina;ARG;2001;0.36299825;0.000043;0.049361;36.580.173
Argentina;ARG;2002;0.5299802;0.000047;0.073405;35.778.835
Argentina;ARG;2003;0.88059855;0.000065;0.077954;33.800.575
Argentina;ARG;2004;0.86751235;0.00007;0.072446;30.462.402
Argentina;ARG;2005;0.9164998;0.000081;0.07171966;34.216.137
Argentina;ARG;2006;1.046.309;0.00009;0.06964;38.015.213
Argentina;ARG;2007;10.708.514;0.0001089;0.061593;3.122.015
Argentina;ARG;2008;12.059.801;0.0001437;0.04195108;31.199.696
Argentina;ARG;2009;11.889.358;0.000076084;0.036831528;34.618.187
Argentina;ARG;2010;13.773.632;0.00008589;0.025351606;3.335.991
Argentina;ARG;2011;13.895.167;0.001614;0.02659055;3.118.693
Argentina;ARG;2012;14.531.035;0.008172967;0.369862;291.644
Argentina;ARG;2013;15.269.085;0.015074079;0.45335487;32.771.378
Argentina;ARG;2014;1.482.826;0.015944;0.619491;32.416.695
Argentina;ARG;2015;14.873.712;0.014683;0.593335;3.233.747
Argentina;ARG;2016;117.702;0.014273;0.547359;29.752.789
Argentina;ARG;2017;14.616.984;0.016417;0.611567;31.594.284
Argentina;ARG;2018;14.172.236;0.10813;1.412.743;32.278.667
Argentina;ARG;2019;14.756.514;0.79969794;49.959.664;27.504.503
Argentina;ARG;2020;21.995.268;1.344.358;9.410.639;236.697
Argentina;ARG;2021;22.536.683;2.202.619;1.293.755;19.648.005
Argentina;ARG;2022;23.980.842;2.940.079;14.164.993;2.276.959
Argentina;ARG;2023;24.036.036;3.279.348;14.478.626;31.493.406
Argentina;ARG;2024;263.437;39.653.625;16.167.492;29.668.793
Asia;;1965;0.1;0;0;14.290.587
Asia;;1966;0.122;0;0;14.904.556
Asia;;1967;0.173;0;0;1.392.507
Asia;;1968;0.179;0;0;15.478.128
Asia;;1969;0.178;0;0;16.068.423
Asia;;1970;0.40870398;0;0;16.448.134
Asia;;1971;0.39761102;0;0;17.992.075
Asia;;1972;0.42359102;0;0;18.607.146
Asia;;1973;0.450998;0;0;17.298.293
Asia;;1974;0.514547;0;0;19.701.353
Asia;;1975;0.598507;0;0;21.223.686
Asia;;1976;0.528553;0;0;21.830.035
Asia;;1977;0.752774;0;0;21.444.467
Asia;;1978;0.967644;0;0;22.585.852
Asia;;1979;1.881.672;0;0;24.419.711
Asia;;1980;327.229;0;0;26.164.688
Asia;;1981;51.587.167;0;0;279.014
Asia;;1982;13.786.909;0;0;2.763.654
Asia;;1983;15.969.758;0;0;2.890.298
Asia;;1984;17.504.143;0;0;28.970.355
Asia;;1985;18.657.616;0;0;3.432.243
Asia;;1986;1.951.379;0;0;3.458.456
Asia;;1987;19.845.085;0;0;35.831.586
Asia;;1988;21.403.158;0;0;4.117.108
Asia;;1989;23.120.253;0;0;42.120.438
Asia;;1990;18.888.407;0.004;0.033323232;4.441.334
Asia;;1991;19.281.645;0.004;0.12300091;4.490.279
Asia;;1992;19.539.099;0.0155;0.22078313;4.522.898
Asia;;1993;19.352.427;0.028500002;0.3098508;5.026.904
Asia;;1994;22.948.118;0.036;0.578078;4.987.056
Asia;;1995;27.582.012;0.049510103;11.145.912;538.362
Asia;;1996;28.024.805;0.0725606;0.9768788;5.347.571
Asia;;1997;31.625.063;0.11636545;11.958.565;5.328.737
Asia;;1998;33.707.966;0.16731885;14.579.805;5.646.518
Asia;;1999;36.991.817;0.24566661;2.029.756;550.013
Asia;;2000;4.065.219;0.38029945;2.382.639;5.666.277
Asia;;2001;41.570.663;0.55250144;32.005.215;6.115.794
Asia;;2002;42.961.353;0.76870644;34.702.802;6.334.446
Asia;;2003;4.486.808;10.510.256;4.594.285;6.582.237
Asia;;2004;4.742.509;1.388.442;8.149.257;77.540.753
Asia;;2005;53.135.353;17.651.725;10.250.758;8.034.804
Asia;;2006;5.716.986;21.887.698;16.057.991;88.437.445
Asia;;2007;63.603.626;2.624.455;21.330.153;9.283.072
Asia;;2008;7.160.105;31.835.155;32.621.525;10.533.516
Asia;;2009;79.450.554;4.120.747;50.676.094;10.232.992
Asia;;2010;8.870.948;58.577.056;7.796.545;11.786.075
Asia;;2011;9.482.006;10.410.626;11.011.338;11.932.864
Asia;;2012;10.213.247;15.641;14.408.293;13.507.816
Asia;;2013;11.297.181;29.293.423;18.499.382;14.589.414
Asia;;2014;13.282.545;59.402.878;21.108.124;15.928.436
Asia;;2015;14.711.299;9.207.264;24.088.101;16.585.212
Asia;;2016;1.544.743;13.889.127;31.225.186;1.723.443
Asia;;2017;17.613.773;21.841.371;3.913.327;1.767.018
Asia;;2018;21.648.152;31.108.823;4.666.367;18.084.171
Asia;;2019;24.207.697;39.350.015;5.148.816;19.346.686
Asia;;2020;27.303.635;473.256;5.787.688;1.984.177
Asia;;2021;31.852.823;5.887.487;78.845.605;19.487.839
Asia;;2022;35.085.083;7.429.532;9.099.868;20.037.579
Asia;;2023;3.752.589;9.511.602;10.536.582;18.942.603
Asia;;2024;3.956.394;12.545.525;1.174.267;20.710.679
Asia Pacific (EI);;1965;1.644;0;0;15.608.955
Asia Pacific (EI);;1966;1.643;0;0;16.231.183
Asia Pacific (EI);;1967;1.424;0;0;15.286.674
Asia Pacific (EI);;1968;1.577;0;0;16.824.911
Asia Pacific (EI);;1969;1.608;0;0;1.741.638
Asia Pacific (EI);;1970;1.776.704;0;0;180.71
Asia Pacific (EI);;1971;1.754.611;0;0;19.945.708
Asia Pacific (EI);;1972;1.785.591;0;0;20.511.601
Asia Pacific (EI);;1973;1.834.998;0;0;19.401.163
Asia Pacific (EI);;1974;28.156.047;0;0;2.179.046
Asia Pacific (EI);;1975;29.736.698;0;0;23.244.424
Asia Pacific (EI);;1976;29.064;0;0;23.325.337
Asia Pacific (EI);;1977;2.941.779;0;0;22.703.831
Asia Pacific (EI);;1978;32.368.069;0;0;2.370.464
Asia Pacific (EI);;1979;4.032.256;0;0;25.698.187
Asia Pacific (EI);;1980;5.492.769;0;0;2.734.472
Asia Pacific (EI);;1981;73.913.007;0;0;28.972.968
Asia Pacific (EI);;1982;1.627.123;0;0;28.266.718
Asia Pacific (EI);;1983;18.387.142;0;0;29.934.137
Asia Pacific (EI);;1984;20.061.474;0;0;2.994.067
Asia Pacific (EI);;1985;21.117.823;0;0;3.200.436
Asia Pacific (EI);;1986;22.013.226;0;0;3.281.671
Asia Pacific (EI);;1987;22.335.085;0;0;3.268.953
Asia Pacific (EI);;1988;2.415.304;0;0;36.178.326
Asia Pacific (EI);;1989;26.445.786;0;0;38.804.254
Asia Pacific (EI);;1990;22.520.748;0.004;0.032323234;39.928.433
Asia Pacific (EI);;1991;23.003.275;0.00945;0.12200091;41.053.708
Asia Pacific (EI);;1992;23.161.722;0.0276;0.22047403;4.015.394
Asia Pacific (EI);;1993;23.106.512;0.0431;0.31183666;44.030.167
Asia Pacific (EI);;1994;26.589.262;0.0534;0.58358806;44.317.203
Asia Pacific (EI);;1995;31.123.774;0.0706601;11.216.013;48.329.416
Asia Pacific (EI);;1996;31.663.656;0.09816061;0.9912051;47.324.393
Asia Pacific (EI);;1997;35.291.695;0.14701545;121.395;47.594.223
Asia Pacific (EI);;1998;37.770.878;0.20291886;14.895.501;50.651.654
Asia Pacific (EI);;1999;41.467.632;0.2862666;20.532.491;50.008.252
Asia Pacific (EI);;2000;4.503.808;0.42704943;2.563.947;52.160.126
Asia Pacific (EI);;2001;4.561.932;0.6066514;35.174.093;5.703.791
Asia Pacific (EI);;2002;47.355.556;0.8270064;40.670.133;57.878.424
Asia Pacific (EI);;2003;4.966.291;11.142.256;53.408.756;59.422.736
Asia Pacific (EI);;2004;53.459.846;1.461.392;9.186.693;6.990.907
Asia Pacific (EI);;2005;60.680.496;18.492.225;12.019.194;72.792.053
Asia Pacific (EI);;2006;65.020.065;22.861.698;18.569.807;8.017.032
Asia Pacific (EI);;2007;71.872.055;27.415.109;24.603.132;8.521.108
Asia Pacific (EI);;2008;7.986.945;3.322.662;36.079.933;9.977.059
Asia Pacific (EI);;2009;8.708.184;43.803.086;54.848.034;96.800.934
Asia Pacific (EI);;2010;9.667.843;67.387.905;8.148.429;10.975.852
Asia Pacific (EI);;2011;10.318.171;12.229.151;113.551.254;1.117.724
Asia Pacific (EI);;2012;110.811.584;17.620.531;14.772.421;12.619.316
Asia Pacific (EI);;2013;12.142.429;32.450.928;18.847.281;13.699.811
Asia Pacific (EI);;2014;14.097.446;63.033.253;21.427.348;15.234.286
Asia Pacific (EI);;2015;1.547.685;96.215.004;24.300.316;15.659.032
Asia Pacific (EI);;2016;16.022.078;14.235.004;3.112.271;16.284.912
Asia Pacific (EI);;2017;18.003.268;22.050.873;38.754.724;16.720.555
Asia Pacific (EI);;2018;21.847.852;30.956.635;4.630.181;17.258.898
Asia Pacific (EI);;2019;24.164.255;39.115.356;5.123.253;17.911.537
Asia Pacific (EI);;2020;27.053.937;4.697.681;57.499.475;18.658.977
Asia Pacific (EI);;2021;31.337.137;5.849.851;7.816.103;18.645.795
Asia Pacific (EI);;2022;3.435.913;7.366.219;90.140.515;19.115.757
Asia Pacific (EI);;2023;36.668.423;9.329.683;10.455.613;17.941.885
Asia Pacific (EI);;2024;38.744.168;12.203.041;11.633.835;19.525.988
Australia;AUS;1965;0.296;0;0;7.689.756
Australia;AUS;1966;0.284;0;0;73.450.427
Australia;AUS;1967;0.29;0;0;76.057.873
Australia;AUS;1968;0.282;0;0;79.505.005
Australia;AUS;1969;0.281;0;0;8.684.121
Australia;AUS;1970;0.261;0;0;10.170.687
Australia;AUS;1971;0.263;0;0;11.507.442
Australia;AUS;1972;0.28;0;0;11.553.314
Australia;AUS;1973;0.338;0;0;12.285.839
Australia;AUS;1974;0.429;0;0;1.387.392
Australia;AUS;1975;0.489;0;0;14.887.801
Australia;AUS;1976;0.484;0;0;14.153.859
Australia;AUS;1977;0.429;0;0;1.354.395
Australia;AUS;1978;0.405;0;0;14.675.349
Australia;AUS;1979;0.418;0;0;14.246.056
Australia;AUS;1980;0.385;0;0;13.466.598
Australia;AUS;1981;0.404;0;0;138.663.435
Australia;AUS;1982;0.516;0;0;12.770.334
Australia;AUS;1983;0.431;0;0;12.123.648
Australia;AUS;1984;0.441;0;0;13.125.949
Australia;AUS;1985;0.456;0;0;13.940.511
Australia;AUS;1986;0.46;0;0;14.025.799
Australia;AUS;1987;0.47;0;0;13.613.796
Australia;AUS;1988;0.731;0;0;14.334.444
Australia;AUS;1989;0.81;0;0;14.253.669
Australia;AUS;1990;0.7595;0;0;147.595
Australia;AUS;1991;0.7195;0.00545;0;156.535
Australia;AUS;1992;0.67;0.0121;0;159.415
Australia;AUS;1993;0.67;0.0146;0.002;16.387
Australia;AUS;1994;0.6965;0.0174;0.0055;16.15
Australia;AUS;1995;0.8255;0.02115;0.007;15.631
Australia;AUS;1996;0.9465;0.0256;0.007;159.685
Australia;AUS;1997;0.997;0.03065;0.0075;159.525
Australia;AUS;1998;1.081;0.0356;0.018;15.798
Australia;AUS;1999;11.335;0.0406;0.043;162.815
Australia;AUS;2000;0.8895;0.04675;0.134;164.665
Australia;AUS;2001;0.7975;0.05415;0.287;161.235
Australia;AUS;2002;12.668;0.0583;0.53355;16.095
Australia;AUS;2003;16.918;0.0632;0.70405;1.621.055
Australia;AUS;2004;281.525;0.07295;0.795;1.568.665
Australia;AUS;2005;3.871;0.08405;129.905;154.657
Australia;AUS;2006;39.325;0.0975;21.621;149.451
Australia;AUS;2007;4.275;0.11375;28.521;1.304.895
Australia;AUS;2008;36.961;0.1392;345.845;1.181.515
Australia;AUS;2009;27.868;0.29024202;443.775;1.264.205
Australia;AUS;2010;244.155;0.97764826;4.985;13.746
Australia;AUS;2011;257.395;20.445.466;6.432;19.572
Australia;AUS;2012;309.785;2.412;7.725;17.036
Australia;AUS;2013;333.165;38.474;9.259;19.089
Australia;AUS;2014;3.546.362;4.952;9.777;14.484
Australia;AUS;2015;3.678.062;6.195.524;11.833.002;14.086.569
Australia;AUS;2016;3.627.513;74.397.755;13.039.705;17.629.421
Australia;AUS;2017;3.561.684;8.917.557;13.210.791;13.499.718
Australia;AUS;2018;3.588.149;12.332.082;16.261.955;17.311.361
Australia;AUS;2019;34.677.262;18.296.576;19.471.687;14.020.806
Australia;AUS;2020;34.104.242;23.844.542;22.606.892;14.420.956
Australia;AUS;2021;3.344.045;31.193.808;26.795.876;15.942.685
Australia;AUS;2022;3.186.586;37.544.098;300.503;16.660.759
Australia;AUS;2023;3.125.683;44.994.347;31.867.912;15.079.177
Australia;AUS;2024;2.986.051;5.021.239;32.738.106;12.849.578
Austria;AUT;1965;0;0;0;16.083
Austria;AUT;1966;0;0;0;17.331
Austria;AUT;1967;0;0;0;17.698
Austria;AUT;1968;0;0;0;18.185
Austria;AUT;1969;0;0;0;16.718
Austria;AUT;1970;0;0;0;212.897
Austria;AUT;1971;0;0;0;168.201
Austria;AUT;1972;0;0;0;172.876
Austria;AUT;1973;0;0;0;192.092
Austria;AUT;1974;0;0;0;227.122
Austria;AUT;1975;0;0;0;237.952
Austria;AUT;1976;0;0;0;205.656
Austria;AUT;1977;0;0;0;249.208
Austria;AUT;1978;0;0;0;249.408
Austria;AUT;1979;0;0;0;280.968
Austria;AUT;1980;0;0;0;291.099
Austria;AUT;1981;0;0;0;308.473
Austria;AUT;1982;0;0;0;308.963
Austria;AUT;1983;0;0;0;306.063
Austria;AUT;1984;0;0;0;26.849.564
Austria;AUT;1985;0.943327;0;0;30.775.146
Austria;AUT;1986;1.287.501;0;0;30.903.927
Austria;AUT;1987;0.905816;0;0;35.387.993
Austria;AUT;1988;104.696;0;0;3.530.409
Austria;AUT;1989;110.445;0;0;3.508.243
Austria;AUT;1990;1.142.485;0;0;31.509
Austria;AUT;1991;1.225.832;0;0;314.434
Austria;AUT;1992;1.329.164;0;0;348.484
Austria;AUT;1993;1.361.111;0.001;0;36.705.555
Austria;AUT;1994;1.210.555;0.001;0;357.075
Austria;AUT;1995;1.857.221;0.001;0.001;37.067.223
Austria;AUT;1996;1.589.444;0.001;0.005;3.421.611
Austria;AUT;1997;1.711.389;0.002;0.02;36.105.278
Austria;AUT;1998;1.842.777;0.002;0.045;37.163.334
Austria;AUT;1999;15.969.118;0.002;0.051;4.069.912
Austria;AUT;2000;15.282.793;0.003;0.067;4.183.565
Austria;AUT;2001;1.667.812;0.005;0.172;40.455.482
Austria;AUT;2002;1.520.444;0.009;0.203;40.227
Austria;AUT;2003;1.711.921;0.015;0.366;33.214.993
Austria;AUT;2004;205.973;0.018;0.924;36.762.283
Austria;AUT;2005;24.401.429;0.021018375;13.312.768;3.709.514
Austria;AUT;2006;32.547.655;0.022386875;1.752.793;35.656.086
Austria;AUT;2007;40.791.254;0.024238374;2.037.185;3.705.445
Austria;AUT;2008;4.177.986;0.03011991;20.112.574;3.832.949
Austria;AUT;2009;42.947.526;0.04891428;19.540.402;40.896.305
Austria;AUT;2010;4.500.126;0.08881314;20.639.138;3.836.342
Austria;AUT;2011;4.572.212;0.17406996;19.362.364;3.423.717
Austria;AUT;2012;4.691.266;0.33748305;2.462.029;438.477
Austria;AUT;2013;47.102.733;0.625974;31.532.316;4.201.672
Austria;AUT;2014;45.615.125;0.785246;3.845.768;41.007.236
Austria;AUT;2015;466.263;0.937098;4.840.343;37.156.864
Austria;AUT;2016;47.955.213;1.096.016;52.348.385;39.971.336
Austria;AUT;2017;4.933.439;1.268.971;65.715.113;3.829.375
Austria;AUT;2018;49.433.427;1.455.132;60.304.294;3.763.791
Austria;AUT;2019;46.682.663;1.702.093;74.500.766;4.082.597
Austria;AUT;2020;46.011.376;2.042.934;67.915.306;4.199.803
Austria;AUT;2021;4.479.689;2.773.905;6.740.042;3.888.971
Austria;AUT;2022;4.756.716;3.782.507;724.165;3.462.511
Austria;AUT;2023;4.558.207;6.394.811;8.036.705;40.672.634
Austria;AUT;2024;4.646.196;94.231.615;9.209.467;4.479.416
Azerbaijan;AZE;1985;0;0;0;13.125.618
Azerbaijan;AZE;1986;0;0;0;0.8043308
Azerbaijan;AZE;1987;0;0;0;0.8043308
Azerbaijan;AZE;1988;0;0;0;0.6982652
Azerbaijan;AZE;1989;0;0;0;0.6982652
Azerbaijan;AZE;1990;0;0;0;1.658
Azerbaijan;AZE;1991;0;0;0;17.593
Azerbaijan;AZE;1992;0;0;0;17.473
Azerbaijan;AZE;1993;0;0;0;2.426
Azerbaijan;AZE;1994;0;0;0;1.83
Azerbaijan;AZE;1995;0;0;0;1.556
Azerbaijan;AZE;1996;0;0;0;1.537
Azerbaijan;AZE;1997;0;0;0;1.712
Azerbaijan;AZE;1998;0;0;0;1.951
Azerbaijan;AZE;1999;0;0;0;1.506
Azerbaijan;AZE;2000;0;0;0;1.534
Azerbaijan;AZE;2001;0;0;0;1.301
Azerbaijan;AZE;2002;0;0;0;2.02
Azerbaijan;AZE;2003;0;0;0;2.47
Azerbaijan;AZE;2004;0;0;0;2.755
Azerbaijan;AZE;2005;0;0;0;30.094
Azerbaijan;AZE;2006;0;0;0;2.518
Azerbaijan;AZE;2007;0;0;0;2.364
Azerbaijan;AZE;2008;0;0;0;2.232
Azerbaijan;AZE;2009;0;0;0.0021;23.084
Azerbaijan;AZE;2010;0;0;0.0005;34.463
Azerbaijan;AZE;2011;0;0;0;26.758
Azerbaijan;AZE;2012;0;0;0;1.821
Azerbaijan;AZE;2013;0.067;0.0008;0.0008;14.891
Azerbaijan;AZE;2014;0.087;0.0029;0.0023;12.997
Azerbaijan;AZE;2015;0.0909;0.0046;0.0046;16.375
Azerbaijan;AZE;2016;0.08725;0.0353;0.0228;19.593
Azerbaijan;AZE;2017;0.08515;0.0372;0.0221;17.464
Azerbaijan;AZE;2018;0.0811;0.03926;0.0827;1.768
Azerbaijan;AZE;2019;0.09795;0.0442;0.1054;15.648
Azerbaijan;AZE;2020;0.1003;0.047;0.0961;10.695
Azerbaijan;AZE;2021;0.0966;0.0552;0.0914;12.773
Azerbaijan;AZE;2022;0.10265;0.0609;0.0833;15.957
Azerbaijan;AZE;2023;0.1115;0.0807;0.0554;17.634
Azerbaijan;AZE;2024;0.11625;0.5497;0.0509;291.346
Bangladesh;BGD;1965;0;0;0;0
Bangladesh;BGD;1966;0;0;0;0
Bangladesh;BGD;1967;0;0;0;0
Bangladesh;BGD;1968;0;0;0;0
Bangladesh;BGD;1969;0;0;0;0
Bangladesh;BGD;1970;0;0;0;0
Bangladesh;BGD;1971;0;0;0;0.175
Bangladesh;BGD;1972;0;0;0;0.175
Bangladesh;BGD;1973;0;0;0;0.331
Bangladesh;BGD;1974;0;0;0;0.243
Bangladesh;BGD;1975;0;0;0;0.436
Bangladesh;BGD;1976;0;0;0;0.494
Bangladesh;BGD;1977;0;0;0;0.437
Bangladesh;BGD;1978;0;0;0;0.506
Bangladesh;BGD;1979;0;0;0;0.587
Bangladesh;BGD;1980;0;0;0;0.583
Bangladesh;BGD;1981;0;0;0;0.625
Bangladesh;BGD;1982;0;0;0;0.523
Bangladesh;BGD;1983;0;0;0;0.662
Bangladesh;BGD;1984;0;0;0;0.897
Bangladesh;BGD;1985;0;0;0;0.739
Bangladesh;BGD;1986;0;0;0;0.45
Bangladesh;BGD;1987;0;0;0;0.517
Bangladesh;BGD;1988;0;0;0;0.675
Bangladesh;BGD;1989;0;0;0;0.92
Bangladesh;BGD;1990;0;0;0;0.884
Bangladesh;BGD;1991;0;0;0;0.838
Bangladesh;BGD;1992;0;0;0;0.796
Bangladesh;BGD;1993;0;0;0;0.608
Bangladesh;BGD;1994;0;0;0;0.847
Bangladesh;BGD;1995;0;0;0;0.372
Bangladesh;BGD;1996;0;0;0;0.739
Bangladesh;BGD;1997;0;0;0;0.719
Bangladesh;BGD;1998;0;0;0;0.865
Bangladesh;BGD;1999;0;0;0;0.833
Bangladesh;BGD;2000;0.04195;0.00001;0;0.749
Bangladesh;BGD;2001;0.0332;0.000014;0;0.993
Bangladesh;BGD;2002;0.0694;0.000066;0;0.749
Bangladesh;BGD;2003;0.06025;0.00085;0;0.749
Bangladesh;BGD;2004;0.04048;0.001914;0;0.749
Bangladesh;BGD;2005;0.03595;0.003402;0;0.749
Bangladesh;BGD;2006;0.045;0.005433;0.0016;0.749
Bangladesh;BGD;2007;0.05563;0.009047;0.0016;0.749
Bangladesh;BGD;2008;0.05533;0.015214;0.0029;0.95
Bangladesh;BGD;2009;0.02716;0.025104;0.0051;0.417
Bangladesh;BGD;2010;0.02122;0.044304;0.0051;0.729
Bangladesh;BGD;2011;0.03496;0.123639;0.0051;0.872
Bangladesh;BGD;2012;0.02462;0.155977;0.0051;0.777
Bangladesh;BGD;2013;0.0377;0.194296;0.005081;0.7283787
Bangladesh;BGD;2014;0.0452;0.231503;0.005081;0.56645346
Bangladesh;BGD;2015;0.02981;0.26592;0.005081;0.89814645
Bangladesh;BGD;2016;0.02343;0.219934;0.005081;0.8846326
Bangladesh;BGD;2017;0.04343;0.291528;0.005081;10.295.281
Bangladesh;BGD;2018;0.03093;0.314983;0.005081;0.8654111
Bangladesh;BGD;2019;0.03498;0.37403;0.005081;0.8230912
Bangladesh;BGD;2020;0.03511;0.458908;0.005094921;0.7006707
Bangladesh;BGD;2021;0.03199;0.612685;0.005081;0.6818673
Bangladesh;BGD;2022;0.01169;0.64830434;0.005081;0.77502656
Bangladesh;BGD;2023;0.01169;0.92508394;0.01658254;0.6835707
Bangladesh;BGD;2024;0.011722027;126.838;0.097183295;0.9938011
Belarus;BLR;1985;0;0;0;0.02
Belarus;BLR;1986;0;0;0;0.02
Belarus;BLR;1987;0;0;0;0.02
Belarus;BLR;1988;0;0;0;0.02
Belarus;BLR;1989;0;0;0;0.02
Belarus;BLR;1990;0;0;0;0.02
Belarus;BLR;1991;0;0;0;0.018
Belarus;BLR;1992;0;0;0;0.017
Belarus;BLR;1993;0;0;0;0.019
Belarus;BLR;1994;0;0;0;0.019
Belarus;BLR;1995;0;0;0;0.02
Belarus;BLR;1996;0;0;0;0.016
Belarus;BLR;1997;0;0;0;0.021
Belarus;BLR;1998;0;0;0;0.028
Belarus;BLR;1999;0;0;0;0.019
Belarus;BLR;2000;0;0;0;0.027
Belarus;BLR;2001;0;0;0;0.03
Belarus;BLR;2002;0;0;0;0.029
Belarus;BLR;2003;0;0;0;0.028
Belarus;BLR;2004;0;0;0.001010101;0.033
Belarus;BLR;2005;0;0;0.001;0.036
Belarus;BLR;2006;0.002;0;0.001;0.035
Belarus;BLR;2007;0.014;0;0.001;0.035
Belarus;BLR;2008;0.033;0;0.001;0.039
Belarus;BLR;2009;0.06;0;0.001;0.045
Belarus;BLR;2010;0.084;0;0.001;0.045
Belarus;BLR;2011;0.095;0;0.004;0.042
Belarus;BLR;2012;0.095;0;0.006;0.072
Belarus;BLR;2013;0.082;0.0004;0.008;0.138
Belarus;BLR;2014;0.079;0.002;0.009;0.121
Belarus;BLR;2015;0.094;0.009;0.039;0.111
Belarus;BLR;2016;0.094;0.026;0.073;0.142
Belarus;BLR;2017;0.106;0.089;0.097;0.406
Belarus;BLR;2018;0.109;0.118;0.099;0.324
Belarus;BLR;2019;0.11;0.179;0.166;0.351
Belarus;BLR;2020;0.268;0.17;0.185;0.4
Belarus;BLR;2021;0.5439;0.1738;0.168;0.371
Belarus;BLR;2022;0.5208;0.2087;0.1747112;0.37
Belarus;BLR;2023;0.5075;0.1533;0.17174067;0.3
Belarus;BLR;2024;0.5088904;0.14937954;0.17221119;0.2690252
Belgium;BEL;1965;0;0;0;0.272
Belgium;BEL;1966;0;0;0;0.299
Belgium;BEL;1967;0;0;0;0.238
Belgium;BEL;1968;0;0;0;0.244
Belgium;BEL;1969;0;0;0;0.23
Belgium;BEL;1970;0;0;0;0.246
Belgium;BEL;1971;0;0;0;0.134
Belgium;BEL;1972;0;0;0;0.18
Belgium;BEL;1973;0.116;0;0;0.171
Belgium;BEL;1974;0.108;0;0;0.24
Belgium;BEL;1975;0.083;0;0;0.183
Belgium;BEL;1976;0.057;0;0;0.109
Belgium;BEL;1977;0.247;0;0;0.224
Belgium;BEL;1978;0.26;0;0;0.223
Belgium;BEL;1979;0.315;0;0;0.234
Belgium;BEL;1980;0.3;0;0;0.278
Belgium;BEL;1981;0.291;0;0;0.381
Belgium;BEL;1982;0.046;0;0;0.333
Belgium;BEL;1983;0.022;0;0;0.336
Belgium;BEL;1984;0.024;0;0;0.351
Belgium;BEL;1985;0.053;0;0;0.287
Belgium;BEL;1986;0.119;0;0;0.343
Belgium;BEL;1987;0.142;0;0.006;0.429
Belgium;BEL;1988;0.18;0;0.008;0.359
Belgium;BEL;1989;0.191;0;0.007;0.305
Belgium;BEL;1990;0.282;0;0.007;0.266
Belgium;BEL;1991;0.299;0;0.008;0.229
Belgium;BEL;1992;0.267;0;0.009;0.341
Belgium;BEL;1993;0.245;0;0.008;0.254
Belgium;BEL;1994;0.245;0;0.009;0.346
Belgium;BEL;1995;0.321;0;0.009;0.338
Belgium;BEL;1996;0.314;0;0.008;0.239
Belgium;BEL;1997;0.275;0;0.008;0.305
Belgium;BEL;1998;0.359;0;0.011;0.389
Belgium;BEL;1999;0.496;0;0.013;0.341
Belgium;BEL;2000;0.568;0;0.016;0.46
Belgium;BEL;2001;0.597;0;0.037;0.441
Belgium;BEL;2002;0.721;0;0.057;0.36
Belgium;BEL;2003;0.857;0;0.088;0.247
Belgium;BEL;2004;1.037;0.001;0.142;0.317
Belgium;BEL;2005;1.59;0.001;0.227;0.288
Belgium;BEL;2006;2.225;0.002;0.366;0.359
Belgium;BEL;2007;2.6;0.006;0.491;0.389
Belgium;BEL;2008;3.329;0.042;0.637;0.41
Belgium;BEL;2009;3.949;0.166;0.996;0.328
Belgium;BEL;2010;44.667;0.5839;1.292;0.312
Belgium;BEL;2011;46.572;12.123;2.312;0.196
Belgium;BEL;2012;52.573;21.537;27.593;0.357
Belgium;BEL;2013;50.424;2.64;3.665;0.38
Belgium;BEL;2014;44.187;28.864;46.153;0.2922
Belgium;BEL;2015;55.047;30.565;5.574;0.3184
Belgium;BEL;2016;53.768;30.954;54.195;0.37
Belgium;BEL;2017;57.066;3.308;65.207;0.2701
Belgium;BEL;2018;54.125;39.035;75.741;0.2923
Belgium;BEL;2019;51.654;42.524;97.554;0.302
Belgium;BEL;2020;52.625;51.127;128.186;0.2669
Belgium;BEL;2021;4.703;56.227;119.976;0.4181
Belgium;BEL;2022;49.259;68.788;123.526;0.2711
Belgium;BEL;2023;38.024;7.82;154.439;0.4066
Belgium;BEL;2024;32.419.496;8.584.015;13.167.563;0.5289801
Brazil;BRA;1965;0;0;0;25.515
Brazil;BRA;1966;0;0;0;27.906
Brazil;BRA;1967;0;0;0;29.189
Brazil;BRA;1968;0;0;0;30.55
Brazil;BRA;1969;0;0;0;32.692
Brazil;BRA;1970;0.5146915;0;0;39.801
Brazil;BRA;1971;0.63339525;0;0;43.199
Brazil;BRA;1972;0.7165702;0;0;50.681
Brazil;BRA;1973;0.7508004;0;0;57.89
Brazil;BRA;1974;0.7851518;0;0;65.679
Brazil;BRA;1975;0.86717755;0;0;72.287
Brazil;BRA;1976;0.86433774;0;0;82.913
Brazil;BRA;1977;11.168.455;0;0;93.48
Brazil;BRA;1978;13.319.441;0;0;102.746
Brazil;BRA;1979;17.760.195;0;0;116.58
Brazil;BRA;1980;18.055.083;0;0;128.907
Brazil;BRA;1981;18.736.229;0;0;130.765
Brazil;BRA;1982;21.784.744;0;0;141.132
Brazil;BRA;1983;29.844.549;0;0;151.475
Brazil;BRA;1984;28.516.788;0;0;166.593
Brazil;BRA;1985;30.671.256;0;0;178.375
Brazil;BRA;1986;31.939.325;0;0;182.419
Brazil;BRA;1987;35.656.974;0;0;185.6
Brazil;BRA;1988;3.339.784;0;0;199.093
Brazil;BRA;1989;34.031.622;0;0;204.69
Brazil;BRA;1990;38.590.624;0;0;206.708
Brazil;BRA;1991;39.996.126;0;0;217.782
Brazil;BRA;1992;4.929.361;0;0;223.343
Brazil;BRA;1993;49.839.373;0;0;235.065
Brazil;BRA;1994;53.882.236;0;0;2.427.051
Brazil;BRA;1995;55.937.405;0;0;2.539.051
Brazil;BRA;1996;675.271;0;0.002;2.657.358
Brazil;BRA;1997;7.378.951;0;0.004;2.789.725
Brazil;BRA;1998;7.505.233;0;0.005;29.146.918
Brazil;BRA;1999;8.376.002;0;0.002;29.300.003
Brazil;BRA;2000;7.855.363;0;0.001;3.044.033
Brazil;BRA;2001;9.022.407;0;0.0349;267.876
Brazil;BRA;2002;10.270.147;0;0.061;2.860.922
Brazil;BRA;2003;11.939.463;0;0.061;305.616
Brazil;BRA;2004;12.515.056;0;0.061;3.207.969
Brazil;BRA;2005;13.643.077;0;0.0929;3.374.568
Brazil;BRA;2006;14.845.659;0;0.237;34.880.545
Brazil;BRA;2007;18.063.444;0;0.66278183;37.401.514
Brazil;BRA;2008;19.786.257;0;1.183;3.695.564
Brazil;BRA;2009;22.875.872;0;1.238;39.098.807
Brazil;BRA;2010;31.942.375;0;2.176.558;40.328.983
Brazil;BRA;2011;3.262.904;0;2.704.769;42.833.292
Brazil;BRA;2012;3.576.567;0.001615116;5.05;41.534.216
Brazil;BRA;2013;40.971.848;0.004793593;6.575.863;390.992
Brazil;BRA;2014;4.707.918;0.016081803;12.210.252;37.343.906
Brazil;BRA;2015;4.988.032;0.05891741;21.625.702;3.597.428
Brazil;BRA;2016;51.334.698;0.08526059;33.488.873;38.091.095
Brazil;BRA;2017;52.912.106;0.8318134;42.373.257;37.090.646
Brazil;BRA;2018;54.382.233;34.614.348;4.847.514;38.897.107
Brazil;BRA;2019;54.920.876;6.654.579;55.985.622;39.787.704
Brazil;BRA;2020;58.741.848;10.748.342;57.050.705;3.963.812
Brazil;BRA;2021;56.011.387;16.752.281;7.228.597;36.281.845
Brazil;BRA;2022;5.502.174;30.126.461;8.163.157;42.711.356
Brazil;BRA;2023;57.756.065;5.063.289;9.580.072;4.259.961
Brazil;BRA;2024;58.235.554;71.320.244;10.849.336;41.321.426
Bulgaria;BGR;1965;0;0;0;2
Bulgaria;BGR;1966;0;0;0;2.01
Bulgaria;BGR;1967;0;0;0;2.022
Bulgaria;BGR;1968;0;0;0;1.305
Bulgaria;BGR;1969;0;0;0;1.839
Bulgaria;BGR;1970;0;0;0;2.152
Bulgaria;BGR;1971;0;0;0;2.17
Bulgaria;BGR;1972;0;0;0;2.095
Bulgaria;BGR;1973;0;0;0;2.57
Bulgaria;BGR;1974;0;0;0;2.08
Bulgaria;BGR;1975;0;0;0;2.453
Bulgaria;BGR;1976;0;0;0;2.954
Bulgaria;BGR;1977;0;0;0;3.529
Bulgaria;BGR;1978;0;0;0;2.909
Bulgaria;BGR;1979;0;0;0;3.311
Bulgaria;BGR;1980;0;0;0;3.713
Bulgaria;BGR;1981;0;0;0;3.618
Bulgaria;BGR;1982;0;0;0;3.05
Bulgaria;BGR;1983;0;0;0;3.353
Bulgaria;BGR;1984;0;0;0;3.26
Bulgaria;BGR;1985;0;0;0;2.237
Bulgaria;BGR;1986;0;0;0;2.326
Bulgaria;BGR;1987;0;0;0;2.537
Bulgaria;BGR;1988;0;0;0;2.596
Bulgaria;BGR;1989;0;0;0;2.691
Bulgaria;BGR;1990;0;0;0;1.63
Bulgaria;BGR;1991;0;0;0;2.268
Bulgaria;BGR;1992;0;0;0;1.903
Bulgaria;BGR;1993;0;0;0;1.787
Bulgaria;BGR;1994;0;0;0;1.296
Bulgaria;BGR;1995;0;0;0;2.174
Bulgaria;BGR;1996;0;0;0;2.888
Bulgaria;BGR;1997;0;0;0;2.724
Bulgaria;BGR;1998;0;0;0;3.068
Bulgaria;BGR;1999;0;0;0;2.732
Bulgaria;BGR;2000;0;0;0;2.631
Bulgaria;BGR;2001;0;0;0;1.651
Bulgaria;BGR;2002;0;0;0;2.116
Bulgaria;BGR;2003;0;0;0;2.995
Bulgaria;BGR;2004;0;0;0.001;3.138.811
Bulgaria;BGR;2005;0;0;0.004587;4.297.428
Bulgaria;BGR;2006;0;0;0.020047;4.212.974
Bulgaria;BGR;2007;0;0.00006;0.046802;2.829.847
Bulgaria;BGR;2008;0.015532;0.000167;0.121758;279.271
Bulgaria;BGR;2009;0.007402;0.003267;0.237009;3.431.712
Bulgaria;BGR;2010;0.035239;0.014865;0.681369;5.031.341
Bulgaria;BGR;2011;0.055737;0.100862;0.861095;2.871.581
Bulgaria;BGR;2012;0.065827;0.778696;1.220.898;3.177.636
Bulgaria;BGR;2013;0.111713;1.391.987;1.373.512;4.036.138
Bulgaria;BGR;2014;0.200792;1.256.651;1.330.577;4.601.629
Bulgaria;BGR;2015;0.270185;1.381.661;1.451.511;5.654.542
Bulgaria;BGR;2016;0.353614;138.799;142.497;3.879.842
Bulgaria;BGR;2017;0.395981;140.297;1.504.064;2.828.103
Bulgaria;BGR;2018;1.572.966;1.342.788;1.318.123;5.146.578
Bulgaria;BGR;2019;1.820.811;1.417.286;1.316.988;2.929.499
Bulgaria;BGR;2020;1.699.341;146.872;1.477.131;2.820.398
Bulgaria;BGR;2021;2.588.892;1.466.598;1.433.561;4.819.205
Bulgaria;BGR;2022;2.243.594;2.093.838;1.499.125;3.803.279
Bulgaria;BGR;2023;1.874.002;3.520.709;1.583.852;3.080.132
Bulgaria;BGR;2024;1.721.178;54.212.894;13.770.839;28.774.345
CIS (EI);;1965;0;0;0;81.434
CIS (EI);;1966;0;0;0;91.823
CIS (EI);;1967;0;0;0;88.571
CIS (EI);;1968;0;0;0;104.04
CIS (EI);;1969;0;0;0;115.181
CIS (EI);;1970;0;0;0;124.377
CIS (EI);;1971;0;0;0;126.099
CIS (EI);;1972;0;0;0;122.899
CIS (EI);;1973;0;0;0;122.345
CIS (EI);;1974;0;0;0;132.03
CIS (EI);;1975;0;0;0;125.987
CIS (EI);;1976;0;0;0;135.735
CIS (EI);;1977;0;0;0;147.014
CIS (EI);;1978;0;0;0;169.701
CIS (EI);;1979;0;0;0;172.023
CIS (EI);;1980;0;0;0;183.938
CIS (EI);;1981;0;0;0;186.744
CIS (EI);;1982;0;0;0;174.677
CIS (EI);;1983;0;0;0;180.362
CIS (EI);;1984;0;0;0;202.988
CIS (EI);;1985;0;0;0;19.409.212
CIS (EI);;1986;0;0;0;19.520.139
CIS (EI);;1987;0;0;0;19.697.798
CIS (EI);;1988;0;0;0;20.491.965
CIS (EI);;1989;0;0;0;19.915.674
CIS (EI);;1990;0.065;0;0;2.112.386
CIS (EI);;1991;0.065;0;0;2.114.583
CIS (EI);;1992;0.063;0;0;2.160.005
CIS (EI);;1993;0.06;0;0;222.579
CIS (EI);;1994;0.061;0;0;226.33
CIS (EI);;1995;0.059;0;0;2.203.152
CIS (EI);;1996;0.057;0;0;198.816
CIS (EI);;1997;0.057;0;0;197.854
CIS (EI);;1998;0.058;0;0;198.338
CIS (EI);;1999;0.058;0;0;203.164
CIS (EI);;2000;0.0791;0;0.0019;2.084.302
CIS (EI);;2001;0.1141;0;0.0031;21.730.629
CIS (EI);;2002;0.1733;0;0.0062;2.073.237
CIS (EI);;2003;0.3658;0;0.0086;20.571.356
CIS (EI);;2004;0.4498;0;0.008010101;22.578.754
CIS (EI);;2005;0.4513;0;0.0078;22.352.153
CIS (EI);;2006;0.5077;0;0.0088;22.201.114
CIS (EI);;2007;0.4985;0;0.0105;22.740.926
CIS (EI);;2008;0.5219;0;0.0081;20.766.689
CIS (EI);;2009;0.5574;0.000007375;0.0112;21.831.866
CIS (EI);;2010;0.620914;0.000240125;0.009786;21.683.788
CIS (EI);;2011;0.652208;0.00182275;0.012539;21.274.788
CIS (EI);;2012;0.597849;0.006337759;0.018116;2.130.366
CIS (EI);;2013;0.634027;0.0188439;0.0211217;22.943.721
CIS (EI);;2014;0.7334;0.17737725;0.1256712;2.211.444
CIS (EI);;2015;0.681576;0.41103974;0.3290593;21.542.581
CIS (EI);;2016;0.643359;0.6403929;0.5239033;2.358.683
CIS (EI);;2017;0.7358222;0.78623927;0.6069637;24.034.909
CIS (EI);;2018;0.7271844;0.95261437;0.8290751;24.431.325
CIS (EI);;2019;0.7824661;16.847.017;13.551.434;24.845.114
CIS (EI);;2020;12.186.058;33.986.995;25.006.814;2.627.033
CIS (EI);;2021;14.961.333;44.073.343;46.706.047;2.647.783
CIS (EI);;2022;14.971.987;5.468.002;6.912.701;24.820.709
CIS (EI);;2023;14.855.243;6.236.691;8.957.561;2.533.551
CIS (EI);;2024;14.711.701;10.931.886;10.443.423;2.692.493
Canada;CAN;1965;0;0;0;118.088
Canada;CAN;1966;0;0;0;131
Canada;CAN;1967;0;0;0;133.924
Canada;CAN;1968;0;0;0;136.2
Canada;CAN;1969;0;0;0;150.638
Canada;CAN;1970;0;0;0;158.137
Canada;CAN;1971;0;0;0;162.461
Canada;CAN;1972;0;0;0;181.639
Canada;CAN;1973;0;0;0;194.654
Canada;CAN;1974;0;0;0;210.667
Canada;CAN;1975;0;0;0;202.47
Canada;CAN;1976;0.707;0;0;212.689
Canada;CAN;1977;1.069;0;0;220.147
Canada;CAN;1978;1.132;0;0;235.254
Canada;CAN;1979;1.345;0;0;244.121
Canada;CAN;1980;1.3;0;0;251.148
Canada;CAN;1981;1.898;0;0;266.015
Canada;CAN;1982;2.139;0;0;257.795
Canada;CAN;1983;2.085;0;0;265.952
Canada;CAN;1984;2.337;0;0;286.123
Canada;CAN;1985;1.677;0;0.001;303.645
Canada;CAN;1986;1.865;0;0.001;310.635
Canada;CAN;1987;2.312;0;0.001;316.206
Canada;CAN;1988;2.485;0;0.001;307.435
Canada;CAN;1989;3.477;0;0.001;29.044.974
Canada;CAN;1990;3.954;0;0.001919192;29.568.332
Canada;CAN;1991;3.984;0;0.001919192;307.276
Canada;CAN;1992;4.465;0.002052632;0.059;31.517.465
Canada;CAN;1993;4.817;0.002052632;0.059;3.222.139
Canada;CAN;1994;5.733;0.002052632;0.059;3.278.556
Canada;CAN;1995;7.137.866;0.003842105;0.059;33.405.972
Canada;CAN;1996;7.528.515;0.005894737;0.062;35.459.207
Canada;CAN;1997;816.822;0.006947368;0.062;34.867.963
Canada;CAN;1998;8.987.254;0.010105263;0.062;33.086.993
Canada;CAN;1999;8.943.149;0.013263158;0.162;3.450.008
Canada;CAN;2000;8.917.043;0.016421054;0.264;35.676.007
Canada;CAN;2001;967.215;0.019578947;0.329;33.152.103
Canada;CAN;2002;10.046.104;0.022736842;0.405;34.927.463
Canada;CAN;2003;94.172.945;0.022789475;0.69;33.613.937
Canada;CAN;2004;9.804.526;0.014263158;0.945;33.839.835
Canada;CAN;2005;9.155.414;0.017;15.674.546;36.195.575
Canada;CAN;2006;8.938.046;0.021;24.730.656;3.528.873
Canada;CAN;2007;8.991.077;0.026;30.072.787;36.762.146
Canada;CAN;2008;7.978.966;0.035;37.885.141;37.748.773
Canada;CAN;2009;8.942.057;0.109;66.416.516;3.686.874
Canada;CAN;2010;10.297.558;0.25555557;8.724.192;3.513.848
Canada;CAN;2011;10.213.784;0.5717152;10.188.574;37.572.372
Canada;CAN;2012;10.913.819;0.88080704;11.311.488;38.026.715
Canada;CAN;2013;1.103.561;14.989.899;11.145.443;39.178.888
Canada;CAN;2014;9.795.245;2.120.201;1.281.707;38.250.137
Canada;CAN;2015;9.987.179;28.949.516;2.696.639;38.219.327
Canada;CAN;2016;11.359.523;30.050.516;30.933.117;38.543.243
Canada;CAN;2017;11.145.218;33.090.918;31.513.615;39.458.737
Canada;CAN;2018;10.541.605;34.919.193;3.347.136;38.589.395
Canada;CAN;2019;10.307.284;37.525.241;32.875.572;38.177.032
Canada;CAN;2020;10.405.078;4.071.718;3.576.448;38.654.474
Canada;CAN;2021;1.054.888;51.141.415;3.729.677;3.824.294
Canada;CAN;2022;951.923;5.737.375;3.947.773;39.772.525
Canada;CAN;2023;9.801.047;83.973.875;4.051.046;36.073.584
Canada;CAN;2024;9.831.747;9.416.499;4.682.984;3.431.973
Central America (EI);;1965;0;0;0;1.356
Central America (EI);;1966;0;0;0;1.493
Central America (EI);;1967;0;0;0;1.686
Central America (EI);;1968;0;0;0;1.865
Central America (EI);;1969;0;0;0;2.065
Central America (EI);;1970;0;0;0;23.407
Central America (EI);;1971;0.107;0;0;23.249
Central America (EI);;1972;0.141;0;0;24.749
Central America (EI);;1973;0.117;0;0;26.368
Central America (EI);;1974;0.156;0;0;29.355
Central America (EI);;1975;0.338;0;0;27.535
Central America (EI);;1976;0.724;0;0;29.213
Central America (EI);;1977;0.699;0;0;29.274
Central America (EI);;1978;0.752;0;0;39.839
Central America (EI);;1979;0.642;0;0;48.552
Central America (EI);;1980;0.68210524;0;0;55.565
Central America (EI);;1981;11.091.052;0;0;57.702
Central America (EI);;1982;11.981.052;0;0;55.823
Central America (EI);;1983;10.261.053;0;0;61.957
Central America (EI);;1984;12.371.053;0;0;69.695
Central America (EI);;1985;0.93699;0;0;797.932
Central America (EI);;1986;0.86075;0;0;932.351
Central America (EI);;1987;0.910516;0;0;9.683.975
Central America (EI);;1988;0.883962;0;0;10.314.301
Central America (EI);;1989;1.171.867;0;0;11.134.195
Central America (EI);;1990;12.207.556;0;0;11.642.524
Central America (EI);;1991;13.350.639;0;0;11.327.269
Central America (EI);;1992;18.216.531;0;0;10.786.794
Central America (EI);;1993;172.201;0;0;1.202.355
Central America (EI);;1994;16.930.572;0;0;11.615.682
Central America (EI);;1995;17.508.389;0;0;11.462.188
Central America (EI);;1996;17.394.253;0;0.022590363;13.225.812
Central America (EI);;1997;18.508.323;0;0.07571247;12.765.684
Central America (EI);;1998;16.143.209;0;0.06420843;12.849.074
Central America (EI);;1999;24.137.015;0;0.09965608;14.995.346
Central America (EI);;2000;28.056.178;0;0.17497908;1.536.546
Central America (EI);;2001;3.053.275;0;0.1794242;13.711.556
Central America (EI);;2002;3.326.333;0;0.25431436;14.461.675
Central America (EI);;2003;35.462.368;0;0.23022385;1.509.187
Central America (EI);;2004;37.201.746;0;0.25543404;16.035.534
Central America (EI);;2005;4.018.037;0.000544388;0.20231311;17.165.888
Central America (EI);;2006;43.257.513;0.000647665;0.27216262;17.985.403
Central America (EI);;2007;47.871.113;0.000657647;0.2403967;17.931.458
Central America (EI);;2008;4.950.512;0.00066069;0.1980772;20.063.591
Central America (EI);;2009;5.332.244;0.00073434;0.42138657;18.846.294
Central America (EI);;2010;58.775.225;0.001016093;0.5218728;2.129.564
Central America (EI);;2011;60.416.555;0.002763066;0.7414571;20.971.743
Central America (EI);;2012;67.914.624;0.003699224;11.307.395;22.436.157
Central America (EI);;2013;73.476.653;0.008117929;1.358.014;21.882.591
Central America (EI);;2014;77.964.163;0.027093828;209.536;21.564.657
Central America (EI);;2015;8.007.268;0.6193744;3.135.376;22.508.923
Central America (EI);;2016;8.675.935;12.095.444;32.997.935;2.277.873
Central America (EI);;2017;8.383.115;1.502.031;32.116.377;27.113.485
Central America (EI);;2018;8.987.174;18.502.003;4.437.374;26.841.684
Central America (EI);;2019;10.161.045;22.799.227;44.012.604;21.584.106
Central America (EI);;2020;9.881.375;26.554.115;36.292.615;26.934.862
Central America (EI);;2021;10.196.074;31.221.504;39.908.788;29.845.736
Central America (EI);;2022;97.545.805;3.169.172;36.460.645;31.432.276
Central America (EI);;2023;9.917.536;35.487.719;42.997.856;253.933
Central America (EI);;2024;9.754.739;38.928.332;3.546.999;28.640.312
Chile;CHL;1965;0;0;0;3.954
Chile;CHL;1966;0;0;0;4.168
Chile;CHL;1967;0;0;0;4.255
Chile;CHL;1968;0;0;0;3.565
Chile;CHL;1969;0;0;0;4.024
Chile;CHL;1970;0;0;0;4.307
Chile;CHL;1971;0.066;0;0;4.809
Chile;CHL;1972;0.057;0;0;5.73
Chile;CHL;1973;0.051;0;0;5.595
Chile;CHL;1974;0.046;0;0;6.364
Chile;CHL;1975;0.051;0;0;6.388
Chile;CHL;1976;0.073;0;0;6.599
Chile;CHL;1977;0.08;0;0;6.969
Chile;CHL;1978;0.091;0;0;7.251
Chile;CHL;1979;0.094;0;0;7.448
Chile;CHL;1980;0.105;0;0;7.871
Chile;CHL;1981;0.11;0;0;8.15
Chile;CHL;1982;0.137;0;0;8.914
Chile;CHL;1983;0.208;0;0;9.613
Chile;CHL;1984;0.201;0;0;9.975
Chile;CHL;1985;0.195;0;0;11.07
Chile;CHL;1986;0.28;0;0;11.83
Chile;CHL;1987;0.271;0;0;12.823
Chile;CHL;1988;0.327;0;0;12.558
Chile;CHL;1989;0.321;0;0;10.543
Chile;CHL;1990;0.963;0;0;8.941.428
Chile;CHL;1991;1.033;0;0;13.135.654
Chile;CHL;1992;1.743;0;0;1.674.015
Chile;CHL;1993;1.75;0;0;17.217.321
Chile;CHL;1994;1.786;0;0;16.985.472
Chile;CHL;1995;1.879;0;0;18.413.738
Chile;CHL;1996;1.738;0;0;16.873.468
Chile;CHL;1997;1.743;0;0;18.943.148
Chile;CHL;1998;1.161;0;0;15.937.255
Chile;CHL;1999;1.45;0;0;13.577
Chile;CHL;2000;1.375;0;0;19.081
Chile;CHL;2001;1.683;0;0.007;21.68
Chile;CHL;2002;1.781;0;0.007;23.187
Chile;CHL;2003;1.695;0;0.007;22.603
Chile;CHL;2004;2.031;0;0.005;20.969.337
Chile;CHL;2005;1.79;0;0.007;255.755
Chile;CHL;2006;1.431;0;0.007;2.821.505
Chile;CHL;2007;2.696;0;0.0112;2.233.486
Chile;CHL;2008;35.882.213;0;0.03812314;24.266.146
Chile;CHL;2009;3.391.682;0;0.07901422;2.517.931
Chile;CHL;2010;34.124.773;0;0.325326;21.759.474
Chile;CHL;2011;4.314.426;0;0.33759564;20.510.006
Chile;CHL;2012;59.831.734;0.00034039;0.40838745;20.162.024
Chile;CHL;2013;6.896.006;0.00675656;0.5450756;19.907.211
Chile;CHL;2014;4.989.873;0.458713;14.431.201;23.045.078
Chile;CHL;2015;55.661.297;13.601.003;2.114.648;23.621.508
Chile;CHL;2016;6.722.216;25.502.636;24.518.394;19.690.727
Chile;CHL;2017;74.493.103;38.959.484;36.255.593;21.325.731
Chile;CHL;2018;9.157.252;5.118.721;35.878.947;2.336.677
Chile;CHL;2019;7.931.265;6.300.226;4.895.221;21.440.327
Chile;CHL;2020;7.151.853;76.148.434;56.023.026;21.720.932
Chile;CHL;2021;657.354;10.750.199;7.628.098;18.072.273
Chile;CHL;2022;60.717.387;15.713.686;889.331;20.387.756
Chile;CHL;2023;75.315.537;18.437.656;9.390.953;23.385.221
Chile;CHL;2024;7.628.073;20.655.298;10.509.565;26.483.824
China;CHN;1965;0;0;0;22.097
China;CHN;1966;0;0;0;22.485.907
China;CHN;1967;0;0;0;19.383.488
China;CHN;1968;0;0;0;22.870.396
China;CHN;1969;0;0;0;23.259.302
China;CHN;1970;0;0;0;24.037.117
China;CHN;1971;0;0;0;29.075.233
China;CHN;1972;0;0;0;32.951.046
China;CHN;1973;0;0;0;3.682.686
China;CHN;1974;0;0;0;41.674.942
China;CHN;1975;0;0;0;43.610.638
China;CHN;1976;0;0;0;44.194
China;CHN;1977;0;0;0;46.134.117
China;CHN;1978;0;0;0;4.322.615
China;CHN;1979;0;0;0;48.555.946
China;CHN;1980;0;0;0;58.221.176
China;CHN;1981;0;0;0;6.551.318
China;CHN;1982;0;0;0;7.441.386
China;CHN;1983;0;0;0;8.641.695
China;CHN;1984;0;0;0;868.147
China;CHN;1985;0;0;0;9.238.756
China;CHN;1986;0;0;0;94.548.645
China;CHN;1987;0;0;0;10.002.428
China;CHN;1988;0;0;0;10.916.802
China;CHN;1989;0;0;0;11.840.898
China;CHN;1990;0.064;0.002;0.002020202;12.674.397
China;CHN;1991;0.064;0.002;0.009090909;12.468.895
China;CHN;1992;0.113;0.003;0.13131313;13.068.608
China;CHN;1993;0.117;0.004;0.21212122;15.184.616
China;CHN;1994;0.46;0.005;0.3838384;16.742.897
China;CHN;1995;3.014;0.007;0.61616164;190.58
China;CHN;1996;1.533;0.009;0.093939394;187.97
China;CHN;1997;2.722;0.011;0.1979798;195.98
China;CHN;1998;2.48;0.014;0.35555556;198.89
China;CHN;1999;2.52;0.017;0.47373736;196.58
China;CHN;2000;2.537;0.022;0.589899;222.41
China;CHN;2001;2.554;0.031;0.7191919;277.43
China;CHN;2002;2.546;0.048;0.83737373;287.97
China;CHN;2003;2.536;0.064;0.9969697;283.68
China;CHN;2004;2.528;0.076;12.777.778;353.544
China;CHN;2005;5.322;0.084;19.460.607;397.017
China;CHN;2006;7.133;0.095;37.118.182;435.786
China;CHN;2007;9.863;0.114;5.479.293;485.264
China;CHN;2008;14.866;0.152;13.1;636.96
China;CHN;2009;2.085.932;0.279;27.614.998;615.644
China;CHN;2010;2.490.023;0.701;4.939.962;7.113.831
China;CHN;2011;27.632;2.61;74.1;688.045
China;CHN;2012;30.133;35.945.098;103.049.904;8.627.941
China;CHN;2013;37.133;8.373.886;13.826.413;90.961.224
China;CHN;2014;4.626.822;2.351.216;1.597.627;10.596.917
China;CHN;2015;5.407.029;3.948.057;18.559.145;11.145.154
China;CHN;2016;62.134.766;6.652.795;2.408.605;11.532.675
China;CHN;2017;7.959.891;117.8;304.6;1.165.065
China;CHN;2018;937.957;176.9;365.8;1.198.887
China;CHN;2019;1.127.957;224;405.3;1.272.538
China;CHN;2020;13.569.624;261.1;466.5;1.321.709
China;CHN;2021;1.659.957;327;655.8;1300
China;CHN;2022;1.825.957;427.27;762.67;12.981.221
China;CHN;2023;1.981.957;584.15;885.87;12.259.955
China;CHN;2024;20.849.623;839.04;997.04;13.542.543
Colombia;COL;1965;0;0;0;35.439.494
Colombia;COL;1966;0;0;0;39.372.194
Colombia;COL;1967;0;0;0;43.892.536
Colombia;COL;1968;0;0;0;48.910.117
Colombia;COL;1969;0;0;0;54.379.735
Colombia;COL;1970;0;0;0;605.274
Colombia;COL;1971;0;0;0;64.234.085
Colombia;COL;1972;0;0;0;7.115.021
Colombia;COL;1973;0;0;0;77.433.486
Colombia;COL;1974;0;0;0;87.920.685
Colombia;COL;1975;0.189;0;0;97.323
Colombia;COL;1976;0.202;0;0;1.022.642
Colombia;COL;1977;0.192;0;0;10.451.812
Colombia;COL;1978;0.206;0;0;1.207.144
Colombia;COL;1979;0.216;0;0;132.593
Colombia;COL;1980;0.227;0;0;1.444.702
Colombia;COL;1981;0.212;0;0;1.426.534
Colombia;COL;1982;0.231;0;0;15.238.536
Colombia;COL;1983;0.234;0;0;15.365.776
Colombia;COL;1984;0.255;0;0;1.714.022
Colombia;COL;1985;0.267;0;0;18.440.771
Colombia;COL;1986;0.266;0;0;21.332.952
Colombia;COL;1987;0.268;0;0;2.324.756
Colombia;COL;1988;0.274;0;0;245.194
Colombia;COL;1989;0.274;0;0;2.678.212
Colombia;COL;1990;0.274;0;0;27.495.852
Colombia;COL;1991;0.269;0;0;2.772.608
Colombia;COL;1992;0.34;0;0;22.280.584
Colombia;COL;1993;0.389;0;0;27.856.392
Colombia;COL;1994;0.444;0;0;3.205.839
Colombia;COL;1995;0.477;0;0;319.894
Colombia;COL;1996;0.496;0;0;35.287.624
Colombia;COL;1997;0.483;0;0;3.147.576
Colombia;COL;1998;0.532;0;0;30.781.685
Colombia;COL;1999;0.457;0;0;33.700.657
Colombia;COL;2000;0.496;0.001835014;0;30.815.718
Colombia;COL;2001;0.496;0.00266875;0;31.632.658
Colombia;COL;2002;0.491;0.00465125;0;33.968.037
Colombia;COL;2003;0.495;0.006405;0;3.617.636
Colombia;COL;2004;0.467;0.007951726;0.05199;3.833.006
Colombia;COL;2005;0.503;0.00953125;0.04948;39.220.886
Colombia;COL;2006;0.5197261;0;0.06298139;4.255.789
Colombia;COL;2007;0.5071364;0;0.049890976;4.424.198
Colombia;COL;2008;0.50934935;0;0.053918168;4.616.088
Colombia;COL;2009;10.032.873;0;0.057707813;40.837.364
Colombia;COL;2010;11.099.824;0;0.03856992;4.055.746
Colombia;COL;2011;13.783.877;0;0.041271944;4.842.748
Colombia;COL;2012;14.760.586;0;0.05485471;4.758.171
Colombia;COL;2013;13.464.338;0;0.057624802;4.436.279
Colombia;COL;2014;1.728.923;0;0.0702303;44.741.962
Colombia;COL;2015;18.229.002;0;0.06837745;44.681.904
Colombia;COL;2016;19.938.043;0;0.050887343;46.787.926
Colombia;COL;2017;19.912.593;0.005;0.003071419;5.732.773
Colombia;COL;2018;21.187.904;0.012;0.04344;5.665.124
Colombia;COL;2019;2.004.308;0.13206;0.06332;54.437
Colombia;COL;2020;20.409.844;0.1908;0.01012;4.983.735
Colombia;COL;2021;18.626.548;0.32301;0.06047;6.049.647
Colombia;COL;2022;19.327.716;0.50259;0.07488;6.433.728
Colombia;COL;2023;17.728.655;119.984;0.2036;5.983.452
Colombia;COL;2024;18.725.764;330.338;0.1488;5.449.474
Croatia;HRV;1990;0.011;0;0;39.172
Croatia;HRV;1991;0.01;0;0;55.253
Croatia;HRV;1992;0.006;0;0;43.491
Croatia;HRV;1993;0.019;0;0;45.498
Croatia;HRV;1994;0.006;0;0;54.349
Croatia;HRV;1995;0.009;0;0;56.828
Croatia;HRV;1996;0.009;0;0;78.627
Croatia;HRV;1997;0.001;0;0;58.534
Croatia;HRV;1998;0.009;0;0;60.214
Croatia;HRV;1999;0.009;0;0;73.272
Croatia;HRV;2000;0.001;0;0;64.529
Croatia;HRV;2001;0;0;0;71.804
Croatia;HRV;2002;0;0;0;58.514
Croatia;HRV;2003;0;0;0;54.578
Croatia;HRV;2004;0.004;0;0.002;76.266
Croatia;HRV;2005;0.014;0;0.01;70.355
Croatia;HRV;2006;0.011;0;0.019;6.617
Croatia;HRV;2007;0.007;0;0.0349;46.998
Croatia;HRV;2008;0.0211;0;0.0399;5.78
Croatia;HRV;2009;0.019969;0.000091;0.0542;7.408.401
Croatia;HRV;2010;0.033037;0.00012;0.1391;9.126.203
Croatia;HRV;2011;0.054245;0.000137;0.201;5.031.887
Croatia;HRV;2012;0.093906;0.002404;0.328746;48.369
Croatia;HRV;2013;0.125695;0.011283;0.517287;86.217
Croatia;HRV;2014;0.164578;0.035174;0.72997;900.612
Croatia;HRV;2015;0.265181;0.057264;0.796295;6.390.636
Croatia;HRV;2016;0.431424;0.065541;1.014.248;6.852.099
Croatia;HRV;2017;0.5256;0.0787;1.204;53.074
Croatia;HRV;2018;0.6701;0.0749;13.354;77.009
Croatia;HRV;2019;0.9703;0.0831;14.673;58.261
Croatia;HRV;2020;1.072;0.0955;17.207;56.624
Croatia;HRV;2021;11.895;0.1489;20.618;71.277
Croatia;HRV;2022;12.015;0.1519;21.378;54.597
Croatia;HRV;2023;10.671;0.4131;25.865;81.605
Croatia;HRV;2024;10.123.833;0.81781065;26.794.534;6.766.598
Cyprus;CYP;1965;0;0;0;0
Cyprus;CYP;1966;0;0;0;0
Cyprus;CYP;1967;0;0;0;0
Cyprus;CYP;1968;0;0;0;0
Cyprus;CYP;1969;0;0;0;0
Cyprus;CYP;1970;0;0;0;0
Cyprus;CYP;1971;0;0;0;0
Cyprus;CYP;1972;0;0;0;0
Cyprus;CYP;1973;0;0;0;0
Cyprus;CYP;1974;0;0;0;0
Cyprus;CYP;1975;0;0;0;0
Cyprus;CYP;1976;0;0;0;0
Cyprus;CYP;1977;0;0;0;0
Cyprus;CYP;1978;0;0;0;0
Cyprus;CYP;1979;0;0;0;0
Cyprus;CYP;1980;0;0;0;0
Cyprus;CYP;1981;0;0;0;0
Cyprus;CYP;1982;0;0;0;0
Cyprus;CYP;1983;0;0;0;0
Cyprus;CYP;1984;0;0;0;0
Cyprus;CYP;1985;0;0;0;0
Cyprus;CYP;1986;0;0;0;0
Cyprus;CYP;1987;0;0;0;0
Cyprus;CYP;1988;0;0;0;0
Cyprus;CYP;1989;0;0;0;0
Cyprus;CYP;1990;0;0;0;0
Cyprus;CYP;1991;0;0;0;0
Cyprus;CYP;1992;0;0;0;0
Cyprus;CYP;1993;0;0;0;0
Cyprus;CYP;1994;0;0;0;0
Cyprus;CYP;1995;0;0;0;0
Cyprus;CYP;1996;0;0;0;0
Cyprus;CYP;1997;0;0;0;0
Cyprus;CYP;1998;0;0;0;0
Cyprus;CYP;1999;0;0;0;0
Cyprus;CYP;2000;0;0;0;0
Cyprus;CYP;2001;0;0;0;0
Cyprus;CYP;2002;0;0;0;0
Cyprus;CYP;2003;0;0;0;0
Cyprus;CYP;2004;0;0.0004;0.000355;0
Cyprus;CYP;2005;0;0.000566;0.000355;0
Cyprus;CYP;2006;0.000155;0.001002;0.000355;0
Cyprus;CYP;2007;0.0014;0.001733;0.000356;0
Cyprus;CYP;2008;0.012;0.003;0.000356;0
Cyprus;CYP;2009;0.027;0.004;0.000356;0
Cyprus;CYP;2010;0.035;0.007;0.031;0
Cyprus;CYP;2011;0.052;0.012;0.114;0
Cyprus;CYP;2012;0.05;0.022;0.185;0
Cyprus;CYP;2013;0.049;0.047;0.231;0
Cyprus;CYP;2014;0.0505;0.0836;0.1839;0
Cyprus;CYP;2015;0.051236;0.126659;0.221857;0
Cyprus;CYP;2016;0.052021;0.145937;0.226701;0
Cyprus;CYP;2017;0.05175;0.17202;0.21145;0
Cyprus;CYP;2018;0.05136;0.19183;0.22061;0
Cyprus;CYP;2019;0.05792;0.218267;0.238565;0
Cyprus;CYP;2020;0.060632;0.295608;0.240408;0
Cyprus;CYP;2021;0.05994;0.468338;0.246478;0
Cyprus;CYP;2022;0.05784;0.601859;0.224266;0
Cyprus;CYP;2023;0.053873;0.830523;0.208477;0
Cyprus;CYP;2024;0.05476721;10.758.234;0.20265098;0
Czechia;CZE;1965;0;0;0;2.231.797
Czechia;CZE;1966;0;0;0;21.036.344
Czechia;CZE;1967;0;0;0;18.959.225
Czechia;CZE;1968;0;0;0;14.672.408
Czechia;CZE;1969;0;0;0;11.976.573
Czechia;CZE;1970;0;0;0;17.103.078
Czechia;CZE;1971;0;0;0;1.208
Czechia;CZE;1972;0;0;0;1.264
Czechia;CZE;1973;0;0;0;1.081
Czechia;CZE;1974;0;0;0;1.819
Czechia;CZE;1975;0;0;0;1.814
Czechia;CZE;1976;0;0;0;1.446
Czechia;CZE;1977;0;0;0;1.967
Czechia;CZE;1978;0;0;0;1.83
Czechia;CZE;1979;0;0;0;2.293
Czechia;CZE;1980;0;0;0;2.399
Czechia;CZE;1981;0;0;0;2.061
Czechia;CZE;1982;0;0;0;1.67
Czechia;CZE;1983;0;0;0;1.655
Czechia;CZE;1984;0;0;0;1.298
Czechia;CZE;1985;0;0;0;1.671
Czechia;CZE;1986;0;0;0;1.876
Czechia;CZE;1987;0;0;0;2.465
Czechia;CZE;1988;0;0;0;2.099
Czechia;CZE;1989;0;0;0;1.643
Czechia;CZE;1990;0;0;0;1.161
Czechia;CZE;1991;0;0;0;1.089
Czechia;CZE;1992;0;0;0;1.402
Czechia;CZE;1993;0.161;0;0;1.369
Czechia;CZE;1994;0.321;0;0;1.46
Czechia;CZE;1995;0.405;0;0;2.002
Czechia;CZE;1996;0.292;0;0;1.969
Czechia;CZE;1997;0.494;0;0;1.699
Czechia;CZE;1998;0.587271;0;0;1.396
Czechia;CZE;1999;0.676739;0;0;1.681
Czechia;CZE;2000;0.52479;0;0;1.758
Czechia;CZE;2001;0.52259;0;0.0002;2.054
Czechia;CZE;2002;0.503807;0;0.0016;2.492
Czechia;CZE;2003;0.490589;0;0.0039;1.383
Czechia;CZE;2004;0.713371;0.0001;0.0099;20.192
Czechia;CZE;2005;0.731721;0.000068;0.02128;237.991
Czechia;CZE;2006;0.918167;0.00017;0.049375;25.503
Czechia;CZE;2007;1.195.259;0.001754;0.125098;2.089.409
Czechia;CZE;2008;1.449.079;0.012937;0.244661;2.024.335
Czechia;CZE;2009;1.848.464;0.088807;0.288067;2.429.607
Czechia;CZE;2010;2.162.487;0.615702;0.335493;2.789.474
Czechia;CZE;2011;2.703.475;2.182.018;0.397003;1.963.016
Czechia;CZE;2012;3.371.706;2.148.624;0.415817;2.129.143
Czechia;CZE;2013;4.060.706;2.032.654;0.480519;2.734.507
Czechia;CZE;2014;46.634.326;21.273.375;0.47654453;19.097.624
Czechia;CZE;2015;4.792.041;2.267.284;0.5726116;1.795.387
Czechia;CZE;2016;47.665.653;2.134.217;0.49696034;2.001.489
Czechia;CZE;2017;49.645.762;21.969.082;0.59103835;1.869.534
Czechia;CZE;2018;48.261.795;23.415.933;0.6093297;16.275.184
Czechia;CZE;2019;5.030.655;22.877.533;0.70003396;20.086.746
Czechia;CZE;2020;5.212.986;22.372.687;0.6990835;21.442.552
Czechia;CZE;2021;53.839.655;21.522.183;0.6015541;24.102.345
Czechia;CZE;2022;5.404.244;24.891.188;0.6413605;21.011.646
Czechia;CZE;2023;5.189.739;28.920.655;0.70164096;2.362.978
Czechia;CZE;2024;54.988.394;35.903.816;0.70491415;26.562.767
Denmark;DNK;1965;0;0;0;0.025
Denmark;DNK;1966;0;0;0;0.026
Denmark;DNK;1967;0;0;0;0.025
Denmark;DNK;1968;0;0;0;0.021
Denmark;DNK;1969;0;0;0;0.022
Denmark;DNK;1970;0;0;0;0.024
Denmark;DNK;1971;0;0;0;0.024
Denmark;DNK;1972;0;0;0;0.024
Denmark;DNK;1973;0;0;0;0.024
Denmark;DNK;1974;0;0;0;0.024
Denmark;DNK;1975;0;0;0;0.021
Denmark;DNK;1976;0;0;0;0.019
Denmark;DNK;1977;0;0;0;0.026
Denmark;DNK;1978;0;0;0.003;0.027
Denmark;DNK;1979;0;0;0.006;0.029
Denmark;DNK;1980;0;0;0.0105;0.0341
Denmark;DNK;1981;0;0;0.0105;0.0355
Denmark;DNK;1982;0;0;0.0185;0.0303
Denmark;DNK;1983;0.033;0;0.0271;0.0335
Denmark;DNK;1984;0.033;0;0.0332;0.0302
Denmark;DNK;1985;0.036;0;0.0514;0.0297
Denmark;DNK;1986;0.051;0;0.1256;0.0286
Denmark;DNK;1987;0.061;0;0.1738;0.0294
Denmark;DNK;1988;0.08;0;0.2917;0.0328
Denmark;DNK;1989;0.126;0;0.4284;0.0229
Denmark;DNK;1990;0.21;0;0.6103;0.028
Denmark;DNK;1991;0.355;0;0.7401;0.0254
Denmark;DNK;1992;0.521;0;0.9154;0.0277
Denmark;DNK;1993;0.728;0;10.342;0.0275
Denmark;DNK;1994;0.5733997;0;1.137;0.0326
Denmark;DNK;1995;0.64684045;0;11.773;0.0303
Denmark;DNK;1996;0.8321832;0.000161111;12.269;0.0193
Denmark;DNK;1997;0.9756674;0.000319444;19.342;0.0192
Denmark;DNK;1998;1.078.157;0.0004;28.199;0.0273
Denmark;DNK;1999;13.189.089;0.000880556;3.029;0.0305
Denmark;DNK;2000;12.996.056;0.0012;42.412;0.0302
Denmark;DNK;2001;15.115.592;0.0012;43.060.193;0.0276
Denmark;DNK;2002;18.791.215;0.001280556;4.876.939;0.0318
Denmark;DNK;2003;24.933.515;0.001519444;55.607.834;0.0212
Denmark;DNK;2004;29.107.547;0.001838889;65.831.113;0.0265
Denmark;DNK;2005;31.742.494;0.002161111;6.614;0.0225
Denmark;DNK;2006;30.699.494;0.002213889;61.079.583;0.0234
Denmark;DNK;2007;3.105.064;0.002494444;71.712;0.0282
Denmark;DNK;2008;31.405.714;0.002622222;69.278;0.0258
Denmark;DNK;2009;33.202.577;0.00375;67.205;0.0189
Denmark;DNK;2010;45.939.307;0.006161111;7.809.422;0.020641666
Denmark;DNK;2011;4.375.025;0.015130555;9.774.183;0.016869444
Denmark;DNK;2012;44.460.053;0.10386111;10.269.938;0.017475
Denmark;DNK;2013;4.313.503;0.51754165;11.123.275;0.013419445
Denmark;DNK;2014;43.018.527;0.5955167;13.078.503;0.015102778
Denmark;DNK;2015;4.200.628;0.6042611;14.133.092;0.018030556
Denmark;DNK;2016;4.845.242;0.74378055;12.781.731;0.019272223
Denmark;DNK;2017;6.248.558;0.7514861;14.78;0.017872222
Denmark;DNK;2018;5.890.091;0.952973;13.901.956;0.014861112
Denmark;DNK;2019;5.943.146;0.9632695;16.149.834;0.016955
Denmark;DNK;2020;5.919.057;1.180.532;16.330.214;0.017064
Denmark;DNK;2021;8.718.286;1.308.929;16.054.466;0.016294
Denmark;DNK;2022;7.273.093;2.202.567;1.902.224;0.014944
Denmark;DNK;2023;6.436.815;3.363.278;19.393.192;0.019628
Denmark;DNK;2024;5.793.155;3.895.869;20.557.018;0.019513994
Eastern Africa (EI);;1965;0;0;0;60.475.354
Eastern Africa (EI);;1966;0;0;0;71.675.773
Eastern Africa (EI);;1967;0;0;0;7.010.667
Eastern Africa (EI);;1968;0;0;0;7.197.783
Eastern Africa (EI);;1969;0;0;0;79.119.015
Eastern Africa (EI);;1970;0;0;0;11.339.996
Eastern Africa (EI);;1971;0.126;0;0;89.030.695
Eastern Africa (EI);;1972;0.127;0;0;10.891.284
Eastern Africa (EI);;1973;0.132;0;0;112.493.105
Eastern Africa (EI);;1974;0.136;0;0;14.267.528
Eastern Africa (EI);;1975;0.133;0;0;15.188.581
Eastern Africa (EI);;1976;0.146;0;0;16.743.711
Eastern Africa (EI);;1977;0.149;0;0;19.092.785
Eastern Africa (EI);;1978;0.155;0;0;1.823.882
Eastern Africa (EI);;1979;0.161;0;0;19.775
Eastern Africa (EI);;1980;0.167;0;0;18.078.556
Eastern Africa (EI);;1981;0.177;0;0;18.878.674
Eastern Africa (EI);;1982;0.195;0;0;19.574.581
Eastern Africa (EI);;1983;0.189;0;0;19.379.673
Eastern Africa (EI);;1984;0.192;0;0;188.871
Eastern Africa (EI);;1985;0.227;0;0;19.691.685
Eastern Africa (EI);;1986;0.617;0;0;18.845.373
Eastern Africa (EI);;1987;0.615;0;0;1.642.696
Eastern Africa (EI);;1988;0.583;0;0;18.618.456
Eastern Africa (EI);;1989;0.574;0;0;18.026.215
Eastern Africa (EI);;1990;0.7107499;0;0;21.345.568
Eastern Africa (EI);;1991;0.71374774;0;0;21.742.558
Eastern Africa (EI);;1992;0.70869654;0;0;1.963.299
Eastern Africa (EI);;1993;0.70767194;0;0;20.532.532
Eastern Africa (EI);;1994;0.5956954;0;0;20.672.321
Eastern Africa (EI);;1995;0.73776394;0;0;20.843.298
Eastern Africa (EI);;1996;0.90183693;0;0;20.717.077
Eastern Africa (EI);;1997;0.91984296;0;0;21.792.418
Eastern Africa (EI);;1998;11.561.887;0;0;27.865.046
Eastern Africa (EI);;1999;11.458.447;0;0;29.365.875
Eastern Africa (EI);;2000;14.930.128;0.000007;0.0001;30.859.806
Eastern Africa (EI);;2001;15.959.146;0.000191;0;3.496.348
Eastern Africa (EI);;2002;15.018.176;0.000375;0.0003;38.004.414
Eastern Africa (EI);;2003;19.073.586;0.000391;0.0004;3.838.525
Eastern Africa (EI);;2004;22.037.768;0.000744;0.00090101;389.576
Eastern Africa (EI);;2005;22.014.337;0.00128;0.001306061;40.268.776
Eastern Africa (EI);;2006;2.348.355;0.004982162;0.004841414;42.565.407
Eastern Africa (EI);;2007;2.250.402;0.009578727;0.01110303;4.639.329
Eastern Africa (EI);;2008;23.640.943;0.018500173;0.016206363;45.794.067
Eastern Africa (EI);;2009;2.753.895;0.03284399;0.026861615;48.025.608
Eastern Africa (EI);;2010;30.124.257;0.09687055;0.03838071;53.982.716
Eastern Africa (EI);;2011;30.507.395;0.17741911;0.03424818;55.622.524
Eastern Africa (EI);;2012;33.381.243;0.2455921;0.15430804;57.748
Eastern Africa (EI);;2013;3.609.728;0.30683202;0.31500962;6.147.442
Eastern Africa (EI);;2014;4.728.804;0.40227944;0.44160807;6.571.679
Eastern Africa (EI);;2015;6.343.184;0.45636055;0.7779733;6.500.988
Eastern Africa (EI);;2016;6.439.398;0.519917;0.8901814;61.472.843
Eastern Africa (EI);;2017;6.417.603;0.61261207;0.79114115;6.450.877
Eastern Africa (EI);;2018;71.439.705;0.6793701;0.86210096;683.974
Eastern Africa (EI);;2019;7.163.887;10.749.972;22.217.348;6.849.026
Eastern Africa (EI);;2020;6.865.964;11.833.562;19.776.144;734.913
Eastern Africa (EI);;2021;6.798.838;13.747.969;2.659.498;7.714.437
Eastern Africa (EI);;2022;72.910.485;17.598.373;2.822.541;80.937.706
Eastern Africa (EI);;2023;8.435.789;19.591.624;29.230.287;815.417
Eastern Africa (EI);;2024;9.516.019;20.460.277;29.596.808;82.436.104
Ecuador;ECU;1965;0;0;0;0.249
Ecuador;ECU;1966;0;0;0;0.285
Ecuador;ECU;1967;0;0;0;0.314
Ecuador;ECU;1968;0;0;0;0.328
Ecuador;ECU;1969;0;0;0;0.364
Ecuador;ECU;1970;0;0;0;0.405
Ecuador;ECU;1971;0;0;0;0.44
Ecuador;ECU;1972;0;0;0;0.445
Ecuador;ECU;1973;0;0;0;0.435
Ecuador;ECU;1974;0;0;0;0.5
Ecuador;ECU;1975;0;0;0;0.628
Ecuador;ECU;1976;0;0;0;0.605
Ecuador;ECU;1977;0;0;0;0.558
Ecuador;ECU;1978;0;0;0;0.791
Ecuador;ECU;1979;0;0;0;0.709
Ecuador;ECU;1980;0;0;0;0.872
Ecuador;ECU;1981;0;0;0;0.779
Ecuador;ECU;1982;0;0;0;0.895
Ecuador;ECU;1983;0;0;0;1.721
Ecuador;ECU;1984;0;0;0;3.233
Ecuador;ECU;1985;0;0;0;3.279
Ecuador;ECU;1986;0;0;0;4.012
Ecuador;ECU;1987;0;0;0;4.57
Ecuador;ECU;1988;0;0;0;4.826
Ecuador;ECU;1989;0;0;0;4.954
Ecuador;ECU;1990;0;0;0;49.866.877
Ecuador;ECU;1991;0;0;0;5.075.921
Ecuador;ECU;1992;0;0;0;4.973.581
Ecuador;ECU;1993;0;0;0;58.101.373
Ecuador;ECU;1994;0;0;0;65.652.776
Ecuador;ECU;1995;0;0;0;5.160.551
Ecuador;ECU;1996;0;0;0;63.434.153
Ecuador;ECU;1997;0;0;0;65.341.773
Ecuador;ECU;1998;0;0;0;65.060.954
Ecuador;ECU;1999;0;0;0;7.176.726
Ecuador;ECU;2000;0;0;0;76.112.313
Ecuador;ECU;2001;0;0;0;70.706.525
Ecuador;ECU;2002;0;0;0;7.524.256
Ecuador;ECU;2003;0;0;0;7.180.417
Ecuador;ECU;2004;0.00324057;0;0;74.116.993
Ecuador;ECU;2005;0.102856286;1,24E+00;0;68.826.394
Ecuador;ECU;2006;0.14555573;0.000014875;0;7.129.493
Ecuador;ECU;2007;0.21875276;0.000018162;0.000962135;9.037.655
Ecuador;ECU;2008;0.20832446;0.000026687;0.002682461;11.293.333
Ecuador;ECU;2009;0.2165198;7,88E-02;0.003204417;9.225.408
Ecuador;ECU;2010;0.23556188;0;0.00343485;8.636.401
Ecuador;ECU;2011;0.27820036;0.00005812;0.00334467;11.133.088
Ecuador;ECU;2012;0.29635325;0.00032566;0.002398368;12.237.723
Ecuador;ECU;2013;0.29578793;0.003663607;0.056702975;11.038.825
Ecuador;ECU;2014;0.3994712;0.016482696;0.07974247;11.457.895
Ecuador;ECU;2015;0.40775105;0.036057927;0.098806314;1.309.627
Ecuador;ECU;2016;0.4897965;0.038754817;0.08395875;15.833.842
Ecuador;ECU;2017;0.459;0.03748;0.0734;2.008.861
Ecuador;ECU;2018;0.42796764;0.038079325;0.08025777;20.678.001
Ecuador;ECU;2019;0.45472345;0.038;0.085526936;24.641
Ecuador;ECU;2020;0.47058;0.03776;0.0771;2.433.326
Ecuador;ECU;2021;0.41493;0.03687;0.06201;2.557.461
Ecuador;ECU;2022;0.38967;0.0385;0.0606;2.463.516
Ecuador;ECU;2023;0.35859;0.03833;0.20858;2.534.871
Ecuador;ECU;2024;0.49968;0.03611;0.22354;2.261.443
Egypt;EGY;1965;0;0;0;17.324.048
Egypt;EGY;1966;0;0;0;18.252.122
Egypt;EGY;1967;0;0;0;1.966.633
Egypt;EGY;1968;0;0;0;30.007.727
Egypt;EGY;1969;0;0;0;39.907.181
Egypt;EGY;1970;0;0;0;46.889.834
Egypt;EGY;1971;0;0;0;50.469.546
Egypt;EGY;1972;0;0;0;5.161.859
Egypt;EGY;1973;0;0;0;51.530.204
Egypt;EGY;1974;0;0;0;611.645
Egypt;EGY;1975;0;0;0;6.792.618
Egypt;EGY;1976;0;0;0;8.003.533
Egypt;EGY;1977;0;0;0;9.037.673
Egypt;EGY;1978;0;0;0;9.930.392
Egypt;EGY;1979;0;0;0;9.607.776
Egypt;EGY;1980;0;0;0;9.802.229
Egypt;EGY;1981;0;0;0;10.213.233
Egypt;EGY;1982;0;0;0;10.491.655
Egypt;EGY;1983;0;0;0;9.815.488
Egypt;EGY;1984;0;0;0;9.629.872
Egypt;EGY;1985;0;0;0;9.148
Egypt;EGY;1986;0;0;0;8.972
Egypt;EGY;1987;0;0;0;89.695
Egypt;EGY;1988;0;0;0;8.829
Egypt;EGY;1989;0;0;0;9.487
Egypt;EGY;1990;0;0;0;9.953
Egypt;EGY;1991;0;0;0;9.916
Egypt;EGY;1992;0;0;0;9.8
Egypt;EGY;1993;0;0;0;100.925
Egypt;EGY;1994;0;0;0;10.728
Egypt;EGY;1995;0;0;0;11.192
Egypt;EGY;1996;0;0;0;11.484
Egypt;EGY;1997;0;0;0;11.771
Egypt;EGY;1998;0;0;0;121.045
Egypt;EGY;1999;0;0;0.012;134.405
Egypt;EGY;2000;0;0.0002;0.0805;14.178
Egypt;EGY;2001;0;0.0009;0.179;144.135
Egypt;EGY;2002;0;0.001;0.2125;139.945
Egypt;EGY;2003;0;0.001;0.286;12.939
Egypt;EGY;2004;0;0.001;0.5040505;128.315
Egypt;EGY;2005;0;0.001;0.5101111;12.644
Egypt;EGY;2006;0;0.001;0.6050606;127.845
Egypt;EGY;2007;0;0.0012;0.66243637;142.175
Egypt;EGY;2008;0;0.0015;0.92981315;15.096
Egypt;EGY;2009;0;0.0022;10.371.939;137.725
Egypt;EGY;2010;0;0.0252;14.091.434;129.545
Egypt;EGY;2011;0;0.244569;14.948.249;12.99
Egypt;EGY;2012;0;0.504201;13.362.031;130.275
Egypt;EGY;2013;0;0.025437;15.765.831;132.365
Egypt;EGY;2014;0;0.139549;10.281.278;13.587
Egypt;EGY;2015;0;0.042;18.945.454;136.835
Egypt;EGY;2016;0;0.23361;2.396.693;131.975
Egypt;EGY;2017;0;0.602545;21.095.762;12.788
Egypt;EGY;2018;0;0.553053;2.987.351;129.235
Egypt;EGY;2019;0;1.489;49.796.867;13.121
Egypt;EGY;2020;0;445.251;52.323.384;140.795
Egypt;EGY;2021;0;497.142;5.486.156;149.035
Egypt;EGY;2022;0;500.306;589.694;147.075
Egypt;EGY;2023;0;493.476;5.986.452;15.052
Egypt;EGY;2024;0;6.067.527;61.372.714;143.727
Estonia;EST;1985;0;0;0;0
Estonia;EST;1986;0;0;0;0
Estonia;EST;1987;0;0;0;0
Estonia;EST;1988;0;0;0;0
Estonia;EST;1989;0;0;0;0
Estonia;EST;1990;0;0;0;0
Estonia;EST;1991;0;0;0;0
Estonia;EST;1992;0;0;0;0
Estonia;EST;1993;0;0;0;0
Estonia;EST;1994;0;0;0;0
Estonia;EST;1995;0.006;0;0;0
Estonia;EST;1996;0.005;0;0;0
Estonia;EST;1997;0.008;0;0;0
Estonia;EST;1998;0.012;0;0;0
Estonia;EST;1999;0.013;0;0;0.004
Estonia;EST;2000;0.055;0;0;0.005
Estonia;EST;2001;0.022;0;0;0.0074
Estonia;EST;2002;0.027;0;0.0014;0.0056
Estonia;EST;2003;0.026;0;0.0061;0.0128
Estonia;EST;2004;0.031;0;0.0076;0.0224
Estonia;EST;2005;0.033;0;0.0539;0.0215
Estonia;EST;2006;0.038;0;0.0763;0.0135
Estonia;EST;2007;0.036;0;0.091;0.022
Estonia;EST;2008;0.038;0;0.133;0.028
Estonia;EST;2009;0.314;0.0001;0.195;0.032
Estonia;EST;2010;0.742;0.0001;0.277;0.027
Estonia;EST;2011;0.783;0.0002;0.368;0.03
Estonia;EST;2012;1.001;0.0003;0.434;0.042
Estonia;EST;2013;0.6965;0.0014;0.529;0.026
Estonia;EST;2014;0.796;0.0031;0.604;0.027
Estonia;EST;2015;0.843;0.0059;0.715;0.027
Estonia;EST;2016;0.9495;0.0097;0.594;0.035
Estonia;EST;2017;11.085;0.0145;0.723;0.026
Estonia;EST;2018;1.332;0.0308;0.636;0.015
Estonia;EST;2019;1.363;0.0735;0.687;0.019
Estonia;EST;2020;18.515;0.245;0.844;0.03
Estonia;EST;2021;1.768.863;0.35367;0.733;0.023
Estonia;EST;2022;1.569.152;0.596;0.668;0.023
Estonia;EST;2023;1.377.112;0.721;0.683;0.024
Estonia;EST;2024;13.797.698;11.261.708;10.474.237;0.03166414
Europe;;1965;29.090.002;0;0;38.145.035
Europe;;1966;3.979;0;0;41.405.478
Europe;;1967;4.316;0;0;41.065.195
Europe;;1968;48.180.003;0;0;43.710.187
Europe;;1969;5.244.904;0;0;442.712
Europe;;1970;69.523.573;0;0;46.742.227
Europe;;1971;7.069.884;0;0;47.305.194
Europe;;1972;6.947.608;0;0;48.352.777
Europe;;1973;7.466.391;0;0;48.905.432
Europe;;1974;783.506;0;0;52.796.545
Europe;;1975;8.300.942;0;0;5.275.942
Europe;;1976;8.324.597;0;0;5.041.949
Europe;;1977;8.662.292;0;0;5.947.133
Europe;;1978;9.235.139;0;0.003;6.158.949
Europe;;1979;9.617.958;0;0.006;640.884
Europe;;1980;10.604.949;0;0.0105;63.735.645
Europe;;1981;10.643.523;0;0.0105;6.445.633
Europe;;1982;9.836.121;0;0.0185;62.681.995
Europe;;1983;10.136.652;0;0.030100001;64.914.514
Europe;;1984;10.488.478;0.001010101;0.0382;67.475.525
Europe;;1985;11.522.739;0.001010101;0.0574;65.015.826
Europe;;1986;12.499.209;0.001010101;0.1336;6.380.437
Europe;;1987;12.367.401;0;0.19080001;6.728.461
Europe;;1988;13.161.699;0.001010101;0.3297;69.886.774
Europe;;1989;13.609.675;0.009090909;0.5154;635.407
Europe;;1990;18.948.753;0.012455001;0.77946043;64.604.095
Europe;;1991;1.954.479;0.01552;0.979428;65.799.316
Europe;;1992;20.660.774;0.025082;15.346.481;67.553.937
Europe;;1993;22.773.966;0.032363;2.291.426;690.672
Europe;;1994;2.399.297;0.0346575;29.880.357;70.239.154
Europe;;1995;26.293.205;0.044909;38.732.293;705.493
Europe;;1996;26.523.182;0.047833413;48.395.853;6.619.428
Europe;;1997;31.367.954;0.056997243;7.305.893;6.856.161
Europe;;1998;35.314.613;0.0671515;11.178.979;71.029.535
Europe;;1999;3.730.178;0.08028906;14.234.546;7.241.003
Europe;;2000;4.093.956;0.074515246;22.412.415;7.509.408
Europe;;2001;44.862.213;0.1942865;26.864.628;7.618.888
Europe;;2002;51.014.526;0.31479302;36.435.246;69.246.765
Europe;;2003;5.837.605;0.46881574;44.851.658;6.507.334
Europe;;2004;6.944.955;0.75098586;59.749.386;7.005.616
Europe;;2005;7.946.828;15.125.293;7.157.354;70.481.934
Europe;;2006;8.995.395;2.569.654;8.365.842;69.114.386
Europe;;2007;10.001.811;3.878.197;10.616.511;7.047.683
Europe;;2008;11.036.832;7.589.541;12.132.885;7.248.221
Europe;;2009;12.060.472;1.432.421;1.346.703;7.280.232
Europe;;2010;1.366.996;2.351.834;15.051.721;7.654.957
Europe;;2011;14.589.104;47.211.292;18.248.463;68.041.455
Europe;;2012;16.171.432;7.217.967;20.949.336;7.312.351
Europe;;2013;17.111.694;8.653.961;24.090.575;78.356.384
Europe;;2014;18.174.918;9.838.232;25.674.585;77.686.316
Europe;;2015;19.326.445;10.927.955;30.792.554;7.383.155
Europe;;2016;19.582.407;11.278.677;30.805.063;77.106.885
Europe;;2017;20.089.148;12.135.214;36.712.167;71.382.404
Europe;;2018;20.682.811;12.989.279;38.436.334;7.773.937
Europe;;2019;21.347.641;14.290.324;4.391.021;73.413.464
Europe;;2020;21.817.583;16.709.116;4.908.472;7.956.161
Europe;;2021;229.288;18.691.594;47.316.605;81.411.743
Europe;;2022;22.143.912;23.471.085;52.593.713;6.965.059
Europe;;2023;20.601.448;28.015.323;584.881;77.979.565
Europe;;2024;20.449.837;3.348.674;5.961.051;8.339.208
Europe (EI);;1965;3.009;0;0;30.219.534
Europe (EI);;1966;4.101;0;0;3.245.699
Europe (EI);;1967;4.489;0;0;32.446.274
Europe (EI);;1968;4.997;0;0;33.623.666
Europe (EI);;1969;5.422.904;0;0;33.097.592
Europe (EI);;1970;7.118.357;0;0;34.607.806
Europe (EI);;1971;72.318.835;0;0;34.956.314
Europe (EI);;1972;7.122.608;0;0;36.383.298
Europe (EI);;1973;7.663.391;0;0;3.693.127
Europe (EI);;1974;804.206;0;0;3.992.913
Europe (EI);;1975;8.520.942;0;0;40.751.077
Europe (EI);;1976;8.485.598;0;0;3.768.347
Europe (EI);;1977;8.880.291;0;0;45.627.164
Europe (EI);;1978;9.372.139;0;0.003;45.552.872
Europe (EI);;1979;9.762.958;0;0.006;47.914.987
Europe (EI);;1980;1.074.095;0;0.0105;46.476.663
Europe (EI);;1981;10.753.523;0;0.0105;4.704.354
Europe (EI);;1982;9.836.121;0;0.0185;46.630.966
Europe (EI);;1983;10.136.652;0;0.0301;48.012.585
Europe (EI);;1984;10.510.578;0.001010101;0.0382;48.519.354
Europe (EI);;1985;1.152.874;0.001010101;0.0574;5.024.572
Europe (EI);;1986;125.428.095;0.001010101;0.1336;48.556.534
Europe (EI);;1987;12.425.302;0;0.1908;5.289.161
Europe (EI);;1988;132.301;0.001010101;0.3297;5.668.737
Europe (EI);;1989;13.672.276;0.009090909;0.5154;49.360.065
Europe (EI);;1990;18.963.852;0.012455;0.77946043;50.232.297
Europe (EI);;1991;19.599.491;0.01552;0.979428;51.256.445
Europe (EI);;1992;20.714.474;0.025082;15.346.481;5.294.964
Europe (EI);;1993;22.847.965;0.032363;22.914.262;55.031.494
Europe (EI);;1994;2.406.197;0.0346575;29.880.357;5.570.324
Europe (EI);;1995;26.542.505;0.044909;38.732.293;56.475.867
Europe (EI);;1996;26.725.283;0.047833413;48.395.853;54.809.296
Europe (EI);;1997;31.687.756;0.056997243;7.305.893;5.679.772
Europe (EI);;1998;35.582.615;0.0671515;11.184.479;5.939.993
Europe (EI);;1999;3.745.768;0.08028906;14.255.046;5.982.668
Europe (EI);;2000;4.110.196;0.07451525;22.443.914;6.177.163
Europe (EI);;2001;45.021.713;0.1942865;2.692.393;61.196.967
Europe (EI);;2002;51.075.825;0.314793;36.477.047;5.639.484
Europe (EI);;2003;5.817.785;0.46881574;44.904.457;53.036.487
Europe (EI);;2004;69.168.945;0.75098586;59.799.076;5.709.353
Europe (EI);;2005;7.914.538;15.125.293;7.162.474;57.173.285
Europe (EI);;2006;8.959.409;25.696.537;8.378.272;562.068
Europe (EI);;2007;9.977.455;38.781.967;106.508.606;5.635.391
Europe (EI);;2008;11.015.111;7.589.541;12.216.915;5.932.728
Europe (EI);;2009;12.073.471;1.432.421;13.616.087;58.973.755
Europe (EI);;2010;13.707.983;23.520.739;15.342.845;65.076.245
Europe (EI);;2011;14.627.599;47.212.955;18.719.914;5.696.559
Europe (EI);;2012;16.260.774;72.179.726;21.534.286;62.557.385
Europe (EI);;2013;17.279.558;86.535.194;24.845.071;66.169.525
Europe (EI);;2014;18.456.235;9.823.771;2.651.608;6.439.924
Europe (EI);;2015;19.735.478;10.912.907;31.939.096;6.373.569
Europe (EI);;2016;20.173.705;11.333.557;32.334.662;65.354.596
Europe (EI);;2017;20.851.744;12.360.844;3.847.895;5.864.735
Europe (EI);;2018;21.629.497;13.695.013;40.397.638;64.637.067
Europe (EI);;2019;2.253.023;15.098.903;46.035.202;6.282.303
Europe (EI);;2020;23.158.066;1.760.092;51.435.236;6.608.722
Europe (EI);;2021;24.518.507;19.837.297;50.184.995;6.551.399
Europe (EI);;2022;23.928.352;24.899.109;55.650.684;56.527.185
Europe (EI);;2023;22.461.517;29.945.563;6.140.709;6.426.324
Europe (EI);;2024;2.234.914;36.216.907;62.799.457;69.799.603
European Union (27);;1965;2.909;0;0;21.180.603
European Union (27);;1966;3.979;0;0;23.045.381
European Union (27);;1967;4.316;0;0;22.219.263
European Union (27);;1968;4.818;0;0;2.265.809
European Union (27);;1969;5.243;0;0;2.224.579
European Union (27);;1970;6.940.266;0;0;23.472.273
European Union (27);;1971;7.057.851;0;0;23.322.775
European Union (27);;1972;6.925.944;0;0;2.448.364
European Union (27);;1973;7.442.191;0;0;2.435.321
European Union (27);;1974;7.829.309;0;0;26.301.743
European Union (27);;1975;8.282.595;0;0;26.490.546
European Union (27);;1976;8.305.585;0;0;2.311.628
European Union (27);;1977;8.646.165;0;0;3.075.857
European Union (27);;1978;91.188.545;0;0.003;29.947.946
European Union (27);;1979;9.285.328;0;0.006;3.139.237
European Union (27);;1980;10.387.278;0;0.0105;29.770.767
European Union (27);;1981;1.008.439;0;0.0105;293.823
European Union (27);;1982;9.287.153;0;0.0185;28.888.766
European Union (27);;1983;9.568.938;0;0.0301;29.468.158
European Union (27);;1984;9.946.245;0;0.0382;2.988.656
European Union (27);;1985;10.981.506;0;0.0574;30.463.483
European Union (27);;1986;11.802.871;0;0.1336;28.777.554
European Union (27);;1987;11.601.265;0;0.1908;315.98
European Union (27);;1988;12.376.092;0;0.3297;3.336.034
European Union (27);;1989;127.941.675;0.009090909;0.5064;27.273.294
European Union (27);;1990;17.354.042;0.011455;0.7704604;2.846.682
European Union (27);;1991;17.879.808;0.01352;0.970428;2.979.111
European Union (27);;1992;18.720.934;0.022082;15.016.481;3.104.662
European Union (27);;1993;20.526.823;0.028355;20.669.987;31.840.985
European Union (27);;1994;21.334.034;0.0296395;26.344.247;327.802
European Union (27);;1995;23.440.554;0.038877;34.706.535;32.683.032
European Union (27);;1996;2.338.608;0.04079341;43.409.996;32.544.012
European Union (27);;1997;2.791.499;0.049934246;66.253.376;33.502.988
European Union (27);;1998;3.097.517;0.0590805;10.284.428;34.581.534
European Union (27);;1999;31.643.864;0.06921506;13.352.978;34.362.308
European Union (27);;2000;34.554.264;0.05714925;21.423.986;35.624.695
European Union (27);;2001;3.762.774;0.1737815;2.584.902;37.566.675
European Union (27);;2002;4.315.997;0.291148;3.506.749;31.639.236
European Union (27);;2003;491.595;0.44112274;43.298.035;30.681.854
European Union (27);;2004;5.879.699;0.7221619;5.750.379;3.257.805
European Union (27);;2005;6.687.803;14.765.953;680.973;30.743.076
European Union (27);;2006;75.982.346;25.267.808;7.871.408;3.111.533
European Union (27);;2007;8.472.501;38.271.239;99.913.765;309.189
European Union (27);;2008;94.233.116;7.526.946;11.323.429;32.747.495
European Union (27);;2009;103.145.355;142.403.755;12.432.536;3.301.291
European Union (27);;2010;11.750.343;23.370.987;13.924.464;37.384.525
European Union (27);;2011;12.532.678;46.748.524;1.650.541;30.715.652
European Union (27);;2012;13.913.509;7.016.207;18.769.888;3.306.224
European Union (27);;2013;14.503.577;8.340.547;20.985.716;36.668.808
European Union (27);;2014;15.114.117;9.283.321;22.111.725;3.688.252
European Union (27);;2015;15.634.497;9.972.287;26.356.418;33.500.125
European Union (27);;2016;15.794.685;99.951.904;26.728.305;34.478.198
European Union (27);;2017;16.071.533;10.673.087;31.286.264;293.229
European Union (27);;2018;16.256.355;11.327.862;32.125.757;34.265.976
European Union (27);;2019;16.649.236;12.397.537;36.531.326;31.717.914
European Union (27);;2020;16.927.684;14.425.002;39.867.123;34.586.914
European Union (27);;2021;17.859.624;16.252.512;38.759.262;34.739.478
European Union (27);;2022;17.490.005;20.921.715;42.232.224;27.486.203
European Union (27);;2023;16.085.242;25.190.953;48.006.903;32.882.184
European Union (27);;2024;15.416.408;30.291.122;48.956.882;3.685.037
Finland;FIN;1965;0;0;0;9.353.536
Finland;FIN;1966;0;0;0;10.380.808
Finland;FIN;1967;0;0;0;116.292.925
Finland;FIN;1968;0;0;0;10.488.889
Finland;FIN;1969;0;0;0;8.745.455
Finland;FIN;1970;0;0;0;9.524.242
Finland;FIN;1971;0;0;0;10.680.808
Finland;FIN;1972;0;0;0;10.379.798
Finland;FIN;1973;0;0;0;10.579.798
Finland;FIN;1974;0;0;0;12.703.031
Finland;FIN;1975;0;0;0;12.209.091
Finland;FIN;1976;0;0;0;9.481.818
Finland;FIN;1977;0;0;0;12.181.818
Finland;FIN;1978;0;0;0;979.899
Finland;FIN;1979;0;0;0;108.707.075
Finland;FIN;1980;0;0;0;10.217.172
Finland;FIN;1981;0;0;0;13.654.546
Finland;FIN;1982;0;0;0;13.088.889
Finland;FIN;1983;0;0;0;13.580.808
Finland;FIN;1984;0;0;0;13.247.475
Finland;FIN;1985;0;0;0;12.334.344
Finland;FIN;1986;0;0;0;12.389.899
Finland;FIN;1987;0;0;0;13.795.959
Finland;FIN;1988;0;0;0;13.362.626
Finland;FIN;1989;0;0;0;13.030.303
Finland;FIN;1990;5.156;0.000455;0;10.859
Finland;FIN;1991;4.999;0.00052;0;13.197
Finland;FIN;1992;4.95;0.000594;0.002;15.107
Finland;FIN;1993;5.958;0.000672;0.004;13.476
Finland;FIN;1994;6.465;0.000751;0.007;11.787
Finland;FIN;1995;6.608;0.000837;0.011;12.925
Finland;FIN;1996;5.889;0.000982;0.011;11.86
Finland;FIN;1997;7.891;0.001208;0.017;12.242
Finland;FIN;1998;9.333;0.001292;0.023;15.051
Finland;FIN;1999;8.363;0.001417;0.049;12.78
Finland;FIN;2000;8.639.025;0.001576;0.078;14.66
Finland;FIN;2001;8.271.852;0.001715;0.07;13.205
Finland;FIN;2002;8.988.814;0.001865;0.064;10.776
Finland;FIN;2003;9.379.286;0.002097;0.093;9.591
Finland;FIN;2004;10.439.557;0.002361;0.120344;15.069.615
Finland;FIN;2005;9.512.216;0.002631;0.169942;13.784
Finland;FIN;2006;1.081.394;0.003379;0.155641;11.493.691
Finland;FIN;2007;9.954.877;0.003811;0.188408;14.177.206
Finland;FIN;2008;10.404.638;0.003944;0.26052;17.112.131
Finland;FIN;2009;8.733.982;0.004317;0.276624;1.268.603
Finland;FIN;2010;10.974.214;0.004739;0.294317;12.921.994
Finland;FIN;2011;11.244.833;0.0053;0.481393;12.445.039
Finland;FIN;2012;11.199.986;0.005749;0.494323;16.859.129
Finland;FIN;2013;12.010.922;0.006452;0.773692;12.838.601
Finland;FIN;2014;11.758.651;0.007752;1.107.172;13.397.044
Finland;FIN;2015;11.419.356;0.011311;2.327.359;16.768.698
Finland;FIN;2016;11.522.723;0.022066;3.068.041;15.799.127
Finland;FIN;2017;11.861.537;0.048513;4.795.192;14.771.469
Finland;FIN;2018;12.910.225;0.090225;5.838.668;13.301.104
Finland;FIN;2019;13.292.058;0.147182;6.024.746;12.420.475
Finland;FIN;2020;11.569.852;0.218471;8.255.676;15.883.341
Finland;FIN;2021;13.579.126;0.297518;8.506.734;15.791.129
Finland;FIN;2022;12.760.534;0.392342;12.021.995;1.349.176
Finland;FIN;2023;11.342.414;0.71644;15.043.174;15.200.385
Finland;FIN;2024;10.261.455;12.809.415;20.655.367;14.317.854
France;FRA;1965;0;0;0;46.881.092
France;FRA;1966;0.39;0;0;5.220.847
France;FRA;1967;0.605;0;0;4.537.766
France;FRA;1968;0.926;0;0;5.042.261
France;FRA;1969;1.067;0;0;5.294.209
France;FRA;1970;13.702.458;0;0;56.681.484
France;FRA;1971;13.918.225;0;0;48.856.724
France;FRA;1972;15.151.953;0;0;48.831.467
France;FRA;1973;15.500.864;0;0;47.696.262
France;FRA;1974;15.770.591;0;0;56.230.286
France;FRA;1975;14.158.849;0;0;60.107.937
France;FRA;1976;13.329;0;0;4.856.463
France;FRA;1977;13.745.815;0;0;76.322.975
France;FRA;1978;14.183.881;0;0;6.835.983
France;FRA;1979;14.840.102;0;0;66.419.136
France;FRA;1980;14.710.236;0;0;6.952.675
France;FRA;1981;14.921.525;0;0;7.219.517
France;FRA;1982;152.734;0;0;7.057.486
France;FRA;1983;15.587;0;0;69.443.016
France;FRA;1984;16.223;0;0;6.569.011
France;FRA;1985;165.215;0;0;61.916.004
France;FRA;1986;16.628;0;0;62.483
France;FRA;1987;17.506;0;0;70.498
France;FRA;1988;177.325;0;0;76.522
France;FRA;1989;184.145;0;0;46.636.997
France;FRA;1990;1.913;0;0.000271526;53.866
France;FRA;1991;2.102;0;0.000489604;57.602
France;FRA;1992;2.134;0.001488;0.000489604;68.956
France;FRA;1993;1.974;0.001683;0.00240218;64.895
France;FRA;1994;2.157;0.0018785;0.004704;78.794
France;FRA;1995;2.329;0.00204;0.0047142;73.119
France;FRA;1996;2.423;0.0026503;0.0074302;66.044
France;FRA;1997;2.675;0.0034068;0.0111284;63.764
France;FRA;1998;2.653;0.0040885;0.0194972;62.093
France;FRA;1999;2.853;0.0045475;0.03694443;72.514
France;FRA;2000;2.986;0.00522325;0.048;66.363
France;FRA;2001;3.334;0.0061605;0.131;74.268
France;FRA;2002;3.537;0.00710345;0.265;60.397
France;FRA;2003;3.717;0.0077673;0.388;58.943
France;FRA;2004;3.782;0.008447984;0.595;59.555
France;FRA;2005;3.872;0.01050076;0.962;51.48
France;FRA;2006;3.841;0.01190605;2.182;56.303
France;FRA;2007;4.216;0.018;4.07;57.604
France;FRA;2008;4.436;0.042;5.694;63.654
France;FRA;2009;4.578;0.174;7.912;56.994
France;FRA;2010;4.917;0.62;9.945;62.714
France;FRA;2011;5.518.408;207.784;12.561.006;44.848.557
France;FRA;2012;5.757.187;4.015.693;15.411.553;58.781.254
France;FRA;2013;6.096.901;4.734.146;16.387.354;708.423
France;FRA;2014;6.582.303;5.913.478;17.596.663;62.828.735
France;FRA;2015;71.144.433;7.263.165;2.177.858;54.556.957
France;FRA;2016;77.130.413;8.164.944;21.735.586;59.923.428
France;FRA;2017;8.246.541;9.102.626;2.503.588;48.964.455
France;FRA;2018;8.631.376;10.327.941;2.910.284;63.915.768
France;FRA;2019;8.763.643;11.647.888;3.530.979;56.027.714
France;FRA;2020;8.812.483;12.716.188;40.543.602;61.703.796
France;FRA;2021;9.240.985;14.880.584;37.487.778;58.653.072
France;FRA;2022;9.680.372;19.144.035;3.886.119;4.427.017
France;FRA;2023;9.514.223;21.312.368;5.139.639;55.720.673
France;FRA;2024;9.612.644;23.183.577;47.145.226;70.907.906
Germany;DEU;1965;0;0;0;1.621.221
Germany;DEU;1966;0;0;0;17.533.998
Germany;DEU;1967;0;0;0;16.652.311
Germany;DEU;1968;0;0;0;1.689.899
Germany;DEU;1969;0;0;0;13.713.478
Germany;DEU;1970;0.92002016;0;0;17.533.678
Germany;DEU;1971;10.010.282;0;0;13.455.188
Germany;DEU;1972;10.187.488;0;0;13.205.894
Germany;DEU;1973;10.531.049;0;0;15.229.462
Germany;DEU;1974;107.625;0;0;17.638.132
Germany;DEU;1975;11.247.102;0;0;17.059.124
Germany;DEU;1976;12.776.853;0;0;13.846.833
Germany;DEU;1977;12.465.839;0;0;1.758.216
Germany;DEU;1978;1.317.466;0;0;18.362.234
Germany;DEU;1979;14.433.178;0;0;18.383.686
Germany;DEU;1980;19.662.538;0;0;19.069.143
Germany;DEU;1981;18.042.376;0;0;19.914.673
Germany;DEU;1982;1.798.813;0;0;19.737.993
Germany;DEU;1983;15.402.381;0;0;18.712.017
Germany;DEU;1984;16.429.448;0;0;18.479.174
Germany;DEU;1985;16.440.297;0;0;1.740.065
Germany;DEU;1986;15.955.696;0;0.001;18.571.981
Germany;DEU;1987;14.458.493;0;0.002;2.034.297
Germany;DEU;1988;16.378.818;0;0.008;20.079.391
Germany;DEU;1989;17.492.679;0;0.026;18.243.729
Germany;DEU;1990;1.435;0.001;0.071;17.335
Germany;DEU;1991;1.511;0.001;0.1;15.85
Germany;DEU;1992;1.562;0.002;0.275;18.635
Germany;DEU;1993;1.663;0.003;0.6;18.96
Germany;DEU;1994;1.906;0.004;0.909;20.195
Germany;DEU;1995;2.049;0.005;1.5;21.556
Germany;DEU;1996;2.143;0.006;2.032;18.818
Germany;DEU;1997;2.297;0.011;2.966;18.952
Germany;DEU;1998;2.718;0.015;4.489;19.002
Germany;DEU;1999;2.94;0.019;5.528;20.686
Germany;DEU;2000;3.4;0;9.5;24.9
Germany;DEU;2001;5.2;0.1;10.5;23.2
Germany;DEU;2002;6.4;0.2;15.8;23.7
Germany;DEU;2003;8.948.651;0.313;19.087;18.321.198
Germany;DEU;2004;10.635.514;0.557;26.019;20.745.722
Germany;DEU;2005;14.707.401;1.308;27.774;19.638
Germany;DEU;2006;18.935.265;2.265;31.324;20.031
Germany;DEU;2007;24.615.967;3.137;40.507;21.17
Germany;DEU;2008;28.033.205;4.508;41.385;20.443
Germany;DEU;2009;30.904.196;6.715;39.42;19.031
Germany;DEU;2010;33.952.076;11.963;38.547;20.953
Germany;DEU;2011;36.909.298;19.991;49.857;17.671
Germany;DEU;2012;43.228.863;26.744;51.68;21.755
Germany;DEU;2013;4.559.228;30.621;52.737;22.998
Germany;DEU;2014;48.386.147;35.448;58.497;19.587
Germany;DEU;2015;50.459.496;38.076;80.624;18.977
Germany;DEU;2016;51.103.508;37.556;79.924;20.546
Germany;DEU;2017;51.080.452;38.761;105.693;20.15
Germany;DEU;2018;5.097.157;44.32;109.951;17.693
Germany;DEU;2019;5.032.362;45.221;125.894;19.731
Germany;DEU;2020;5.116.132;49.496;132.102;18.322
Germany;DEU;2021;50.304.493;49.34;114.647;19.657.415
Germany;DEU;2022;51.902.596;60.304;124.816;17.624.172
Germany;DEU;2023;4.957.122;63.873;141.764;19.895.378
Germany;DEU;2024;48.790.928;74.134;138.859;22.213
Greece;GRC;1965;0;0;0;0.801
Greece;GRC;1966;0;0;0;1.73
Greece;GRC;1967;0;0;0;1.66
Greece;GRC;1968;0;0;0;1.368
Greece;GRC;1969;0;0;0;2.055
Greece;GRC;1970;0;0;0;2.636
Greece;GRC;1971;0;0;0;2.652
Greece;GRC;1972;0;0;0;2.677
Greece;GRC;1973;0;0;0;2.223
Greece;GRC;1974;0;0;0;2.347
Greece;GRC;1975;0;0;0;2.015
Greece;GRC;1976;0;0;0;1.879
Greece;GRC;1977;0;0;0;1.922
Greece;GRC;1978;0;0;0;2.988
Greece;GRC;1979;0;0;0;3.566
Greece;GRC;1980;0;0;0;3.405
Greece;GRC;1981;0;0;0;3.407
Greece;GRC;1982;0;0;0;3.561
Greece;GRC;1983;0;0;0;2.34
Greece;GRC;1984;0;0;0;2.862
Greece;GRC;1985;0;0;0;2.805
Greece;GRC;1986;0;0;0;3.235
Greece;GRC;1987;0;0;0.001;2.78
Greece;GRC;1988;0;0;0.001;2.366
Greece;GRC;1989;0;0;0.001;1.9
Greece;GRC;1990;0;0;0.002;1.769
Greece;GRC;1991;0;0;0.002;3.099
Greece;GRC;1992;0.001;0;0.008;2.203
Greece;GRC;1993;0.001;0;0.047;2.282
Greece;GRC;1994;0.001;0;0.037;2.599
Greece;GRC;1995;0.001;0;0.034;3.529
Greece;GRC;1996;0;0;0.038;4.348
Greece;GRC;1997;0;0;0.036;3.882
Greece;GRC;1998;0;0;0.07;3.717
Greece;GRC;1999;0.001;0;0.162;4.592
Greece;GRC;2000;0;0;0.451;3.693
Greece;GRC;2001;0.079;0;0.756;2.097
Greece;GRC;2002;0.126;0;0.651;2.8
Greece;GRC;2003;0.105;0;1.021;4.766
Greece;GRC;2004;0.124163;0.000775;1.120.765;4.672.078
Greece;GRC;2005;0.12152;0.000953;1.266.452;5.017.497
Greece;GRC;2006;0.114125;0.001386;1.699.353;5.864.849
Greece;GRC;2007;0.184;0.00142;1.818;2.591.422
Greece;GRC;2008;0.191356;0.005236;2.242;3.312.288
Greece;GRC;2009;0.217572;0.05;2.543;5.352.558
Greece;GRC;2010;0.19;0.157748;2.713.937;7.474.753
Greece;GRC;2011;0.206815;0.610311;3.315.227;4.011.165
Greece;GRC;2012;0.204294;1.693.986;3.850.157;4.392.525
Greece;GRC;2013;0.216409;3.648.101;4.139.136;6.346.921
Greece;GRC;2014;0.219661;3.791.885;3.688.575;4.478.322
Greece;GRC;2015;0.231426;3.899.636;4.621.019;6.098.194
Greece;GRC;2016;0.27423;3.929.716;5.145.896;5.542.638
Greece;GRC;2017;0.310028;3.991.477;5.536.987;3.962.547
Greece;GRC;2018;0.31407;3.790.652;6.300.259;5.743.448
Greece;GRC;2019;0.402027;442.851;7.266.347;3.999.598
Greece;GRC;2020;0.453554;4.446.854;9.310.104;3.343.687
Greece;GRC;2021;0.499205;5.250.978;10.482.981;5.903.439
Greece;GRC;2022;0.568604;7.139.715;1.088.325;3.855.192
Greece;GRC;2023;0.654851;8.893.572;11.021.764;3.815.328
Greece;GRC;2024;0.7260179;10.168.503;11.947.859;32.183.368
High-income countries;;1965;17.885.233;0;0;7.086.991
High-income countries;;1966;19.684.008;0;0;748.128
High-income countries;;1967;19.813.572;0;0;76.725.696
High-income countries;;1968;21.941.046;0;0;7.865.971
High-income countries;;1969;23.079.964;0;0;82.303.156
High-income countries;;1970;24.964.964;0;0;8.459.154
High-income countries;;1971;25.509.909;0;0;88.446.545
High-income countries;;1972;27.498.178;0;0;924.57
High-income countries;;1973;29.371.082;0;0;9.263.104
High-income countries;;1974;31.125.929;0;0;10.164.633
High-income countries;;1975;31.102.913;0;0;10.174.889
High-income countries;;1976;34.594.753;0;0;97.425.464
High-income countries;;1977;3.631.119;0;0;9.805.924
High-income countries;;1978;38.399.734;0;0.003;1.054.411
High-income countries;;1979;40.237.312;0;0.006;10.972.281
High-income countries;;1980;42.139.984;0;0.0105;10.887.665
High-income countries;;1981;43.527.237;0;0.0105;10.984.912
High-income countries;;1982;5.089.854;0;0.0185;11.267.185
High-income countries;;1983;55.702.415;0.003;0.03279495;11.812.301
High-income countries;;1984;63.336.765;0.006311111;0.044755556;11.781.267
High-income countries;;1985;64.973.274;0.011747475;0.0642202;13.340.208
High-income countries;;1986;6.980.781;0.015183839;0.1388313;13.354.481
High-income countries;;1987;7.507.503;0.01060303;0.19537677;13.288.092
High-income countries;;1988;77.287.704;0.01019596;0.3315798;13.308.645
High-income countries;;1989;870.035;0.2622232;2.649.777;13.017.162
High-income countries;;1990;9.670.526;0.38524994;35.981.474;13.445.411
High-income countries;;1991;101.118.904;0.5012229;3.962.106;13.649.559
High-income countries;;1992;10.780.938;0.4605791;4.511.029;1.352.192
High-income countries;;1993;11.221.799;0.5486695;53.911.333;14.159.816
High-income countries;;1994;115.643.394;0.5869649;6.536.823;13.821.321
High-income countries;;1995;11.763.131;0.6258407;71.368.384;14.623.927
High-income countries;;1996;120.880.806;0.6781294;8.184.981;14.660.482
High-income countries;;1997;12.843.282;0.7265302;10.711.638;15.032.139
High-income countries;;1998;13.255.415;0.78469133;14.342.827;1.473.823
High-income countries;;1999;1.364.449;0.8750173;19.050.505;14.843.721
High-income countries;;2000;13.993.452;10.061.297;28.700.922;14.929.869
High-income countries;;2001;14.530.156;13.493.878;3.470.231;14.121.918
High-income countries;;2002;1.584.697;17.004.634;4.842.735;14.130.983
High-income countries;;2003;16.612.064;21.290.364;5.855.832;13.820.155
High-income countries;;2004;18.011.015;28.203.647;77.624.626;14.200.316
High-income countries;;2005;19.495.755;40.099.363;9.514.363;14.369.843
High-income countries;;2006;2.054.946;5.543.012;11.838.905;14.481.941
High-income countries;;2007;2.187.481;7.505.002;15.126.659;14.208.772
High-income countries;;2008;2.280.538;12.286.263;18.951.372;14.544.327
High-income countries;;2009;23.743.007;20.458.181;22.678.685;14.621.564
High-income countries;;2010;25.897.763;3.264.029;26.750.854;1.474.617
High-income countries;;2011;27.012.286;61.179.203;3.295.038;14.892.076
High-income countries;;2012;2.925.266;932.425;3.800.161;14.932.139
High-income countries;;2013;30.938.153;12.284.364;4.406.714;15.414.417
High-income countries;;2014;32.503.033;16.261.171;47.294.257;15.233.762
High-income countries;;2015;3.438.271;19.979.823;55.064.545;14.819.265
High-income countries;;2016;3.436.215;2.326.374;5.933.872;15.269.797
High-income countries;;2017;35.069.553;2.806.605;6.831.016;15.137.128
High-income countries;;2018;3.609.001;3.212.429;7.248.062;15.573.364
High-income countries;;2019;36.420.798;3.688.343;8.056.166;15.044.458
High-income countries;;2020;36.858.682;44.095.657;9.071.715;15.717.161
High-income countries;;2021;38.600.073;5.238.714;9.385.946;15.375.063
High-income countries;;2022;378.278;6.457.517;1059.5;14.467.831
High-income countries;;2023;3.644.996;7.601.153;11.134.575;14.725.802
High-income countries;;2024;36.799.573;8.974.442;11.725.508;15.159.115
Hong Kong;HKG;1965;0;0;0;0
Hong Kong;HKG;1966;0;0;0;0
Hong Kong;HKG;1967;0;0;0;0
Hong Kong;HKG;1968;0;0;0;0
Hong Kong;HKG;1969;0;0;0;0
Hong Kong;HKG;1970;0;0;0;0
Hong Kong;HKG;1971;0;0;0;0
Hong Kong;HKG;1972;0;0;0;0
Hong Kong;HKG;1973;0;0;0;0
Hong Kong;HKG;1974;0;0;0;0
Hong Kong;HKG;1975;0;0;0;0
Hong Kong;HKG;1976;0;0;0;0
Hong Kong;HKG;1977;0;0;0;0
Hong Kong;HKG;1978;0;0;0;0
Hong Kong;HKG;1979;0;0;0;0
Hong Kong;HKG;1980;0;0;0;0
Hong Kong;HKG;1981;0;0;0;0
Hong Kong;HKG;1982;0;0;0;0
Hong Kong;HKG;1983;0;0;0;0
Hong Kong;HKG;1984;0;0;0;0
Hong Kong;HKG;1985;0;0;0;0
Hong Kong;HKG;1986;0;0;0;0
Hong Kong;HKG;1987;0;0;0;0
Hong Kong;HKG;1988;0;0;0;0
Hong Kong;HKG;1989;0;0;0;0
Hong Kong;HKG;1990;0;0;0;0
Hong Kong;HKG;1991;0;0;0;0
Hong Kong;HKG;1992;0;0;0;0
Hong Kong;HKG;1993;0;0;0;0
Hong Kong;HKG;1994;0;0;0;0
Hong Kong;HKG;1995;0;0;0;0
Hong Kong;HKG;1996;0;0;0;0
Hong Kong;HKG;1997;0;0;0;0
Hong Kong;HKG;1998;0;0;0;0
Hong Kong;HKG;1999;0;0;0;0
Hong Kong;HKG;2000;0;0;0;0
Hong Kong;HKG;2001;0;0;0;0
Hong Kong;HKG;2002;0;0;0;0
Hong Kong;HKG;2003;0;0;0;0
Hong Kong;HKG;2004;0;0;0;0
Hong Kong;HKG;2005;0;0;0;0
Hong Kong;HKG;2006;0;0;0.000694;0
Hong Kong;HKG;2007;0;0;0.000865;0
Hong Kong;HKG;2008;0;0;0.000807;0
Hong Kong;HKG;2009;0;0;0.001099;0
Hong Kong;HKG;2010;0.039;0.001;0.001041;0
Hong Kong;HKG;2011;0.043;0.003;0.000868;0
Hong Kong;HKG;2012;0.041;0.003;0.001053;0
Hong Kong;HKG;2013;0.036;0.003;0.000836;0
Hong Kong;HKG;2014;0.043;0.003;0.0009;0
Hong Kong;HKG;2015;0.057;0.004;0.000811;0
Hong Kong;HKG;2016;0.065;0.004;0.000492;0
Hong Kong;HKG;2017;0.065044;0.005605;0.001045;0
Hong Kong;HKG;2018;0.067185;0.006383;0.0007;0
Hong Kong;HKG;2019;0.074305;0.0166;0.0007;0
Hong Kong;HKG;2020;0.114057;0.052235;0.001026;0
Hong Kong;HKG;2021;0.14105;0.120359;0.000832;0
Hong Kong;HKG;2022;0.149691;0.179168;0.000832;0
Hong Kong;HKG;2023;0.1608702;0.32294837;0.000832;0
Hong Kong;HKG;2024;0.17926611;0.32383317;0.000834279;0
Hungary;HUN;1965;0;0;0;0.075
Hungary;HUN;1966;0;0;0;0.1
Hungary;HUN;1967;0;0;0;0.082
Hungary;HUN;1968;0;0;0;0.089
Hungary;HUN;1969;0;0;0;0.095
Hungary;HUN;1970;0;0;0;0.088
Hungary;HUN;1971;0;0;0;0.096
Hungary;HUN;1972;0;0;0;0.11
Hungary;HUN;1973;0;0;0;0.101
Hungary;HUN;1974;0;0;0;0.081
Hungary;HUN;1975;0;0;0;0.163
Hungary;HUN;1976;0;0;0;0.165
Hungary;HUN;1977;0;0;0;0.149
Hungary;HUN;1978;0;0;0;0.138
Hungary;HUN;1979;0;0;0;0.146
Hungary;HUN;1980;0;0;0;0.112
Hungary;HUN;1981;0;0;0;0.168
Hungary;HUN;1982;0;0;0;0.159
Hungary;HUN;1983;0;0;0;0.155
Hungary;HUN;1984;0;0;0;0.181
Hungary;HUN;1985;0;0;0;0.155
Hungary;HUN;1986;0;0;0;0.154
Hungary;HUN;1987;0;0;0;0.169
Hungary;HUN;1988;0;0;0;0.169
Hungary;HUN;1989;0;0;0;0.158
Hungary;HUN;1990;0.017;0;0;0.178
Hungary;HUN;1991;0.024;0;0;0.194
Hungary;HUN;1992;0.046;0;0;0.158
Hungary;HUN;1993;0.039;0;0;0.166
Hungary;HUN;1994;0.045;0;0;0.161
Hungary;HUN;1995;0.056;0;0;0.163
Hungary;HUN;1996;0.05;0;0;0.207
Hungary;HUN;1997;0.053;0;0;0.216
Hungary;HUN;1998;0.06;0;0;0.155
Hungary;HUN;1999;0.065;0;0;0.181
Hungary;HUN;2000;0.065;0;0;0.178
Hungary;HUN;2001;0.07;0;0.001;0.186
Hungary;HUN;2002;0.042;0;0.001;0.194
Hungary;HUN;2003;0.161;0;0.004;0.171
Hungary;HUN;2004;0.725;0;0.006;0.205
Hungary;HUN;2005;1.658;0;0.01;0.202
Hungary;HUN;2006;1.264;0;0.043;0.186
Hungary;HUN;2007;1.563;0;0.11;0.21
Hungary;HUN;2008;1.938;0.001;0.205;0.213
Hungary;HUN;2009;2.335;0.001;0.331;0.228
Hungary;HUN;2010;2.297;0.001;0.527;0.188
Hungary;HUN;2011;1.859;0.001;0.626;0.222
Hungary;HUN;2012;1.655;0.008;0.771181;0.213
Hungary;HUN;2013;1.832;0.025;0.717905;0.213
Hungary;HUN;2014;2.126;0.067;0.65654;0.301
Hungary;HUN;2015;2.161;0.141;0.693;0.234
Hungary;HUN;2016;2.071;0.244;0.684;0.259
Hungary;HUN;2017;2.153;0.349;0.758;0.22
Hungary;HUN;2018;2.308;0.629;0.607;0.222
Hungary;HUN;2019;2.245;1.497;0.729;0.219
Hungary;HUN;2020;2.171;2.459;0.655;0.244
Hungary;HUN;2021;2.243;3.796;0.664;0.212
Hungary;HUN;2022;2.142;4.732;0.61;0.178
Hungary;HUN;2023;1.58;6.925;0.646;0.222
Hungary;HUN;2024;1.745.108;8.973.962;0.657892;0.231262
Iceland;ISL;1965;0;0;0;0.6407
Iceland;ISL;1966;0;0;0;0.6239
Iceland;ISL;1967;0;0;0;0.6645
Iceland;ISL;1968;0;0;0;0.6869
Iceland;ISL;1969;0.001904;0;0;0.8601
Iceland;ISL;1970;0.012091;0;0;14.129
Iceland;ISL;1971;0.012033;0;0;15.396
Iceland;ISL;1972;0.021664;0;0;17.026
Iceland;ISL;1973;0.0242;0;0;2.181
Iceland;ISL;1974;0.005751;0;0;22.582
Iceland;ISL;1975;0.018347;0;0;22.056
Iceland;ISL;1976;0.019012;0;0;23.495
Iceland;ISL;1977;0.016126;0;0;25.197
Iceland;ISL;1978;0.018285;0;0;2.605
Iceland;ISL;1979;0.04563;0;0;28.191
Iceland;ISL;1980;0.044672;0;0;30.532
Iceland;ISL;1981;0.123133;0;0;30.845
Iceland;ISL;1982;0.158968;0;0;34.071
Iceland;ISL;1983;0.171714;0;0;35.879
Iceland;ISL;1984;0.173233;0;0;37.379
Iceland;ISL;1985;0.171233;0;0;36.629
Iceland;ISL;1986;0.212339;0;0;38.418
Iceland;ISL;1987;0.234136;0;0;3.914
Iceland;ISL;1988;0.245608;0;0;4.164
Iceland;ISL;1989;0.257508;0;0;42.132
Iceland;ISL;1990;0.28291;0;0;41.537
Iceland;ISL;1991;0.267025;0;0;41.537
Iceland;ISL;1992;0.229769;0;0;4.304.298
Iceland;ISL;1993;0.254272;0;0;4.460.998
Iceland;ISL;1994;0.258365;0;0;4.509.295
Iceland;ISL;1995;0.288177;0;0;4.677.187
Iceland;ISL;1996;0.34313428;0;0;4.762.314
Iceland;ISL;1997;0.37307242;0;0;5.201.305
Iceland;ISL;1998;0.65265805;0;0;5.615.576
Iceland;ISL;1999;1.135.673;0;0;6.041.841
Iceland;ISL;2000;1.322.663;0;0;6.350.488
Iceland;ISL;2001;1.450.863;0;0;6.572.595
Iceland;ISL;2002;143.042;0;0;6.970.682
Iceland;ISL;2003;14.046.782;0;0;70.823.274
Iceland;ISL;2004;14.823.828;0;0;7.131.893
Iceland;ISL;2005;16.590.298;0;0;7.015.286
Iceland;ISL;2006;2.632.598;0;0;7.288.997
Iceland;ISL;2007;35.806.527;0;0;8.393.735
Iceland;ISL;2008;4.037.937;0;0;12.427.433
Iceland;ISL;2009;45.530.868;0;0;12.279.343
Iceland;ISL;2010;44.653.225;0;0;12.592.082
Iceland;ISL;2011;4.701.463;0;0.000007936;12.506.839
Iceland;ISL;2012;5.209.505;0;0;1.233.653
Iceland;ISL;2013;5.244.992;0;0.005484748;128.628.435
Iceland;ISL;2014;52.383.647;0;0.008385545;12.873.015
Iceland;ISL;2015;5.002.982;0;0.010894204;13.780.769
Iceland;ISL;2016;506.728;0;0.009209778;13.469.596
Iceland;ISL;2017;51.695.986;0;0.008126884;140.587.225
Iceland;ISL;2018;6.009.834;0;0.004363;13.812.796
Iceland;ISL;2019;60.181.384;0;0.006569191;13.461.466
Iceland;ISL;2020;59.606.023;0;0.0066603;13.156.972
Iceland;ISL;2021;58.016;0;0.006087;13.804
Iceland;ISL;2022;5.916.097;0.000006;0.005749;14.195.721
Iceland;ISL;2023;6.006.219;0.000009;0.007228;14.225.992
Iceland;ISL;2024;5.966.055;0.000008;0.012339001;1.358.024
India;IND;1965;0;0;0;19.166.937
India;IND;1966;0;0;0;20.015.463
India;IND;1967;0;0;0;2.239.752
India;IND;1968;0;0;0;25.849.072
India;IND;1969;0;0;0;28.699.583
India;IND;1970;0;0;0;30.436.407
India;IND;1971;0;0;0;33.384.148
India;IND;1972;0;0;0;3.240.304
India;IND;1973;0;0;0;34.506.676
India;IND;1974;0;0;0;33.202.953
India;IND;1975;0;0;0;39.668.533
India;IND;1976;0;0;0;41.498.165
India;IND;1977;0;0;0;45.276.752
India;IND;1978;0;0;0;5.617.499
India;IND;1979;0;0;0;54.168.587
India;IND;1980;0;0;0;55.441.372
India;IND;1981;0;0;0;5.908.296
India;IND;1982;0;0;0;49.859.673
India;IND;1983;0;0;0;48.043.297
India;IND;1984;0;0;0;53.682.453
India;IND;1985;0;0;0;51.813.046
India;IND;1986;0;0;0;52.568.764
India;IND;1987;0;0;0;48.962.532
India;IND;1988;0;0;0;54.614.944
India;IND;1989;0;0;0;63.369.778
India;IND;1990;0.037586335;0;0.030303031;66.397.064
India;IND;1991;0.09507132;0;0.11291;73.918.884
India;IND;1992;0.11939189;0;0.08847;70.060.745
India;IND;1993;0.25204954;0;0.09477;707.325
India;IND;1994;0.3802853;0;0.19128;8.021.211
India;IND;1995;0.56379503;0.001010101;0.49647;75.920.876
India;IND;1996;0.75614864;0.006060606;0.87838;6.905.754
India;IND;1997;0.9816667;0.006060606;0.988;70.211.006
India;IND;1998;12.925.278;0.006060606;1.079;8.363.273
India;IND;1999;16.860.788;0.006060606;1.446;8.224.945
India;IND;2000;16.860.788;0.007070707;1.582;76.990.364
India;IND;2001;206.915;0.011111111;2.085;72.022.964
India;IND;2002;21.399.007;0.013131313;2.085;6.854.489
India;IND;2003;27.125.397;0.016161617;260.448;6.929.619
India;IND;2004;33.143.632;0.018181818;522.543;100.636
India;IND;2005;4.035.136;0.018181818;5.991;97.42
India;IND;2006;5.587;0.0072;93.373;11.261.733
India;IND;2007;7.403;0.059;116.828;1.226.131
India;IND;2008;9.302;0.063;143.782;11.516.902
India;IND;2009;10.557.121;0.075;16.271;10.633.803
India;IND;2010;13.218.581;0.113;194.564;108.744.095
India;IND;2011;15.457.723;0.827;239.523;1.317.046
India;IND;2012;16.516.031;2.099;274.326;115.776.375
India;IND;2013;17.572.956;3.433;300.074;13.198.302
India;IND;2014;21.144.981;4.909;334.549;13.899.629
India;IND;2015;18.360.935;70.925.517;3.274.138;13.347.508
India;IND;2016;17.201.618;12.202.886;4.345.271;12.855.463
India;IND;2017;14.987.752;22.364.824;5.262.928;1.359.791
India;IND;2018;18.403.305;3.745.111;6.031.128;13.992.252
India;IND;2019;18.988.113;476.505;6.331.423;16.228.539
India;IND;2020;1.988.381;60.446.114;60.427.402;16.394.116
India;IND;2021;2.119.745;70.192.726;68.094.246;160.565
India;IND;2022;232.931;9.745.222;70.045.166;17.508.661
India;IND;2023;23.006.577;1.161.257;8.210.639;1.494.338
India;IND;2024;22.249.485;13.675.388;8.154.415;15.652.817
Indonesia;IDN;1965;0;0;0;18.252.122
Indonesia;IDN;1966;0;0;0;23.732.178
Indonesia;IDN;1967;0;0;0;26.648.982
Indonesia;IDN;1968;0;0;0;3.292.453
Indonesia;IDN;1969;0;0;0;34.427.125
Indonesia;IDN;1970;0;0;0;41.851.716
Indonesia;IDN;1971;0;0;0;13.788.528
Indonesia;IDN;1972;0;0;0;12.330.126
Indonesia;IDN;1973;0;0;0;15.556.288
Indonesia;IDN;1974;0;0;0;1.723.566
Indonesia;IDN;1975;0;0;0;18.075.346
Indonesia;IDN;1976;0;0;0;1.060.656
Indonesia;IDN;1977;0;0;0;17.633.406
Indonesia;IDN;1978;0;0;0;1.259.529
Indonesia;IDN;1979;0;0;0;14.009.498
Indonesia;IDN;1980;0;0;0;12.683.678
Indonesia;IDN;1981;0;0;0;12.639.484
Indonesia;IDN;1982;0;0;0;13.788.528
Indonesia;IDN;1983;0;0;0;20.726.986
Indonesia;IDN;1984;0;0;0;22.627.327
Indonesia;IDN;1985;0;0;0;27.665.443
Indonesia;IDN;1986;0;0;0;44.547.553
Indonesia;IDN;1987;0;0;0;45.829.177
Indonesia;IDN;1988;0;0;0;50.336.967
Indonesia;IDN;1989;0;0;0;62.799.673
Indonesia;IDN;1990;112.742;0;0;649.244
Indonesia;IDN;1991;105.146;0;0;740.917
Indonesia;IDN;1992;108.574;0;0;964.548
Indonesia;IDN;1993;109.197;0;0;889.108
Indonesia;IDN;1994;160.391;0;0;798.294
Indonesia;IDN;1995;221.253;0;0;829.314
Indonesia;IDN;1996;234.287;0;0;882.437
Indonesia;IDN;1997;272.838;0;0;586.562
Indonesia;IDN;1998;32.865;0;0;103.635
Indonesia;IDN;1999;394.073;0;0;1.037.978
Indonesia;IDN;2000;48.724;0;0;10.016
Indonesia;IDN;2001;60.346;0;0;11.655
Indonesia;IDN;2002;62.433;0;0;9.933
Indonesia;IDN;2003;63.019;0;0;9.099
Indonesia;IDN;2004;66.656;0;0;9.674
Indonesia;IDN;2005;6.615;0;0;10.725
Indonesia;IDN;2006;6.674;0;0;9.623
Indonesia;IDN;2007;7.039;0;0.00002;11.286
Indonesia;IDN;2008;8.336.595;0.0001;0.00027;1.152.825
Indonesia;IDN;2009;9.326.545;0.0001;0.00367;1.138.385
Indonesia;IDN;2010;940.429;0.00052;0.00364;1.745.622
Indonesia;IDN;2011;957.289;0.00077;0.00469;124.189
Indonesia;IDN;2012;968.067;0.00301;0.00461;1.279.911
Indonesia;IDN;2013;957.752;0.0055;0.0001;1.692.278
Indonesia;IDN;2014;102.617;0.00681;0;1.516.129
Indonesia;IDN;2015;10.518.175;0.00528;0.0037;1.374.053
Indonesia;IDN;2016;1.124.301;0.02109;0.00569;1.867.689
Indonesia;IDN;2017;1.335.233;0.02905;0;1.863.239
Indonesia;IDN;2018;2.644.828;0.09027;0.18998;2.163.638
Indonesia;IDN;2019;262.815;0.11828;0.484;21.161
Indonesia;IDN;2020;279.305;0.17097;0.475;24.325
Indonesia;IDN;2021;308.745;0.19262;0.437;24.697
Indonesia;IDN;2022;37.298;0.44373;0.356;27.295
Indonesia;IDN;2023;394.105;0.71287;0.481;24.59
Indonesia;IDN;2024;44.452.133;0.9248443;0.4823178;26.486.706
Iran;IRN;1965;0;0;0;17.191.466
Iran;IRN;1966;0;0;0;18.473.092
Iran;IRN;1967;0;0;0;198.873
Iran;IRN;1968;0;0;0;21.389.897
Iran;IRN;1969;0;0;0;23.025.074
Iran;IRN;1970;0;0;0;24.792.833
Iran;IRN;1971;0;0;0;26.648.982
Iran;IRN;1972;0;0;0;35.001.647
Iran;IRN;1973;0;0;0;29.654.174
Iran;IRN;1974;0;0;0;32.659.366
Iran;IRN;1975;0;0;0;34.294.543
Iran;IRN;1976;0;0;0;38.360.393
Iran;IRN;1977;0;0;0;39.642.017
Iran;IRN;1978;0;0;0;6.209.257
Iran;IRN;1979;0;0;0;5.382.829
Iran;IRN;1980;0;0;0;5.581.702
Iran;IRN;1981;0;0;0;60.943.527
Iran;IRN;1982;0;0;0;63.948.717
Iran;IRN;1983;0;0;0;625.787
Iran;IRN;1984;0;0;0;58.512.855
Iran;IRN;1985;0;0;0;5.899
Iran;IRN;1986;0;0;0;7.05
Iran;IRN;1987;0;0;0;7.816
Iran;IRN;1988;0;0;0;8.246
Iran;IRN;1989;0;0;0;6.732
Iran;IRN;1990;0;0;0;7.381
Iran;IRN;1991;0;0;0;5.607
Iran;IRN;1992;0;0;0;9.204
Iran;IRN;1993;0;0;0;10.533
Iran;IRN;1994;0;0;0;6.896
Iran;IRN;1995;0;0;0;8.323
Iran;IRN;1996;0;0;0;8.814
Iran;IRN;1997;0;0;0;5.941
Iran;IRN;1998;0;0;0;7.488
Iran;IRN;1999;0;0;0.035;5.143
Iran;IRN;2000;0;0;0.0365;3.781
Iran;IRN;2001;0;0;0.0337;4.122
Iran;IRN;2002;0;0;0.0303;8.012
Iran;IRN;2003;0;0;0.0276;9.588
Iran;IRN;2004;0;0;0.0463;11.933
Iran;IRN;2005;0;0;0.0709;14.448
Iran;IRN;2006;0;0.0001;0.1253;18.509
Iran;IRN;2007;0;0.0001;0.1409;17.959
Iran;IRN;2008;0;0.0002;0.1958;7.438
Iran;IRN;2009;0.0017;0.0003;0.2262;6.723
Iran;IRN;2010;0.0102;0.0007;0.169;10.252
Iran;IRN;2011;0.022;0.0007;0.212;10.684
Iran;IRN;2012;0.0226;0.0007;0.283;12.502
Iran;IRN;2013;0.0193;0.0007;0.219;14.624
Iran;IRN;2014;0.0466;0.0007;0.2;14.504
Iran;IRN;2015;0.0163;0.0015;0.141;13.252
Iran;IRN;2016;0.0218;0.005;0.156;15.422
Iran;IRN;2017;0.02444;0.085805;0.318;17.232
Iran;IRN;2018;0.02444;0.221816;0.75;9.838
Iran;IRN;2019;0.010686;0.510473;0.722;33.865
Iran;IRN;2020;0.022342;0.583868;1.126;23.205
Iran;IRN;2021;0.022341;0.619635;11.306.508;13.827
Iran;IRN;2022;0.022341;0.619635;11.306.508;14.004
Iran;IRN;2023;0.022341;0.68356544;12.063.249;2.281.529
Iran;IRN;2024;0.03438009;0.9004023;12.474.548;18.873.251
Iraq;IRQ;1965;0;0;0;0.0707104
Iraq;IRQ;1966;0;0;0;0.0928074
Iraq;IRQ;1967;0;0;0;0.1060656
Iraq;IRQ;1968;0;0;0;0.1281626
Iraq;IRQ;1969;0;0;0;0.1414208
Iraq;IRQ;1970;0;0;0;0.1723566
Iraq;IRQ;1971;0;0;0;0.2
Iraq;IRQ;1972;0;0;0;0.2
Iraq;IRQ;1973;0;0;0;0.29
Iraq;IRQ;1974;0;0;0;0.4
Iraq;IRQ;1975;0;0;0;0.461
Iraq;IRQ;1976;0;0;0;0.459
Iraq;IRQ;1977;0;0;0;0.566
Iraq;IRQ;1978;0;0;0;0.708
Iraq;IRQ;1979;0;0;0;1.032
Iraq;IRQ;1980;0;0;0;0.69
Iraq;IRQ;1981;0;0;0;0.61
Iraq;IRQ;1982;0;0;0;0.6
Iraq;IRQ;1983;0;0;0;0.6
Iraq;IRQ;1984;0;0;0;0.61
Iraq;IRQ;1985;0;0;0;0.61
Iraq;IRQ;1986;0;0;0;0.6
Iraq;IRQ;1987;0;0;0;2.6
Iraq;IRQ;1988;0;0;0;2.6
Iraq;IRQ;1989;0;0;0;2.6
Iraq;IRQ;1990;0;0;0;4.650.264
Iraq;IRQ;1991;0;0;0;2.145.184
Iraq;IRQ;1992;0;0;0;5.219.066
Iraq;IRQ;1993;0;0;0;6.161.732
Iraq;IRQ;1994;0;0;0;6.247.761
Iraq;IRQ;1995;0;0;0;7.119.707
Iraq;IRQ;1996;0;0;0;6.489.375
Iraq;IRQ;1997;0;0;0;6.608.055
Iraq;IRQ;1998;0;0;0;619.756
Iraq;IRQ;1999;0;0;0;355.905
Iraq;IRQ;2000;0;0;0;3.196.577
Iraq;IRQ;2001;0;0;0;3.701.006
Iraq;IRQ;2002;0;0;0;456.004
Iraq;IRQ;2003;0;0;0;47.559
Iraq;IRQ;2004;0;0;0;5.749.923
Iraq;IRQ;2005;0;0;0;4.893.819
Iraq;IRQ;2006;0;0;0;499.076
Iraq;IRQ;2007;0;0;0;456.631
Iraq;IRQ;2008;0;0;0;2.932.036
Iraq;IRQ;2009;0;0;0;283.021
Iraq;IRQ;2010;0;0;0;3.615.072
Iraq;IRQ;2011;0;0;0;3.399.509
Iraq;IRQ;2012;0;0;0;4.396.909
Iraq;IRQ;2013;0;0.0463;0;4.608.721
Iraq;IRQ;2014;0;0.0573;0;2.835.202
Iraq;IRQ;2015;0;0.057305;0;2.546.137
Iraq;IRQ;2016;0;0.057305;0;3.371.234
Iraq;IRQ;2017;0;0.057305;0;2.176.083
Iraq;IRQ;2018;0;0.376545;0;1.817.702
Iraq;IRQ;2019;0;0.376545;0;4.963.264
Iraq;IRQ;2020;0;0.37757662;0;4.161.628
Iraq;IRQ;2021;0;0.376545;0;3.345.781
Iraq;IRQ;2022;0;0.376545;0;2.650.656
Iraq;IRQ;2023;0;0.376545;0;1.382.999
Iraq;IRQ;2024;0;0.37757662;0;1.386.788
Ireland;IRL;1965;0;0;0;0.94203
Ireland;IRL;1966;0;0;0;0.84899
Ireland;IRL;1967;0;0;0;0.80247
Ireland;IRL;1968;0;0;0;0.76758
Ireland;IRL;1969;0;0;0;0.5815
Ireland;IRL;1970;0;0;0;0.80247
Ireland;IRL;1971;0;0;0;0.4652
Ireland;IRL;1972;0;0;0;0.68617
Ireland;IRL;1973;0;0;0;0.63965
Ireland;IRL;1974;0;0;0;0.79084
Ireland;IRL;1975;0;0;0;0.52335
Ireland;IRL;1976;0;0;0;0.59313
Ireland;IRL;1977;0;0;0;0.74432
Ireland;IRL;1978;0;0;0;0.6978
Ireland;IRL;1979;0;0;0;0.82573
Ireland;IRL;1980;0;0;0;0.83736
Ireland;IRL;1981;0;0;0;0.86062
Ireland;IRL;1982;0;0;0;0.80247
Ireland;IRL;1983;0;0;0;0.77921
Ireland;IRL;1984;0;0;0;0.68617
Ireland;IRL;1985;0;0;0;0.83736
Ireland;IRL;1986;0;0;0;0.91877
Ireland;IRL;1987;0;0;0;0.68617
Ireland;IRL;1988;0;0;0;0.87225
Ireland;IRL;1989;0;0;0;0.6978
Ireland;IRL;1990;0;0;0;0.697
Ireland;IRL;1991;0;0;0;0.746
Ireland;IRL;1992;0;0;0.0050009;0.817
Ireland;IRL;1993;0;0;0.0150027;0.765
Ireland;IRL;1994;0;0;0.01900342;0.92
Ireland;IRL;1995;0;0;0.01600288;0.713
Ireland;IRL;1996;0.02700486;0;0.01400252;0.722
Ireland;IRL;1997;0.08101458;0;0.050009;0.678
Ireland;IRL;1998;0.0850153;0;0.16903041;0.916
Ireland;IRL;1999;0.09101638;0;0.18703365;0.846
Ireland;IRL;2000;0.0950171;0;0.24404392;0.846
Ireland;IRL;2001;0.09701746;0;0.33406013;0.596
Ireland;IRL;2002;0.08101458;0;0.38806984;0.912
Ireland;IRL;2003;0.08601548;0;0.4540817;0.598
Ireland;IRL;2004;0.10901962;0;0.6551179;0.63
Ireland;IRL;2005;0.13028544;0;11.121.101;0.63126
Ireland;IRL;2006;0.12845582;0;16.223.332;0.724273
Ireland;IRL;2007;0.17003784;0;19.587.231;0.666576
Ireland;IRL;2008;0.2089215;0;2.410.447;0.968323
Ireland;IRL;2009;0.2513545;0.000424236;29.557.493;0.901734
Ireland;IRL;2010;0.3150562;0.000476107;28.151.658;0.599231
Ireland;IRL;2011;0.3360968;0.000542081;4.381.103;0.706687
Ireland;IRL;2012;0.43932655;0.000645929;40.112;0.802349
Ireland;IRL;2013;0.48095158;0.000699463;4.542.332;0.599497
Ireland;IRL;2014;0.5362493;0.000946215;51.409.864;0.708654
Ireland;IRL;2015;0.47624168;0.001616621;65.741.806;0.80649
Ireland;IRL;2016;0.679216;0.004736;6.248.551;0.681025
Ireland;IRL;2017;0.735247;0.009951;7.567.004;0.691603
Ireland;IRL;2018;0.848341;0.018151;8.782.527;0.69409
Ireland;IRL;2019;0.854785;0.033811;10.184.945;0.886584
Ireland;IRL;2020;0.923773;0.055114;11.740.253;0.932655
Ireland;IRL;2021;0.994948;0.084647;9.939.705;0.74942
Ireland;IRL;2022;1.013.688;0.148665;11.393.491;0.701202
Ireland;IRL;2023;0.830855;0.646482;11.863.352;0.942751
Ireland;IRL;2024;0.8038648;11.223.793;11.620.009;0.76881003
Israel;ISR;1965;0;0;0;0
Israel;ISR;1966;0;0;0;0
Israel;ISR;1967;0;0;0;0
Israel;ISR;1968;0;0;0;0
Israel;ISR;1969;0;0;0;0
Israel;ISR;1970;0;0;0;0
Israel;ISR;1971;0;0;0;0
Israel;ISR;1972;0;0;0;0
Israel;ISR;1973;0;0;0;0
Israel;ISR;1974;0;0;0;0
Israel;ISR;1975;0;0;0;0
Israel;ISR;1976;0;0;0;0
Israel;ISR;1977;0;0;0;0
Israel;ISR;1978;0;0;0;0
Israel;ISR;1979;0;0;0;0
Israel;ISR;1980;0;0;0;0
Israel;ISR;1981;0;0;0;0.002
Israel;ISR;1982;0;0;0;0.002
Israel;ISR;1983;0;0;0;0.001
Israel;ISR;1984;0;0;0;0.002
Israel;ISR;1985;0;0;0;0.002
Israel;ISR;1986;0;0;0;0.006
Israel;ISR;1987;0;0;0;0.01
Israel;ISR;1988;0;0;0;0.01
Israel;ISR;1989;0;0;0;0.003
Israel;ISR;1990;0;0;0;0.003
Israel;ISR;1991;0;0;0;0.006
Israel;ISR;1992;0;0;0;0.029
Israel;ISR;1993;0;0;0;0.026
Israel;ISR;1994;0;0;0;0.023
Israel;ISR;1995;0;0;0;0.025
Israel;ISR;1996;0;0;0;0.024
Israel;ISR;1997;0;0;0;0.025
Israel;ISR;1998;0;0;0;0.025
Israel;ISR;1999;0;0;0;0.033
Israel;ISR;2000;0;0;0;0.031
Israel;ISR;2001;0;0;0.01;0.01
Israel;ISR;2002;0;0;0.011;0.021
Israel;ISR;2003;0;0;0.012;0.031
Israel;ISR;2004;0;0;0.011;0.028
Israel;ISR;2005;0;0;0.011;0.028
Israel;ISR;2006;0;0;0.01;0.015
Israel;ISR;2007;0;0;0.01;0.014
Israel;ISR;2008;0.007;0;0.009;0.016
Israel;ISR;2009;0.042;0.024;0.009;0.024
Israel;ISR;2010;0.061;0.07;0.008;0.031
Israel;ISR;2011;0.073;0.192;0.007;0.029
Israel;ISR;2012;0.076;0.369;0.006;0.033
Israel;ISR;2013;0.043;0.4849;0.006;0.0277
Israel;ISR;2014;0.0621;0.8404;0.0414;0.0127
Israel;ISR;2015;0.0703;12.162;0.0066;0.0245
Israel;ISR;2016;0.122;16.355;0.03002;0.02538
Israel;ISR;2017;0.124941;1.643;0.030403;0.024656
Israel;ISR;2018;0.124941;1.828;0.0403718;0.0229872
Israel;ISR;2019;0.106952;31.145;0.06140336;0.02204464
Israel;ISR;2020;0.117306;4.163;0.062380433;0.023913568
Israel;ISR;2021;0.103054;53.507;0.04324972;0.02379628
Israel;ISR;2022;0.111215;60.836;0.18996646;0.023479538
Israel;ISR;2023;0.111215;82.111;0.39574075;0.023244245
Israel;ISR;2024;0.1115197;10.143.671;0.396825;0.023295654
Italy;ITA;1965;2.676;0;0;42.634
Italy;ITA;1966;3.351;0;0;43.72
Italy;ITA;1967;3.475;0;0;42.34
Italy;ITA;1968;3.617;0;0;42.677
Italy;ITA;1969;3.812;0;0;41.166
Italy;ITA;1970;4.228;0;0;40.373
Italy;ITA;1971;4.209;0;0;39.079
Italy;ITA;1972;3.807;0;0;41.348
Italy;ITA;1973;3.845;0;0;37.523
Italy;ITA;1974;4.245;0;0;37.795
Italy;ITA;1975;3.986;0;0;41.021
Italy;ITA;1976;3.812;0;0;39.176
Italy;ITA;1977;3.73;0;0;51.139
Italy;ITA;1978;3.811;0;0;45.491
Italy;ITA;1979;3.825;0;0;45.947
Italy;ITA;1980;3.96;0;0;45.244
Italy;ITA;1981;3.469;0;0;43.034
Italy;ITA;1982;3.521;0;0;41.461
Italy;ITA;1983;3.393;0;0;41.445
Italy;ITA;1984;3.472;0;0;42.401
Italy;ITA;1985;2.836;0;0;41.092
Italy;ITA;1986;3.025;0;0;41.096
Italy;ITA;1987;3.243;0;0;39.505
Italy;ITA;1988;3.339;0;0;40.676
Italy;ITA;1989;3.332;0.002020202;0.002;34.057
Italy;ITA;1990;3.271;0.004;0.001919192;31.626
Italy;ITA;1991;3.292;0.005;0.002878788;42.239
Italy;ITA;1992;3.556;0.009;0.001919192;42.2
Italy;ITA;1993;3.783;0.011;0.003838384;41.425
Italy;ITA;1994;3.564;0.011;0.006717172;44.658
Italy;ITA;1995;3.654;0.013;0.008636364;37.782
Italy;ITA;1996;4.139;0.014;0.031666666;42.037
Italy;ITA;1997;4.47;0.015;0.118;41.603
Italy;ITA;1998;5.009;0.016;0.232;41.22
Italy;ITA;1999;5.53;0.017;0.403;45.365
Italy;ITA;2000;6.099;0.018;0.563;44.2
Italy;ITA;2001;6.338;0.019;1.179;46.811
Italy;ITA;2002;7.372;0.021;1.404;39.519
Italy;ITA;2003;8.714;0.024;1.458;36.67
Italy;ITA;2004;9.657;0.029;1.847;42.338
Italy;ITA;2005;9.998;0.031;2.343;36.067
Italy;ITA;2006;10.635;0.035;2.971;36.994
Italy;ITA;2007;10.827;0.039;4.034;32.815
Italy;ITA;2008;11.486;0.193;4.861;41.623
Italy;ITA;2009;128.987;0.677;6.543;49.138
Italy;ITA;2010;14.816;19.057;91.259;51.117
Italy;ITA;2011;164.867;107.957;98.564;45.823
Italy;ITA;2012;180.786;188.617;134.071;41.875
Italy;ITA;2013;227.493;215.886;14.897;52.774
Italy;ITA;2014;246.487;223.064;151.783;58.545
Italy;ITA;2015;255.807;229.422;148.439;455.375
Italy;ITA;2016;257.972;221.043;176.887;42.432
Italy;ITA;2017;255.794;243.777;177.419;3.619.874
Italy;ITA;2018;25.258;226.538;177.164;488.248
Italy;ITA;2019;256.375;236.889;20.202;463.565
Italy;ITA;2020;256.599;249.415;187.616;47.633.823
Italy;ITA;2021;249.846;25.039;209.273;453.882
Italy;ITA;2022;234.528;281.215;204.942;283.976
Italy;ITA;2023;217.098;307.111;236.405;405.173
Italy;ITA;2024;19.551.977;36.200.855;22.319.609;5.521.528
Japan;JPN;1965;0;0;0;76.07
Japan;JPN;1966;0;0;0;79.35
Japan;JPN;1967;0;0;0;68.55
Japan;JPN;1968;0;0;0;73.45
Japan;JPN;1969;0;0;0;75.35
Japan;JPN;1970;0.242704;0;0;75.4
Japan;JPN;1971;0.235611;0;0;84.2
Japan;JPN;1972;0.248591;0;0;85.1
Japan;JPN;1973;0.253998;0;0;66.778
Japan;JPN;1974;0.307547;0;0;82.68
Japan;JPN;1975;0.378507;0;0;83.406
Japan;JPN;1976;0.367553;0;0;83.59
Japan;JPN;1977;0.533774;0;0;72.968
Japan;JPN;1978;0.827644;0;0;70.047
Japan;JPN;1979;1.099.732;0;0;80.743
Japan;JPN;1980;109.144;0;0;88.292
Japan;JPN;1981;1.136.527;0;0;87.594
Japan;JPN;1982;9.870.767;0;0;81.606
Japan;JPN;1983;11.030.233;0;0;84.273
Japan;JPN;1984;12.119.023;0;0;71.617
Japan;JPN;1985;12.699.479;0;0;82.874
Japan;JPN;1986;13.803.359;0;0;80.816
Japan;JPN;1987;14.792.468;0;0;74.787
Japan;JPN;1988;15.986.553;0;0;90.291
Japan;JPN;1989;1.704.698;0;0;91.741
Japan;JPN;1990;11.340.126;0.001;0;86.895
Japan;JPN;1991;11.650.857;0.001;0;94.416
Japan;JPN;1992;11.850.117;0.0105;0;80.046
Japan;JPN;1993;11.559.372;0.0225;0.000959596;92.58
Japan;JPN;1994;13.472.534;0.029;0.000959596;64.462
Japan;JPN;1995;14.295.146;0.0395;0.000959596;78.793
Japan;JPN;1996;15.247.687;0.0545;0.001919192;77.173
Japan;JPN;1997;16.437.628;0.096302845;0.000959596;86.44
Japan;JPN;1998;16.172.628;0.14324625;0.007070707;89.079
Japan;JPN;1999;1.648.681;0.218025;0.036363635;83.792
Japan;JPN;2000;16.111.082;0.34406173;0.109;84.468
Japan;JPN;2001;1.602.874;0.49973923;0.252;81.537
Japan;JPN;2002;1.693.931;0.69462;0.413;80.6
Japan;JPN;2003;17.876.465;0.953955;0.832;92.472
Japan;JPN;2004;18.053.455;12.716.222;1.44;91.667
Japan;JPN;2005;21.686;16.300.883;1.91;775.615
Japan;JPN;2006;21.528;199.563;2.135;8.880.701
Japan;JPN;2007;22.198;23.124.676;2.74;7.450.974
Japan;JPN;2008;21.293;25.939.713;2.945;75.164.375
Japan;JPN;2009;2.032.575;30.455.124;34.273.024;7.046.622
Japan;JPN;2010;21.827.084;39.813.788;3.925.729;8.850.272
Japan;JPN;2011;21.105.194;543.915;4.459.041;8.248.676
Japan;JPN;2012;22.129.982;7.371.903;4.727.417;7.709.999
Japan;JPN;2013;231.767;12.908.781;5.133.169;7.933.157
Japan;JPN;2014;2.362.768;23.548.166;5.013.972;8.170.858
Japan;JPN;2015;28.485.174;34.540.173;52.228.065;85.765.114
Japan;JPN;2016;23.670.853;4.332.569;5.340.769;7.942.587
Japan;JPN;2017;23.804.762;54.040.844;62.215.443;7.924.343
Japan;JPN;2018;25.747.604;6.122.221;73.673.835;80.997.406
Japan;JPN;2019;27.597.107;6.742.932;7.455.136;7.391.936
Japan;JPN;2020;30.373.043;7.592.077;8.405.158;7.833.218
Japan;JPN;2021;34.794.033;8.418.172;9.536.232;79.626.236
Japan;JPN;2022;3.782.991;9.107.081;9.415.498;748.683
Japan;JPN;2023;4.201.337;9.636.073;995.675;74.531.204
Japan;JPN;2024;4.541.789;96.703.026;11.539.877;7.944.916
Kazakhstan;KAZ;1985;0;0;0;52.104.726
Kazakhstan;KAZ;1986;0;0;0;47.817.907
Kazakhstan;KAZ;1987;0;0;0;57.319.617
Kazakhstan;KAZ;1988;0;0;0;6.991.491
Kazakhstan;KAZ;1989;0;0;0;729.201
Kazakhstan;KAZ;1990;0;0;0;7.366
Kazakhstan;KAZ;1991;0;0;0;7.2
Kazakhstan;KAZ;1992;0;0;0;6.866
Kazakhstan;KAZ;1993;0;0;0;7.629
Kazakhstan;KAZ;1994;0;0;0;9.179
Kazakhstan;KAZ;1995;0;0;0;8.331
Kazakhstan;KAZ;1996;0;0;0;7.331
Kazakhstan;KAZ;1997;0;0;0;6.499
Kazakhstan;KAZ;1998;0;0;0;6.141
Kazakhstan;KAZ;1999;0;0;0;6.132
Kazakhstan;KAZ;2000;0;0;0;75.310.507
Kazakhstan;KAZ;2001;0;0;0;8.081.139
Kazakhstan;KAZ;2002;0;0;0;8.889.543
Kazakhstan;KAZ;2003;0;0;0;862.454
Kazakhstan;KAZ;2004;0;0;0;8.056.666
Kazakhstan;KAZ;2005;0;0;0;785.597
Kazakhstan;KAZ;2006;0;0;0;77.680.697
Kazakhstan;KAZ;2007;0;0;0;8.171.407
Kazakhstan;KAZ;2008;0;0;0;7.459.829
Kazakhstan;KAZ;2009;0;0;0;68.791.046
Kazakhstan;KAZ;2010;0;0;0;8.022.023
Kazakhstan;KAZ;2011;0;0;0.000147;78.833.227
Kazakhstan;KAZ;2012;0;0.000021;0.002665;76.372.657
Kazakhstan;KAZ;2013;0;0.0007874;0.0045487;7.730.763
Kazakhstan;KAZ;2014;0;0.001239;0.0132652;8.262.831
Kazakhstan;KAZ;2015;0.000476;0.046171;0.1317223;9.269.191
Kazakhstan;KAZ;2016;0.00186;0.0884031;0.2749828;11.620.764
Kazakhstan;KAZ;2017;0.0021442;0.0926455;0.3397637;11.210.185
Kazakhstan;KAZ;2018;0.0024284;0.1412636;0.3853151;10.376.336
Kazakhstan;KAZ;2019;0.0049671;0.3912209;0.7071334;9.993.659
Kazakhstan;KAZ;2020;0.0065268;12.374.698;10.286.614;9.659.646
Kazakhstan;KAZ;2021;0.0025643;16.290.694;17.466.646;9.208.468
Kazakhstan;KAZ;2022;0.0029497;1.772.458;231.184;9.201.194
Kazakhstan;KAZ;2023;0.0051483;18.722.122;3.779.561;8.800.493
Kazakhstan;KAZ;2024;0.001735567;18.719.525;4.912.376;11.253.926
Kuwait;KWT;1965;0;0;0;0
Kuwait;KWT;1966;0;0;0;0
Kuwait;KWT;1967;0;0;0;0
Kuwait;KWT;1968;0;0;0;0
Kuwait;KWT;1969;0;0;0;0
Kuwait;KWT;1970;0;0;0;0
Kuwait;KWT;1971;0;0;0;0
Kuwait;KWT;1972;0;0;0;0
Kuwait;KWT;1973;0;0;0;0
Kuwait;KWT;1974;0;0;0;0
Kuwait;KWT;1975;0;0;0;0
Kuwait;KWT;1976;0;0;0;0
Kuwait;KWT;1977;0;0;0;0
Kuwait;KWT;1978;0;0;0;0
Kuwait;KWT;1979;0;0;0;0
Kuwait;KWT;1980;0;0;0;0
Kuwait;KWT;1981;0;0;0;0
Kuwait;KWT;1982;0;0;0;0
Kuwait;KWT;1983;0;0;0;0
Kuwait;KWT;1984;0;0;0;0
Kuwait;KWT;1985;0;0;0;0
Kuwait;KWT;1986;0;0;0;0
Kuwait;KWT;1987;0;0;0;0
Kuwait;KWT;1988;0;0;0;0
Kuwait;KWT;1989;0;0;0;0
Kuwait;KWT;1990;0;0;0;0
Kuwait;KWT;1991;0;0;0;0
Kuwait;KWT;1992;0;0;0;0
Kuwait;KWT;1993;0;0;0;0
Kuwait;KWT;1994;0;0;0;0
Kuwait;KWT;1995;0;0;0;0
Kuwait;KWT;1996;0;0;0;0
Kuwait;KWT;1997;0;0;0;0
Kuwait;KWT;1998;0;0;0;0
Kuwait;KWT;1999;0;0;0;0
Kuwait;KWT;2000;0;0;0;0
Kuwait;KWT;2001;0;0;0;0
Kuwait;KWT;2002;0;0;0;0
Kuwait;KWT;2003;0;0;0;0
Kuwait;KWT;2004;0;0;0;0
Kuwait;KWT;2005;0;0;0;0
Kuwait;KWT;2006;0;0;0;0
Kuwait;KWT;2007;0;0;0;0
Kuwait;KWT;2008;0;0;0;0
Kuwait;KWT;2009;0;0;0;0
Kuwait;KWT;2010;0;0;0;0
Kuwait;KWT;2011;0;0;0;0
Kuwait;KWT;2012;0;0;0;0
Kuwait;KWT;2013;0;0.000182;0;0
Kuwait;KWT;2014;0;0.003278;0;0
Kuwait;KWT;2015;0;0.00509;0;0
Kuwait;KWT;2016;0;0.048814;0;0
Kuwait;KWT;2017;0;0.051254;0.00196;0
Kuwait;KWT;2018;0;0.053214;0.00196;0
Kuwait;KWT;2019;0;0.058538;0.003642;0
Kuwait;KWT;2020;0;0.05869838;0.004767;0
Kuwait;KWT;2021;0;0.17696;0.03504;0
Kuwait;KWT;2022;0;0.14196;0.03504;0
Kuwait;KWT;2023;0;0.136481;0.03504;0
Kuwait;KWT;2024;0;0.127657;0.035136;0
Latvia;LVA;1985;0;0;0;29.786.756
Latvia;LVA;1986;0;0;0;30.007.727
Latvia;LVA;1987;0;0;0;36.990.378
Latvia;LVA;1988;0;0;0;30.007.727
Latvia;LVA;1989;0;0;0;36.062.305
Latvia;LVA;1990;0;0;0;4.496
Latvia;LVA;1991;0;0;0;3.275
Latvia;LVA;1992;0;0;0;2.521
Latvia;LVA;1993;0;0;0;2.876
Latvia;LVA;1994;0;0;0;3.305
Latvia;LVA;1995;0;0;0;2.937
Latvia;LVA;1996;0;0;0.001;1.86
Latvia;LVA;1997;0;0;0.002;2.953
Latvia;LVA;1998;0;0;0.002;4.316
Latvia;LVA;1999;0;0;0.002;2.757
Latvia;LVA;2000;0;0;0.005;2.819
Latvia;LVA;2001;0.003;0;0.003;2.833
Latvia;LVA;2002;0.01;0;0.011;2.464
Latvia;LVA;2003;0.024;0;0.048;2.266
Latvia;LVA;2004;0.038;0;0.049;3.109
Latvia;LVA;2005;0.042;0;0.047;3.326
Latvia;LVA;2006;0.043;0;0.046;2.698
Latvia;LVA;2007;0.042;0;0.053;2.733
Latvia;LVA;2008;0.045;0;0.058;3.109
Latvia;LVA;2009;0.048;0;0.048;3.457
Latvia;LVA;2010;0.066;0;0.049;3.52
Latvia;LVA;2011;0.12;0.0002;0.071;2.887
Latvia;LVA;2012;0.288;0.0002;0.108;3.7
Latvia;LVA;2013;0.502;0.0002;0.119;2.912
Latvia;LVA;2014;0.669;0.0002;0.101;1.994
Latvia;LVA;2015;0.769;0.0002;0.147;1.868
Latvia;LVA;2016;0.823;0.000382;0.13;2.529
Latvia;LVA;2017;0.93064;0.00044;0.15;438.062
Latvia;LVA;2018;0.943715;0.001273;0.122038;2.431.569
Latvia;LVA;2019;0.92742;0.003137;0.153999;2.107.554
Latvia;LVA;2020;0.864798;0.004847;0.176842;2.603.042
Latvia;LVA;2021;0.861794;0.006797;0.141436;2.707.796
Latvia;LVA;2022;0.801348;0.075163;0.190183;2.749.823
Latvia;LVA;2023;0.659077;0.239068;0.270757;3.794.456
Latvia;LVA;2024;0.53626007;0.403;0.2778555;3.204.899
Lithuania;LTU;1985;0;0;0;0.3933266
Lithuania;LTU;1986;0;0;0;0.3844878
Lithuania;LTU;1987;0;0;0;0.3623908
Lithuania;LTU;1988;0;0;0;0.3844878
Lithuania;LTU;1989;0;0;0;0.3844878
Lithuania;LTU;1990;0;0;0;0.414
Lithuania;LTU;1991;0;0;0;0.338
Lithuania;LTU;1992;0;0;0;0.311
Lithuania;LTU;1993;0;0;0;0.393
Lithuania;LTU;1994;0;0;0;0.452
Lithuania;LTU;1995;0;0;0;0.373
Lithuania;LTU;1996;0;0;0;0.326
Lithuania;LTU;1997;0;0;0;0.295
Lithuania;LTU;1998;0;0;0;0.417
Lithuania;LTU;1999;0;0;0;0.414
Lithuania;LTU;2000;0;0;0;0.3393
Lithuania;LTU;2001;0.002;0;0;0.3255
Lithuania;LTU;2002;0.004;0;0;0.3532
Lithuania;LTU;2003;0.007;0;0;0.3251
Lithuania;LTU;2004;0.006;0;0.0012;0.4205
Lithuania;LTU;2005;0.007;0;0.0018;0.4507
Lithuania;LTU;2006;0.025;0;0.0137;0.3971
Lithuania;LTU;2007;0.054;0;0.1061;0.4206
Lithuania;LTU;2008;0.069;0;0.1311;0.4019
Lithuania;LTU;2009;0.102;0;0.1577;0.4243
Lithuania;LTU;2010;0.147;0;0.224;0.54
Lithuania;LTU;2011;0.157;0.0001;0.475;0.4799
Lithuania;LTU;2012;0.218;0.0023;0.5401;0.4223
Lithuania;LTU;2013;0.357;0.0448;0.6027;0.5212
Lithuania;LTU;2014;0.3998;0.073;0.6391;0.3982
Lithuania;LTU;2015;0.4465;0.0733;0.8103;0.3496
Lithuania;LTU;2016;0.4393;0.0665;11.359;0.4539
Lithuania;LTU;2017;0.5036;0.068;13.638;0.6024
Lithuania;LTU;2018;0.543;0.0866;1.145;0.431
Lithuania;LTU;2019;0.5332;0.0911;14.994;0.3454
Lithuania;LTU;2020;0.5941;0.1288;15.517;0.3005
Lithuania;LTU;2021;0.6855;0.1908;13.617;0.3837
Lithuania;LTU;2022;0.7082;0.342;15.124;0.4644
Lithuania;LTU;2023;0.7625;0.6884;25.361;0.4502
Lithuania;LTU;2024;0.7457048;13.844.126;35.087.407;0.4347142
Lower-middle-income countries;;1965;0;0;0;26.563.784
Lower-middle-income countries;;1966;0;0;0;27.400.118
Lower-middle-income countries;;1967;0;0;0;3.041.918
Lower-middle-income countries;;1968;0;0;0;3.571.078
Lower-middle-income countries;;1969;0;0;0;4.026.359
Lower-middle-income countries;;1970;0;0;0;42.829.914
Lower-middle-income countries;;1971;0;0;0;47.312.546
Lower-middle-income countries;;1972;0;0;0;46.824.818
Lower-middle-income countries;;1973;0;0;0;4.890.618
Lower-middle-income countries;;1974;0;0;0;48.623.886
Lower-middle-income countries;;1975;0;0;0;56.658.447
Lower-middle-income countries;;1976;0;0;0;60.771.736
Lower-middle-income countries;;1977;0.001;0;0;6.635.965
Lower-middle-income countries;;1978;0.003;0;0;80.844.696
Lower-middle-income countries;;1979;0.63694;0;0;7.976.457
Lower-middle-income countries;;1980;204.485;0;0;8.271.912
Lower-middle-income countries;;1981;391.219;0;0;8.702.953
Lower-middle-income countries;;1982;390.786;0;0;7.882.997
Lower-middle-income countries;;1983;493.498;0;0;7.750.588
Lower-middle-income countries;;1984;535.846;0;0;8.608.237
Lower-middle-income countries;;1985;594.218;0;0;9.006.706
Lower-middle-income countries;;1986;55.733;0;0;8.977.501
Lower-middle-income countries;;1987;489.597;0;0;9.122.643
Lower-middle-income countries;;1988;522.291;0;0;10.003.544
Lower-middle-income countries;;1989;570.166;0;0;1.110.035
Lower-middle-income countries;;1990;59.333.463;0;0.030303031;11.676.326
Lower-middle-income countries;;1991;5.853.071;0;0.11291;12.479.154
Lower-middle-income countries;;1992;58.193.917;0;0.08847;1.224.144
Lower-middle-income countries;;1993;59.190.493;0;0.09477;12.795.848
Lower-middle-income countries;;1994;67.002.854;0;0.19128;1.405.041
Lower-middle-income countries;;1995;66.987.953;0.001010101;0.49647;13.835.863
Lower-middle-income countries;;1996;72.901.487;0.006060606;0.87838;1.368.497
Lower-middle-income countries;;1997;8.218.667;0.006060606;0.988;13.018.085
Lower-middle-income countries;;1998;10.206.528;0.006060606;1.079;148.321
Lower-middle-income countries;;1999;12.280.079;0.006060606;14.614.999;15.033.624
Lower-middle-income countries;;2000;14.280.729;0.007712707;17.299;14.162.685
Lower-middle-income countries;;2001;134.164.505;0.012928207;24.733;1.410.325
Lower-middle-income countries;;2002;13.412.593;0.015799435;24.950.058;1.386.654
Lower-middle-income countries;;2003;13.636.333;0.02051662;3.096.686;14.635.283
Lower-middle-income countries;;2004;147.129.135;0.0247359;5.931.086;17.789.713
Lower-middle-income countries;;2005;14.025.809;0.028817164;6.727.286;17.773.424
Lower-middle-income countries;;2006;16.164.059;0.02049679;10.182.702;19.752.773
Lower-middle-income countries;;2007;17.753.418;0.07683547;12.685.884;21.157.434
Lower-middle-income countries;;2008;20.140.831;0.089136146;15.675.441;20.382.152
Lower-middle-income countries;;2009;21.006.847;0.12004982;17.783.924;20.198.055
Lower-middle-income countries;;2010;23.283.733;0.21030648;21.685.022;20.586.981
Lower-middle-income countries;;2011;25.637.913;12.379.612;26.364.948;23.924.483
Lower-middle-income countries;;2012;27.052.633;284.243;2.978.375;21.517.307
Lower-middle-income countries;;2013;27.511.616;38.194.752;33.324.474;26.125.702
Lower-middle-income countries;;2014;31.794.386;5.569.545;3.721.868;26.921.332
Lower-middle-income countries;;2015;3.000.888;79.819.317;38.971.622;25.950.967
Lower-middle-income countries;;2016;29.747.574;14.695.729;51.293.793;26.161.337
Lower-middle-income countries;;2017;27.664.722;25.773.035;61.352.108;2.886.971
Lower-middle-income countries;;2018;31.579.842;41.591.408;71.942.474;28.967.627
Lower-middle-income countries;;2019;31.839.794;58.366.554;78.275.795;2.990.631
Lower-middle-income countries;;2020;3.301.083;80.546.936;75.347.534;30.965.768
Lower-middle-income countries;;2021;3.387.797;107.067.825;8.741.257;3.147.449
Lower-middle-income countries;;2022;3.649.901;1.348.326;9.682.705;3.442.446
Lower-middle-income countries;;2023;368.692;15.595.308;112.741.486;30.759.488
Lower-middle-income countries;;2024;36.265.797;184.408;11.412.071;32.604.053
Luxembourg;LUX;1965;0;0;0;0.086412
Luxembourg;LUX;1966;0;0;0;0.077759
Luxembourg;LUX;1967;0;0;0;0.087757
Luxembourg;LUX;1968;0;0;0;0.089632
Luxembourg;LUX;1969;0;0;0;0.077997
Luxembourg;LUX;1970;0;0;0;0.086214
Luxembourg;LUX;1971;0;0;0;0.04873
Luxembourg;LUX;1972;0;0;0;0.057462
Luxembourg;LUX;1973;0;0;0;0.050733
Luxembourg;LUX;1974;0;0;0;0.074939
Luxembourg;LUX;1975;0;0;0;0.064745
Luxembourg;LUX;1976;0;0;0;0.040794
Luxembourg;LUX;1977;0.013;0;0;0.078625
Luxembourg;LUX;1978;0.015;0;0;0.074805
Luxembourg;LUX;1979;0.016;0;0;0.081656
Luxembourg;LUX;1980;0.015;0;0;0.086242
Luxembourg;LUX;1981;0.018;0;0;0.092202
Luxembourg;LUX;1982;0.018;0;0;0.08187
Luxembourg;LUX;1983;0.017;0;0;0.080733
Luxembourg;LUX;1984;0.019;0;0;0.085908
Luxembourg;LUX;1985;0.018;0;0;0.069611
Luxembourg;LUX;1986;0.017;0;0;0.086091
Luxembourg;LUX;1987;0.022;0;0;0.100081
Luxembourg;LUX;1988;0.023;0;0;0.09197
Luxembourg;LUX;1989;0.019;0;0;0.070064
Luxembourg;LUX;1990;0.012505;0;0;0.07
Luxembourg;LUX;1991;0.013976;0;0;0.084
Luxembourg;LUX;1992;0.01177;0;0;0.07
Luxembourg;LUX;1993;0.014712;0;0;0.067
Luxembourg;LUX;1994;0.01508;0;0;0.086
Luxembourg;LUX;1995;0.019493;0;0;0.088
Luxembourg;LUX;1996;0.015448;0;0;0.06
Luxembourg;LUX;1997;0.016919;0;0.003;0.083
Luxembourg;LUX;1998;0.017068;0;0.011;0.115
Luxembourg;LUX;1999;0.01885;0;0.018;0.085
Luxembourg;LUX;2000;0.022352;0.00004;0.024743;0.123504
Luxembourg;LUX;2001;0.025873;0.000046;0.02374;0.118032
Luxembourg;LUX;2002;0.027015;0.000059;0.024479;0.099731
Luxembourg;LUX;2003;0.034151;0.001399;0.026168;0.07942
Luxembourg;LUX;2004;0.042575;0.009199;0.039399;0.104058
Luxembourg;LUX;2005;0.046163;0.017698;0.052251;0.092939
Luxembourg;LUX;2006;0.055216;0.021114;0.057986;0.111312
Luxembourg;LUX;2007;0.062667;0.020901;0.064286;0.116702
Luxembourg;LUX;2008;0.069648;0.020031;0.060589;0.132114
Luxembourg;LUX;2009;0.078185;0.020316;0.063472;0.105839
Luxembourg;LUX;2010;0.08414;0.021148;0.055083;0.107661
Luxembourg;LUX;2011;0.092979;0.025744;0.06405;0.063
Luxembourg;LUX;2012;0.094011;0.038277;0.077466;0.098302
Luxembourg;LUX;2013;0.094211;0.073738;0.083027;0.119195
Luxembourg;LUX;2014;0.115225;0.094741;0.079876;0.107788
Luxembourg;LUX;2015;0.125964;0.103721;0.101848;0.099253
Luxembourg;LUX;2016;0.140018;0.100288;0.101486;0.115411
Luxembourg;LUX;2017;0.171453;0.108463;0.234823;0.085649
Luxembourg;LUX;2018;0.217172;0.118725;0.254575;0.092778
Luxembourg;LUX;2019;0.278129;0.130385;0.281283;0.106915
Luxembourg;LUX;2020;0.37229;0.161261;0.351135;0.091602
Luxembourg;LUX;2021;0.388532;0.180187;0.314313;0.106812
Luxembourg;LUX;2022;0.378744;0.276268;0.312221;0.064091
Luxembourg;LUX;2023;0.365609;0.293959;0.495289;0.088616
Luxembourg;LUX;2024;0.4919892;0.47941035;0.4733545;0.10842031
Malaysia;MYS;1965;0;0;0;0.587
Malaysia;MYS;1966;0;0;0;0.692
Malaysia;MYS;1967;0;0;0;0.725
Malaysia;MYS;1968;0;0;0;0.804
Malaysia;MYS;1969;0;0;0;1.014
Malaysia;MYS;1970;0;0;0;1.202
Malaysia;MYS;1971;0;0;0;1.046
Malaysia;MYS;1972;0;0;0;1.154
Malaysia;MYS;1973;0;0;0;1.108
Malaysia;MYS;1974;0;0;0;1.006
Malaysia;MYS;1975;0;0;0;1.005
Malaysia;MYS;1976;0;0;0;0.948
Malaysia;MYS;1977;0;0;0;0.769
Malaysia;MYS;1978;0;0;0;0.90395063
Malaysia;MYS;1979;0;0;0;11.035.241
Malaysia;MYS;1980;0;0;0;14.087.542
Malaysia;MYS;1981;0;0;0;15.613.693
Malaysia;MYS;1982;0;0;0;15.026.711
Malaysia;MYS;1983;0;0;0;17.492.031
Malaysia;MYS;1984;0;0;0;34.514.477
Malaysia;MYS;1985;0;0;0;37.684.176
Malaysia;MYS;1986;0;0;0;4.120.606
Malaysia;MYS;1987;0;0;0;49.658.585
Malaysia;MYS;1988;0;0;0;5.728.934
Malaysia;MYS;1989;0;0;0;5.294.568
Malaysia;MYS;1990;0;0;0;4.026.689
Malaysia;MYS;1991;0;0;0;44.493.155
Malaysia;MYS;1992;0;0;0;4.286
Malaysia;MYS;1993;0;0;0;4.853
Malaysia;MYS;1994;0;0;0;6.483
Malaysia;MYS;1995;0;0;0;6.218
Malaysia;MYS;1996;0;0;0;5.184
Malaysia;MYS;1997;0;0;0;4.173
Malaysia;MYS;1998;0;0;0;4.457
Malaysia;MYS;1999;0;0;0;7.552
Malaysia;MYS;2000;0.570903;0;0;6.994
Malaysia;MYS;2001;0.574094;0;0;6.066
Malaysia;MYS;2002;0.4044;0;0;5.415
Malaysia;MYS;2003;0.4165;0;0;5.09
Malaysia;MYS;2004;0.57636;0;0;5.573
Malaysia;MYS;2005;0.5925;0;0;6.007
Malaysia;MYS;2006;0.623964;0;0;6.323
Malaysia;MYS;2007;0.759773;0;0;5.957
Malaysia;MYS;2008;0.796761;0;0;7.807
Malaysia;MYS;2009;1.393.368;0;0;6.89
Malaysia;MYS;2010;12.629.545;0;0;6.361
Malaysia;MYS;2011;1.537.535;0;0;8.056
Malaysia;MYS;2012;15.016.624;0.007;0;9.251
Malaysia;MYS;2013;110.359;0.141;0;117.987
Malaysia;MYS;2014;0.693;0.227;0;13.388
Malaysia;MYS;2015;0.751;0.273;0;13.924
Malaysia;MYS;2016;0.76;0.31;0;20.024
Malaysia;MYS;2017;0.765;0.33;0;26.846
Malaysia;MYS;2018;1.351;0.632;0;26.325
Malaysia;MYS;2019;1.136;1.459;0;26.196
Malaysia;MYS;2020;1.234;2.059;0;27.299
Malaysia;MYS;2021;1.21;2.139;0;31.105
Malaysia;MYS;2022;14.713.821;27.903.812;0;3.273.367
Malaysia;MYS;2023;14.713.821;3.276.781;0;32.447.227
Malaysia;MYS;2024;14.754.133;35.210.488;0;34.387.253
Mexico;MEX;1965;0;0;0;8.863
Mexico;MEX;1966;0;0;0;10.118
Mexico;MEX;1967;0;0;0;11.017
Mexico;MEX;1968;0;0;0;12.642
Mexico;MEX;1969;0;0;0;13.406
Mexico;MEX;1970;0;0;0;15.005
Mexico;MEX;1971;0;0;0;14.572
Mexico;MEX;1972;0;0;0;15.531
Mexico;MEX;1973;0.161;0;0;16.371
Mexico;MEX;1974;0.463;0;0;16.708
Mexico;MEX;1975;0.518;0;0;15.182
Mexico;MEX;1976;0.579;0;0;17.255
Mexico;MEX;1977;0.592;0;0;19.193
Mexico;MEX;1978;0.598;0;0;16.217
Mexico;MEX;1979;1.019;0;0;18.008
Mexico;MEX;1980;0.915;0;0;16.91
Mexico;MEX;1981;0.964;0;0;24.618
Mexico;MEX;1982;1.296;0;0;22.924
Mexico;MEX;1983;1.353;0;0;20.733
Mexico;MEX;1984;1.424;0;0;23.603
Mexico;MEX;1985;1.641;0;0;28.427.292
Mexico;MEX;1986;3.394;0;0;212.975
Mexico;MEX;1987;4.418;0;0;19.285.194
Mexico;MEX;1988;4.633;0;0;21.836.111
Mexico;MEX;1989;4.675;0;0;25.354.195
Mexico;MEX;1990;5.124;0.001;0.001;24.480.944
Mexico;MEX;1991;58.325.124;0.002;0.001;22.625.263
Mexico;MEX;1992;6.365.523;0.003;0.001;26.813.694
Mexico;MEX;1993;64.997.606;0.004;0.001;2.665.493
Mexico;MEX;1994;62.185.254;0.005;0.005;2.027.132
Mexico;MEX;1995;64.144.435;0.005;0.007;27.598.667
Mexico;MEX;1996;6.184.555;0.006;0.006;31.336.277
Mexico;MEX;1997;58.832.464;0.006;0.012;26.362.097
Mexico;MEX;1998;6.138.586;0.007;0.015;24.592.945
Mexico;MEX;1999;60.600.014;0.007;0.017;3.271.232
Mexico;MEX;2000;6.358.645;0.007;0.019;3.307.488
Mexico;MEX;2001;6.247.497;0.008;0.018;2.843.533
Mexico;MEX;2002;607.106;0.008;0.021;2.486.159
Mexico;MEX;2003;69.497.128;0.008;0.019;19.852.205
Mexico;MEX;2004;7.261.834;0.009;0.02;25.176.394
Mexico;MEX;2005;8.137.519;0.009;0.019;27.709.446
Mexico;MEX;2006;74.873.867;0.01;0.045;30.446.474
Mexico;MEX;2007;8.249.913;0.009;0.248;27.339.674
Mexico;MEX;2008;7.896.158;0.019;0.255;39.223.907
Mexico;MEX;2009;7.547.069;0.027;0.59635276;26.722.006
Mexico;MEX;2010;8.000.179;0.031;12.391.111;37.196
Mexico;MEX;2011;7.967.094;0.041;16.483.214;362.668
Mexico;MEX;2012;74.474.816;0.069;36.883.104;31.855
Mexico;MEX;2013;7.873.071;0.106;4.184.544;2.795.813
Mexico;MEX;2014;80.979.395;0.221;64.261.966;3.889.177
Mexico;MEX;2015;8.397.325;0.2021975;8.745.094;3.089.147
Mexico;MEX;2016;8.316.165;0.25227612;10.378.095;3.003.122
Mexico;MEX;2017;8.093.159;11.865.062;106.197.815;3.087.776
Mexico;MEX;2018;7.361.402;321.171;1.243.525;3.223.409
Mexico;MEX;2019;72.126.417;996.432;1.672.691;2.360.243
Mexico;MEX;2020;70.097.604;1.583.562;1.970.289;2.681.701
Mexico;MEX;2021;6.106.319;2.019.491;2.107.487;3.471.716
Mexico;MEX;2022;669.662;2.034.204;2.052.875;3.555.885
Mexico;MEX;2023;66.322.308;23.338;20.7;20.609
Mexico;MEX;2024;59.944.305;25.723.602;19.754.978;2.354.291
Middle Africa (EI);;1965;0;0;0;3.935
Middle Africa (EI);;1966;0;0;0;4.093
Middle Africa (EI);;1967;0;0;0;3.846
Middle Africa (EI);;1968;0;0;0;4.012
Middle Africa (EI);;1969;0;0;0;4.36
Middle Africa (EI);;1970;0;0;0;4.865
Middle Africa (EI);;1971;0;0;0;5.19
Middle Africa (EI);;1972;0;0;0;5.31
Middle Africa (EI);;1973;0;0;0;5.756
Middle Africa (EI);;1974;0;0;0;5.651
Middle Africa (EI);;1975;0;0;0;6.207
Middle Africa (EI);;1976;0;0;0;5.975
Middle Africa (EI);;1977;0;0;0;6.132
Middle Africa (EI);;1978;0;0;0;6.161
Middle Africa (EI);;1979;0;0;0;6.299
Middle Africa (EI);;1980;0;0;0;6.639
Middle Africa (EI);;1981;0;0;0;7.012
Middle Africa (EI);;1982;0;0;0;7.3
Middle Africa (EI);;1983;0;0;0;7.709
Middle Africa (EI);;1984;0;0;0;8.065
Middle Africa (EI);;1985;0;0;0;9.145
Middle Africa (EI);;1986;0;0;0;9.438
Middle Africa (EI);;1987;0;0;0;9.454
Middle Africa (EI);;1988;0;0;0;9.604
Middle Africa (EI);;1989;0;0;0;11.446
Middle Africa (EI);;1990;0.003;0;0;10.288
Middle Africa (EI);;1991;0.008;0;0;9.976
Middle Africa (EI);;1992;0.008;0;0;10.821
Middle Africa (EI);;1993;0.008;0;0;10.213
Middle Africa (EI);;1994;0.009;0;0;9.732
Middle Africa (EI);;1995;0.009;0;0;10.831
Middle Africa (EI);;1996;0.007;0;0;10.867
Middle Africa (EI);;1997;0.007;0;0;10.138
Middle Africa (EI);;1998;0.007;0;0;9.925
Middle Africa (EI);;1999;0.007;0;0;10.329
Middle Africa (EI);;2000;0.007;0.000143;0;11.410.404
Middle Africa (EI);;2001;0.007;0.000143;0;1.166.425
Middle Africa (EI);;2002;0.007;0.000143;0;11.775.807
Middle Africa (EI);;2003;0.007;0.0001;0;12.189.966
Middle Africa (EI);;2004;0.007;0.0001;0;14.085.593
Middle Africa (EI);;2005;0.007;0.0001;0;14.495.443
Middle Africa (EI);;2006;0.65;0.0001;0;15.682.515
Middle Africa (EI);;2007;0.084;0.0003;0;1.516.084
Middle Africa (EI);;2008;0.085;0.0003;0;16.219.486
Middle Africa (EI);;2009;0.079;0.00073;0;16.159.369
Middle Africa (EI);;2010;0.067;0.001408;0;16.836.414
Middle Africa (EI);;2011;0.07042;0.003366;0;17.127.369
Middle Africa (EI);;2012;0.07342;0.004026;0;16.929.146
Middle Africa (EI);;2013;0.07842;0.005659;0;19.459.368
Middle Africa (EI);;2014;0.11842;0.010376;0;21.017.534
Middle Africa (EI);;2015;0.08742;0.013208;0;2.121.535
Middle Africa (EI);;2016;0.10642;0.019794;0.0089;2.227.576
Middle Africa (EI);;2017;0.116648;0.025073;0.0089;2.519.645
Middle Africa (EI);;2018;0.120388;0.029454;0.0089;28.354.702
Middle Africa (EI);;2019;0.126863;0.034136;0.0089;29.882.095
Middle Africa (EI);;2020;0.126882;0.040978;0.0089;32.807.884
Middle Africa (EI);;2021;0.128556;0.063695006;0.0089;3.452.831
Middle Africa (EI);;2022;0.126738;0.12996484;0.0089;35.550.255
Middle Africa (EI);;2023;0.120738;0.32946378;0.0089;3.838.138
Middle Africa (EI);;2024;0.12106879;0.37168103;0.008924384;3.929.045
Middle East (EI);;1965;0;0;0;2.345.857
Middle East (EI);;1966;0;0;0;25.461.166
Middle East (EI);;1967;0;0;0;28.287.957
Middle East (EI);;1968;0;0;0;30.811.522
Middle East (EI);;1969;0;0;0;33.959.281
Middle East (EI);;1970;0;0;0;357.964
Middle East (EI);;1971;0;0;0;37.548.983
Middle East (EI);;1972;0;0;0;45.691.648
Middle East (EI);;1973;0;0;0;37.504.175
Middle East (EI);;1974;0;0;0;48.159.366
Middle East (EI);;1975;0;0;0;54.404.545
Middle East (EI);;1976;0;0;0;63.250.394
Middle East (EI);;1977;0;0;0;70.982.018
Middle East (EI);;1978;0;0;0;9.812.257
Middle East (EI);;1979;0;0;0;9.615.829
Middle East (EI);;1980;0;0;0;9.682.702
Middle East (EI);;1981;0;0;0;10.214.353
Middle East (EI);;1982;0;0;0;10.605.872
Middle East (EI);;1983;0;0;0;1.022.087
Middle East (EI);;1984;0;0;0;10.373.285
Middle East (EI);;1985;0;0;0;10.438
Middle East (EI);;1986;0;0;0;11.079
Middle East (EI);;1987;0;0;0;13.915
Middle East (EI);;1988;0;0;0;14.299
Middle East (EI);;1989;0;0;0;12.624
Middle East (EI);;1990;0;0;0.001;15.273.264
Middle East (EI);;1991;0;0;0.001;11.009.184
Middle East (EI);;1992;0;0;0.001;17.827.066
Middle East (EI);;1993;0;0;0.001;20.046.732
Middle East (EI);;1994;0;0;0.001;1.654.976
Middle East (EI);;1995;0;0;0.001;18.652.706
Middle East (EI);;1996;0;0;0.001;18.698.376
Middle East (EI);;1997;0;0;0.003;15.927.055
Middle East (EI);;1998;0;0;0.003;1.721.056
Middle East (EI);;1999;0;0;0.038;1.180.105
Middle East (EI);;2000;0.003;0;0.0395;10.722.177
Middle East (EI);;2001;0.005;0;0.0467;11.617.796
Middle East (EI);;2002;0.005;0;0.0443;16.823.881
Middle East (EI);;2003;0.006;0;0.0426;18.484.583
Middle East (EI);;2004;0.006;0;0.0614;23.082.361
Middle East (EI);;2005;0.005;0;0.086;23.918.102
Middle East (EI);;2006;0.006;0.0001;0.1394;28.254.223
Middle East (EI);;2007;0.01;0.0001;0.155;26.705.812
Middle East (EI);;2008;0.016;0.003509;0.2101;13.690.433
Middle East (EI);;2009;0.0507;0.034263;0.2405;12.116.322
Middle East (EI);;2010;0.0802;0.0977515;0.1823;17.390.324
Middle East (EI);;2011;0.112541;0.226665;0.2243;18.255.754
Middle East (EI);;2012;0.114141;0.4309066;0.2953;21.407.372
Middle East (EI);;2013;0.14478;0.682171;0.235789;23.509.758
Middle East (EI);;2014;0.214014;13.076.485;0.255078;1.994.348
Middle East (EI);;2015;0.210035;1.829.432;0.280489;16.767.385
Middle East (EI);;2016;0.270676;284.856;0.58532;2.017.076
Middle East (EI);;2017;0.282326;3.857.098;0.812532;20.639.414
Middle East (EI);;2018;0.295606;5.944.662;15.064.008;12.803.039
Middle East (EI);;2019;0.275613;110.005.665;16.785.904;40.587.723
Middle East (EI);;2020;0.299236;15.176.834;26.841.986;2.900.745
Middle East (EI);;2021;0.28335583;19.303.516;2.931.486;18.581.226
Middle East (EI);;2022;0.30138662;24.412.754;4.015.266;18.146.112
Middle East (EI);;2023;0.49975973;3.802.178;50.557.737;2.553.375
Middle East (EI);;2024;0.5131068;46.834.404;52.469.025;21.791.903
Morocco;MAR;1965;0;0;0;1.213
Morocco;MAR;1966;0;0;0;1.054
Morocco;MAR;1967;0;0;0;0.932
Morocco;MAR;1968;0;0;0;1.058
Morocco;MAR;1969;0;0;0;1.368
Morocco;MAR;1970;0;0;0;1.346
Morocco;MAR;1971;0;0;0;1.52
Morocco;MAR;1972;0;0;0;1.596
Morocco;MAR;1973;0;0;0;1.192
Morocco;MAR;1974;0;0;0;1.337
Morocco;MAR;1975;0;0;0;1.016
Morocco;MAR;1976;0;0;0;0.998
Morocco;MAR;1977;0;0;0;1.365
Morocco;MAR;1978;0;0;0;1.416
Morocco;MAR;1979;0;0;0;1.582
Morocco;MAR;1980;0;0;0;1.515
Morocco;MAR;1981;0;0;0;1.024
Morocco;MAR;1982;0;0;0;0.572
Morocco;MAR;1983;0;0;0;0.481
Morocco;MAR;1984;0;0;0;0.366
Morocco;MAR;1985;0;0;0;0.486
Morocco;MAR;1986;0;0;0;0.643
Morocco;MAR;1987;0;0;0;0.825
Morocco;MAR;1988;0;0;0;0.936
Morocco;MAR;1989;0;0;0;1.157
Morocco;MAR;1990;0;0;0;1.22
Morocco;MAR;1991;0;0;0;1.226
Morocco;MAR;1992;0;0;0;0.964
Morocco;MAR;1993;0;0;0;0.443
Morocco;MAR;1994;0;0;0;0.84
Morocco;MAR;1995;0;0;0;0.611
Morocco;MAR;1996;0;0;0;1.957
Morocco;MAR;1997;0;0;0;2.083
Morocco;MAR;1998;0;0;0;1.777
Morocco;MAR;1999;0;0;0;0.825
Morocco;MAR;2000;0;0;0.064;0.718
Morocco;MAR;2001;0;0;0.2058;0.8623
Morocco;MAR;2002;0;0.00010101;0.1939;0.842
Morocco;MAR;2003;0;0.00010101;0.2028;14.417.117
Morocco;MAR;2004;0;0.00010101;0.1989;15.913
Morocco;MAR;2005;0;0.00010101;0.2063;0.9647
Morocco;MAR;2006;0;0.00010101;0.1832;0.9825
Morocco;MAR;2007;0;0.00010101;0.2789;0.902
Morocco;MAR;2008;0;0.00010101;0.2982;0.9158
Morocco;MAR;2009;0;0.00010101;0.3911;25.683
Morocco;MAR;2010;0;0.00010101;0.6588;34.678
Morocco;MAR;2011;0;0.00010101;0.6922;20.054
Morocco;MAR;2012;0;0.000101283;0.728;1.631
Morocco;MAR;2013;0;0.00010101;12.149;2.785
Morocco;MAR;2014;0;0.00010101;19.238;16.374
Morocco;MAR;2015;0;0.0057;25.194;1.885
Morocco;MAR;2016;0;0.4015;30.001;12.557
Morocco;MAR;2017;0;0.4153;30.349;1.184.712
Morocco;MAR;2018;0;0.950155;3.840.743;1.693.443
Morocco;MAR;2019;0;1.581.462;469.919;1.262.781
Morocco;MAR;2020;0;15.198.336;4.591.891;0.86763716
Morocco;MAR;2021;0;18.202.063;510.667;0.81830716
Morocco;MAR;2022;0;14.477.472;5.355.879;0.3502118
Morocco;MAR;2023;0;21.106.727;6.545.676;0.16276278
Morocco;MAR;2024;0;21.164.553;75.174.174;0.14157313
Netherlands;NLD;1965;0;0;0;0
Netherlands;NLD;1966;0;0;0;0
Netherlands;NLD;1967;0;0;0;0
Netherlands;NLD;1968;0;0;0;0
Netherlands;NLD;1969;0;0;0;0
Netherlands;NLD;1970;0;0;0;0
Netherlands;NLD;1971;0;0;0;0
Netherlands;NLD;1972;0;0;0;0
Netherlands;NLD;1973;0;0;0;0
Netherlands;NLD;1974;0;0;0;0
Netherlands;NLD;1975;0.803;0;0;0
Netherlands;NLD;1976;0.872;0;0;0
Netherlands;NLD;1977;0.867;0;0;0
Netherlands;NLD;1978;1.211;0;0;0
Netherlands;NLD;1979;1.106;0;0;0
Netherlands;NLD;1980;1.024;0;0;0
Netherlands;NLD;1981;1.085;0;0;0
Netherlands;NLD;1982;0.265;0;0;0
Netherlands;NLD;1983;0.231;0;0;0
Netherlands;NLD;1984;0.017;0;0;0
Netherlands;NLD;1985;0.441;0;0;0.003
Netherlands;NLD;1986;0.553;0;0.001;0.003
Netherlands;NLD;1987;0.702;0;0.002;0.001
Netherlands;NLD;1988;0.835;0;0.016;0.002
Netherlands;NLD;1989;0.9;0;0.023;0.037
Netherlands;NLD;1990;0.67;0;0.056;0.085
Netherlands;NLD;1991;0.75;0;0.088;0.104
Netherlands;NLD;1992;0.752;0.001;0.147;0.12
Netherlands;NLD;1993;0.863;0.001;0.174;0.092
Netherlands;NLD;1994;0.939;0.00001;0.238;0.1
Netherlands;NLD;1995;1.017;0.001;0.317;0.088
Netherlands;NLD;1996;1.316;0.002;0.437;0.08
Netherlands;NLD;1997;1.463;0.002;0.475;0.092
Netherlands;NLD;1998;1.590.281;0.0035;0.64;0.11231
Netherlands;NLD;1999;1.788.338;0.00527;0.645;0.090249
Netherlands;NLD;2000;2.013.194;0.00771;0.829;0.142393
Netherlands;NLD;2001;2.358.034;0.01306;0.825;0.117324
Netherlands;NLD;2002;2.906.752;0.01704;0.946;0.109636
Netherlands;NLD;2003;2.547.534;0.03074;1.318;0.072023
Netherlands;NLD;2004;3.324.906;0.03314;1.867;0.095732
Netherlands;NLD;2005;5.276.719;0.034199;2.067;0.088
Netherlands;NLD;2006;5.194;0.035223;2.734;0.105199
Netherlands;NLD;2007;4.026.282;0.035712;3.437;0.107
Netherlands;NLD;2008;5.082.893;0.038889;4.258.333;0.1
Netherlands;NLD;2009;6.111;0.044444;4.583.333;0.097222
Netherlands;NLD;2010;7.058.056;0.059444;3.993.056;0.104167
Netherlands;NLD;2011;7.083.559;0.100344;5.100.171;0.057
Netherlands;NLD;2012;7.203.605;0.253753;4.981.829;0.104388
Netherlands;NLD;2013;5.954;0.5159;5.627.148;0.114312
Netherlands;NLD;2014;5.013.182;0.784762;5.797.334;0.111925
Netherlands;NLD;2015;4.935.859;110.852;7.549.858;0.0927
Netherlands;NLD;2016;4.908.861;1.601.808;8.170.446;0.100079
Netherlands;NLD;2017;4.604.632;2.204.346;10.568.801;0.060757
Netherlands;NLD;2018;4.553.191;3.707.792;10.548.511;0.072348
Netherlands;NLD;2019;5.821.676;5.399.406;11.507.927;0.074182
Netherlands;NLD;2020;8.838.681;8.567.013;15.277.726;0.046066
Netherlands;NLD;2021;10.917.558;11.303.873;18.046.019;0.08824
Netherlands;NLD;2022;9.819.727;16.656.805;21.565.971;0.049998
Netherlands;NLD;2023;7.614.118;19.578.188;29.525.082;0.069369
Netherlands;NLD;2024;7.183.088;21.645;33.377.243;0.085
New Zealand;NZL;1965;1.348;0;0;1.001.878
New Zealand;NZL;1966;1.359;0;0;10.805.433
New Zealand;NZL;1967;1.134;0;0;11.220.857
New Zealand;NZL;1968;1.295;0;0;11.773.282
New Zealand;NZL;1969;1.327;0;0;1.163.628
New Zealand;NZL;1970;1.273;0;0;1.267.042
New Zealand;NZL;1971;1.256;0;0;14.393.986
New Zealand;NZL;1972;1.257;0;0;15.264.607
New Zealand;NZL;1973;1.243;0;0;1.509.667
New Zealand;NZL;1974;20.790.577;0;0;15.188.889
New Zealand;NZL;1975;21.061.628;0;0;16.663.637
New Zealand;NZL;1976;2.054.847;0;0;1.549.899
New Zealand;NZL;1977;19.780.049;0;0;14.720.202
New Zealand;NZL;1978;20.011.628;0;0;156.595.955
New Zealand;NZL;1979;18.775.839;0;0;18.443.434
New Zealand;NZL;1980;19.714.787;0;0;19.364.647
New Zealand;NZL;1981;1.938.584;0;0;19.679.798
New Zealand;NZL;1982;19.683.207;0;0;1.830.404
New Zealand;NZL;1983;19.863.839;0;0;19.751.514
New Zealand;NZL;1984;21.384.313;0;0;20.376.768
New Zealand;NZL;1985;20.102.081;0;0;19.707.859
New Zealand;NZL;1986;20.830.345;0;0;22.097.696
New Zealand;NZL;1987;20.779.002;0;0;21.928.556
New Zealand;NZL;1988;2.087.283;0;0;22.962.656
New Zealand;NZL;1989;2.578.135;0;0;22.558.859
New Zealand;NZL;1990;29.529.426;0;0;23.185.303
New Zealand;NZL;1991;31.218.293;0;0;22.894.464
New Zealand;NZL;1992;30.693.219;0;0.000690909;21.092.667
New Zealand;NZL;1993;32.180.853;0;0.000985859;23.492.899
New Zealand;NZL;1994;30.746.424;0;0.001010101;2.583.708
New Zealand;NZL;1995;30.245.616;0;0.001010101;27.534.758
New Zealand;NZL;1996;29.514.518;0;0.008326262;2.618.293
New Zealand;NZL;1997;30.464.327;0;0.013593555;23.258.162
New Zealand;NZL;1998;33.079.102;0;0.022069696;25.319.334
New Zealand;NZL;1999;35.562.158;0;0.03899293;22.919.535
New Zealand;NZL;2000;37.408.855;0;0.12020808;24.434.969
New Zealand;NZL;2001;35.297.565;0;0.13898788;21.681.162
New Zealand;NZL;2002;33.669.994;0;0.15548317;24.873.026
New Zealand;NZL;2003;32.766.335;0;0.14654097;23.622.797
New Zealand;NZL;2004;33.947.048;0;0.36153665;27.240.088
New Zealand;NZL;2005;38.075.435;0;0.6143859;23.327.555
New Zealand;NZL;2006;40.715.566;0;0.6222169;23.573.221
New Zealand;NZL;2007;42.583.714;0.003405895;0.92987984;236.405
New Zealand;NZL;2008;4.893.002;0.003455616;10.584.577;22.347.338
New Zealand;NZL;2009;5.582.571;0.003589863;14.764.609;24.217.442
New Zealand;NZL;2010;6.608.745;0.003828525;16.371.758;24.726.507
New Zealand;NZL;2011;69.373.813;0.004126869;19.572.189;25.110.668
New Zealand;NZL;2012;71.866.794;0.004822949;20.791.955;22.896.656
New Zealand;NZL;2013;7.578.271;0.006701959;20.218.704;23.029.074
New Zealand;NZL;2014;8.363.213;0.018797714;2.210.925;24.318.062
New Zealand;NZL;2015;8.959.386;0.036830876;236.413;24.529.945
New Zealand;NZL;2016;8.945.971;0.05674612;23.407.655;2.593.505
New Zealand;NZL;2017;8.977.402;0.07709482;2.091.049;25.175.854
New Zealand;NZL;2018;8.898.494;0.10066275;20.679.657;2.625.458
New Zealand;NZL;2019;8.981.838;0.127903;22.556.674;25.598.652
New Zealand;NZL;2020;9.015.269;0.16111544;2.309.158;24.266.592
New Zealand;NZL;2021;9.175.668;0.2104717;2.644.358;24.234.734
New Zealand;NZL;2022;9.196.881;0.28559086;28.656.576;26.276.207
New Zealand;NZL;2023;88.856.125;0.37465358;3.238.395;26.574.657
New Zealand;NZL;2024;9.793.521;0.60716313;3.958.227;23.797.873
Non-OECD (EI);;1965;0;0;0;20.495.503
Non-OECD (EI);;1966;0;0;0;22.441.562
Non-OECD (EI);;1967;0;0;0;22.613.533
Non-OECD (EI);;1968;0;0;0;25.794.876
Non-OECD (EI);;1969;0;0;0;28.272.205
Non-OECD (EI);;1970;0.57093334;0;0;31.149.374
Non-OECD (EI);;1971;2.241.386;0;0;32.789.908
Non-OECD (EI);;1972;22.435.975;0;0;34.618.478
Non-OECD (EI);;1973;23.887.706;0;0;36.236.978
Non-OECD (EI);;1974;25.111.551;0;0;39.992.545
Non-OECD (EI);;1975;2.797.168;0;0;41.635.663
Non-OECD (EI);;1976;32.653.003;0;0;4.469.197
Non-OECD (EI);;1977;35.918.486;0;0;48.842.285
Non-OECD (EI);;1978;39.769.168;0;0;53.935.913
Non-OECD (EI);;1979;4.901.943;0;0;5.739.957
Non-OECD (EI);;1980;6.315.481;0;0;61.733.356
Non-OECD (EI);;1981;8.681.936;0;0;63.777.386
Non-OECD (EI);;1982;9.299.696;0;0;6.391.586
Non-OECD (EI);;1983;11.076.061;0;0;66.469.006
Non-OECD (EI);;1984;11.314.792;0;0;72.504.443
Non-OECD (EI);;1985;11.825.258;0;0;764.231
Non-OECD (EI);;1986;12.037.505;0;0;79.682.776
Non-OECD (EI);;1987;11.805.917;0;0;8.220.154
Non-OECD (EI);;1988;12.002.912;0;0;87.210.266
Non-OECD (EI);;1989;12.963.703;0;0;8.934.253
Non-OECD (EI);;1990;15.445.664;0.002;0.034333333;92.575.946
Non-OECD (EI);;1991;15.501.315;0.002;0.12300091;96.122.644
Non-OECD (EI);;1992;16.650.942;0.003;0.22078313;9.739.785
Non-OECD (EI);;1993;16.340.818;0.004008;0.31203565;10.304.474
Non-OECD (EI);;1994;18.357.477;0.005018;0.5899073;10.876.791
Non-OECD (EI);;1995;2.205.613;0.008042101;11.282.852;11.279.578
Non-OECD (EI);;1996;2.316.015;0.015100606;10.020.291;1.125.287
Non-OECD (EI);;1997;26.537.088;0.017125607;1.228.866;11.444.614
Non-OECD (EI);;1998;29.019.012;0.020160606;15.017.252;11.974.895
Non-OECD (EI);;1999;3.375.324;0.023270616;2.039.237;12.037.592
Non-OECD (EI);;2000;38.301.823;0.043817446;24.845.295;12.457.386
Non-OECD (EI);;2001;40.691.372;0.06325795;3.433.199;12.794.312
Non-OECD (EI);;2002;42.608.406;0.08561688;36.532.056;13.035.369
Non-OECD (EI);;2003;4.615.478;0.11142536;4.448.027;13.239.547
Non-OECD (EI);;2004;4.965.399;0.13435523;7.644.248;14.865.562
Non-OECD (EI);;2005;53.350.132;0.1576311;9.266.881;1.569.437
Non-OECD (EI);;2006;59.995.644;0.20733984;149.255;16.567.483
Non-OECD (EI);;2007;69.157.585;0.29858592;19.880.672;17.422.897
Non-OECD (EI);;2008;8.087.646;0.38713455;31.306.509;18.659.727
Non-OECD (EI);;2009;9.312.936;0.6037891;4.864.374;18.777.566
Non-OECD (EI);;2010;11.118.256;13.239.627;7.653.694;20.234.028
Non-OECD (EI);;2011;11.851.623;4.736.179;10.865.682;20.488.877
Non-OECD (EI);;2012;12.767.051;9.242.483;14.645.685;2192.89
Non-OECD (EI);;2013;14.252.426;18.007.584;19.118.544;23.219.849
Non-OECD (EI);;2014;16.636.372;38.203.026;22.611.429;24.445.442
Non-OECD (EI);;2015;17.855.107;6.148.912;27.076.944;24.475.952
Non-OECD (EI);;2016;18.996.475;9.959.833;35.304.538;25.568.323
Non-OECD (EI);;2017;21.074.481;16.787.987;44.181.125;26.128.438
Non-OECD (EI);;2018;24.924.556;25.154.231;5.233.052;26.997.231
Non-OECD (EI);;2019;2.714.561;33.094.894;58.834.717;27.877.488
Non-OECD (EI);;2020;3.018.435;4.073.738;65.654.034;2.863.818
Non-OECD (EI);;2021;33.686.612;51.710.596;8.832.033;28.431.897
Non-OECD (EI);;2022;36.179.214;6.690.926;10.132.963;2.938.695
Non-OECD (EI);;2023;38.477.655;88.937.274;11.775.216;28.696.057
Non-OECD (EI);;2024;40.212.833;12.136.372;13.081.718;30.138.513
North America;;1965;13.332.232;0;0;3.276.461
North America;;1966;14.062.007;0;0;3.429.609
North America;;1967;14.073.571;0;0;3.741.698
North America;;1968;15.546.045;0;0;37.919.272
North America;;1969;1.622.706;0;0;42.248.953
North America;;1970;16.235.903;0;0;42.939.407
North America;;1971;17.696.413;0;0;4.525.339
North America;;1972;1.967.998;0;0;4.792.899
North America;;1973;21.274.693;0;0;49.272.952
North America;;1974;22.032.265;0;0;53.842.413
North America;;1975;21.645.302;0;0;5.273.913
North America;;1976;25.696.754;0;0;52.385.376
North America;;1977;27.112.122;0;0;46.893.967
North America;;1978;28.528.788;0;0;5.429.264
North America;;1979;30.080.036;0;0;55.430.054
North America;;1980;30.871.222;0;0;5.566.706
North America;;1981;3.267.571;0;0;56.475.195
North America;;1982;32.462.154;0;0;6.030.476
North America;;1983;35.799.706;0.003;0.00269495;6.329.343
North America;;1984;4.189.543;0.00530101;0.006555555;64.591.675
North America;;1985;41.873.886;0.010737374;0.006820202;62.885.596
North America;;1986;46.113.422;0.014173738;0.005231313;640.286
North America;;1987;5.164.095;0.01060303;0.004576768;60.281.836
North America;;1988;51.845.024;0.009185859;0.001879798;57.043.506
North America;;1989;59.593.136;0.2531323;21.343.768;6.029.673
North America;;1990;69.392.914;0.37179494;2.819.687;6.253.437
North America;;1991;7.309.618;0.4802529;29.836.779;62.984.656
North America;;1992;7.896.759;0.4138971;29.766.898;6.055.158
North America;;1993;8.105.549;0.48121452;3.097.906;6.418.483
North America;;1994;8.116.244;0.50892544;35.537.062;6.200.209
North America;;1995;7.955.623;0.5233137;32.699.928;6.854.456
North America;;1996;8.152.363;0.553236;33.646.922;74.817.206
North America;;1997;82.925.385;0.5456431;34.789.815;7.449.706
North America;;1998;8.342.176;0.5417646;32.065.902;6.921.732
North America;;1999;8.513.619;0.53870624;48.234.224;7.117.536
North America;;2000;8.602.614;0.5425887;61.472.874;67.951.245
North America;;2001;8.710.879;0.603293;73.798.866;5.852.815
North America;;2002;9.244.937;0.63404346;11.200.103;6.484.932
North America;;2003;92.23;0.64368576;12.304.386;6.432.528
North America;;2004;9.381.528;0.7244296;15.602.357;64.445.514
North America;;2005;9.469.784;0.7835996;19.885.897;67.586.255
North America;;2006;9.462.516;0.8639244;29.770.735;6.893.802
North America;;2007;9.672.147;11.415.055;38.422.153;65.828.375
North America;;2008;9.528.675;17.021.077;60.302.902;68.991.394
North America;;2009;95.904;2.236.723;8.248.513;68.798.846
North America;;2010;100.01;3.351.158;106.375.084;6.692.185
North America;;2011;10.081.685;5.445.939;13.432.039;7.512.017
North America;;2012;10.315.744;10.199.857;15.890.797;7.109.693
North America;;2013;10.803.537;17.905.542;18.714.879;71.063.214
North America;;2014;11.069.829;31.911.573;20.582.605;7.004.833
North America;;2015;1.111.432;43.576.576;2.325.834;6.834.095
North America;;2016;11.207.415;60.423.866;27.498.212;7.039.202
North America;;2017;111.482.925;8.474.899;30.346.472;75.208.673
North America;;2018;10.978.206;10.367.752;32.719.458;73.691.907
North America;;2019;105.757;125.222.305;35.469.608;71.404.425
North America;;2020;10.283.572;15.616.212;40.259.412;72.484.454
North America;;2021;10.212.651;196.392;44.665.485;6.979.338
North America;;2022;98.684.586;23.875.438;50.456.857;7.179.719
North America;;2023;9.443.968;27.963.977;49.297.604;6.497.922
North America;;2024;9.225.913;34.895.993;5.301.672;6.360.392
North America (EI);;1965;13.332.232;0;0;32.592.508
North America (EI);;1966;14.062.007;0;0;3.410.549
North America (EI);;1967;14.073.571;0;0;3.721.618
North America (EI);;1968;15.546.045;0;0;3.769.967
North America (EI);;1969;1.622.706;0;0;4.200.725
North America (EI);;1970;16.235.903;0;0;42.663.437
North America (EI);;1971;16.584.414;0;0;449.287
North America (EI);;1972;1.867.298;0;0;475.886
North America (EI);;1973;20.150.692;0;0;4.892.377
North America (EI);;1974;20.867.266;0;0;53.465.967
North America (EI);;1975;20.272.303;0;0;5.238.668
North America (EI);;1976;23.850.754;0;0;5.197.665
North America (EI);;1977;25.197.123;0;0;46.519.727
North America (EI);;1978;26.408.787;0;0;5.377.995
North America (EI);;1979;28.120.037;0;0;54.806.433
North America (EI);;1980;28.871.117;0;0;5.500.601
North America (EI);;1981;30.239.603;0;0;55.714.276
North America (EI);;1982;2.984.005;0;0;5.962.483
North America (EI);;1983;332.426;0.003;0.00269495;6.253.626
North America (EI);;1984;39.356.327;0.00530101;0.006555555;63.731.323
North America (EI);;1985;39.710.896;0.010737374;0.006820202;61.925.464
North America (EI);;1986;4.396.067;0.014173738;0.005231313;6.289.075
North America (EI);;1987;4.939.543;0.01060303;0.004576768;59.090.137
North America (EI);;1988;49.512.062;0.009185859;0.001879798;55.765.576
North America (EI);;1989;57.006.268;0.2531323;21.343.768;59.052.814
North America (EI);;1990;66.537.315;0.37179494;2.819.687;6.124.452
North America (EI);;1991;7.036.828;0.48025286;29.836.779;6.172.273
North America (EI);;1992;75.645.935;0.4138971;29.766.898;593.414
North America (EI);;1993;78.241.486;0.48121452;30.961.888;62.811.975
North America (EI);;1994;7.830.638;0.50892544;35.459.282;6.074.682
North America (EI);;1995;7.681.739;0.5233137;32.622.151;67.287.823
North America (EI);;1996;7.853.903;0.55323595;33.347.363;73.347.784
North America (EI);;1997;7.987.155;0.5456431;33.952.475;73.101.483
North America (EI);;1998;80.742.966;0.5417646;31.332.586;6.775.521
North America (EI);;1999;8.148.087;0.5386052;47.123.313;6.943.183
North America (EI);;2000;8.185.851;0.5419337;5.932.759;6.625.963
North America (EI);;2001;82.750.084;0.60193;71.523.848;57.019.635
North America (EI);;2002;87.906.525;0.6323344;10.884.869;63.230.383
North America (EI);;2003;8.769.915;0.6414438;12.009.471;6.259.625
North America (EI);;2004;89.011.734;0.7213956;15.251.607;6.261.294
North America (EI);;2005;8.989.099;0.7749006;19.576.908;65.609.296
North America (EI);;2006;89.507.706;0.85543215;2.937.578;66.887.775
North America (EI);;2007;9.111.054;11.304.106;38.053.185;6.380.052
North America (EI);;2008;894.266;16.870.626;59.965.836;6.677.655
North America (EI);;2009;8.964.899;22.119.603;8.187.046;6.669.425
North America (EI);;2010;9.335.958;3.299.592;10.557.163;64.585.547
North America (EI);;2011;9.395.604;53.516.192;1.332.274;7.280.859
North America (EI);;2012;953.974;9.986.821;15.724.394;68.615.216
North America (EI);;2013;9.957.421;17.644.686;18.486.508;6.862.969
North America (EI);;2014;10.196.342;31.557.364;20.273.344;67.714.374
North America (EI);;2015;102.120.766;4.252.341;22.835.649;65.953.784
North America (EI);;2016;102.398.254;5.867.753;27.059.662;6.792.273
North America (EI);;2017;1.020.387;8.255.318;2.990.048;7.222.716
North America (EI);;2018;9.979.621;10.101.171;32.132.828;70.764.264
North America (EI);;2019;9.434.047;12.169.058;3.484.737;6.908.404
North America (EI);;2020;9.173.163;15.194.875;39.681.894;6.961.422
North America (EI);;2021;9.057.754;19.139.188;44.038.858;6.661.094
North America (EI);;2022;8.772.705;23.322.487;49.869.067;6.845.576
North America (EI);;2023;8.334.661;2.730.859;48.660.574;6.227.714
North America (EI);;2024;8.152.286;3.413.694;5.246.193;60.545.276
North Macedonia;MKD;1990;0;0;0;0.491
North Macedonia;MKD;1991;0;0;0;0.848
North Macedonia;MKD;1992;0;0;0;0.848
North Macedonia;MKD;1993;0;0;0;0.522
North Macedonia;MKD;1994;0;0;0;0.695
North Macedonia;MKD;1995;0;0;0;0.801
North Macedonia;MKD;1996;0;0;0;0.85
North Macedonia;MKD;1997;0;0;0;0.9
North Macedonia;MKD;1998;0;0;0;1.083
North Macedonia;MKD;1999;0;0;0;1.389
North Macedonia;MKD;2000;0;0;0;1.17
North Macedonia;MKD;2001;0;0;0;0.626
North Macedonia;MKD;2002;0;0;0;0.757
North Macedonia;MKD;2003;0;0;0;1.374
North Macedonia;MKD;2004;0;0;0;1.482
North Macedonia;MKD;2005;0;0;0;1.492
North Macedonia;MKD;2006;0;0;0;1.65
North Macedonia;MKD;2007;0;0;0;1.01
North Macedonia;MKD;2008;0;0;0;0.84
North Macedonia;MKD;2009;0;0;0;1.27
North Macedonia;MKD;2010;0;0.000026;0;2.431
North Macedonia;MKD;2011;0;0.001173;0;1.433
North Macedonia;MKD;2012;0;0.002836;0;1.041
North Macedonia;MKD;2013;0;0.009051;0;1.583.967
North Macedonia;MKD;2014;0;0.014382;0.070633;1.206.651
North Macedonia;MKD;2015;0.020219;0.0226;0.120767;1.865.193
North Macedonia;MKD;2016;0.036033;0.0237;0.109483;1.897.345
North Macedonia;MKD;2017;0.051551;0.023751;0.11048;1.110.279
North Macedonia;MKD;2018;0.05405;0.022788;0.097338;1.791.368
North Macedonia;MKD;2019;0.055103;0.023225436;0.101806;1.163.674
North Macedonia;MKD;2020;0.057298;0.024161914;0.116885;1.277.143
North Macedonia;MKD;2021;0.053818;0.050999276;0.103336;1.451.623
North Macedonia;MKD;2022;0.05138;0.10088801;0.107656;1.345.315
North Macedonia;MKD;2023;0.065247;0.35547403;0.157647;1.622.933
North Macedonia;MKD;2024;0.06293088;0.31199634;0.165916;1.366.363
Norway;NOR;1965;0;0;0;49.452
Norway;NOR;1966;0;0;0;48.744
Norway;NOR;1967;0;0;0;53.301
Norway;NOR;1968;0;0;0;60.205
Norway;NOR;1969;0;0;0;57.371
Norway;NOR;1970;0;0;0;57.808
Norway;NOR;1971;0;0;0;63.245
Norway;NOR;1972;0;0;0;67.417
Norway;NOR;1973;0;0;0;72.867
Norway;NOR;1974;0;0;0;76.597
Norway;NOR;1975;0;0;0;77.33
Norway;NOR;1976;0;0;0;81.933
Norway;NOR;1977;0;0;0;72.022
Norway;NOR;1978;0;0;0;80.706
Norway;NOR;1979;0;0;0;88.698
Norway;NOR;1980;0;0;0;83.613
Norway;NOR;1981;0;0;0;92.834
Norway;NOR;1982;0;0;0;92.499
Norway;NOR;1983;0;0;0;105.688
Norway;NOR;1984;0;0;0;105.903
Norway;NOR;1985;0.005;0;0;102.383
Norway;NOR;1986;0.026;0;0;96.201
Norway;NOR;1987;0.021;0;0;103.273
Norway;NOR;1988;0.027;0;0;108.857
Norway;NOR;1989;0.029;0;0;118.4
Norway;NOR;1990;0.213;0;0;121.145
Norway;NOR;1991;0.209;0;0;110.134
Norway;NOR;1992;0.227;0;0;116.671
Norway;NOR;1993;0.243;0;0.007;119.233
Norway;NOR;1994;0.27;0;0.009;111.643
Norway;NOR;1995;0.289;0;0.01;121.53
Norway;NOR;1996;0.303;0;0.009;103.862
Norway;NOR;1997;0.241;0;0.011;109.775
Norway;NOR;1998;0.27;0;0.011;115.703
Norway;NOR;1999;0.273;0;0.025;121.452
Norway;NOR;2000;0.256;0.0053;0.031;141.818
Norway;NOR;2001;0.255;0.0053;0.027;120.463
Norway;NOR;2002;0.25;0.0053;0.075;129.372
Norway;NOR;2003;0.33;0.0062;0.218;105.48
Norway;NOR;2004;0.359;0.0062;0.252;108.781
Norway;NOR;2005;0.333;0.0062;0.499;135.688
Norway;NOR;2006;0.388;0.0071;0.636;119.369
Norway;NOR;2007;0.386;0.0071;0.892;133.656
Norway;NOR;2008;0.397;0.0074;0.913;139.044
Norway;NOR;2009;0.227;0.0077;0.977;125.283
Norway;NOR;2010;0.349;0.0081;0.879;116.739
Norway;NOR;2011;0.339;0.0085;1.283;120.279
Norway;NOR;2012;0.326;0.0089;1.548;141.724
Norway;NOR;2013;0.396;0.0098;1.881;128.138
Norway;NOR;2014;0.2531;0.0116;2.217;135.466
Norway;NOR;2015;0.253;0.0134;2.515;137.302
Norway;NOR;2016;0.233;0.0238;2.116;142.807
Norway;NOR;2017;0.259;0.039961;2.854;142.366
Norway;NOR;2018;0.204168;0.060876;3.877;13.897.115
Norway;NOR;2019;0.253005;0.10502;5.525;12.528.956
Norway;NOR;2020;0.23981;0.13368152;9.911;1.409.238
Norway;NOR;2021;0.21519;0.108939;11.769.184;14.396.523
Norway;NOR;2022;0.238117;0.172866;14.809.859;12.823.982
Norway;NOR;2023;0.24917;0.357619;13.965.093;1.367.138
Norway;NOR;2024;0.13159631;0.5535703;14.523.888;13.957.597
OECD (EI);;1965;17.985.231;0;0;71.824.304
OECD (EI);;1966;19.806.007;0;0;75.940.137
OECD (EI);;1967;1.998.657;0;0;779.607
OECD (EI);;1968;22.120.045;0;0;8.013.399
OECD (EI);;1969;23.257.965;0;0;83.902.045
OECD (EI);;1970;25.130.964;0;0;86.315.594
OECD (EI);;1971;25.646.908;0;0;8.993.431
OECD (EI);;1972;27.645.178;0;0;9.384.442
OECD (EI);;1973;2.970.708;0;0;9.406.431
OECD (EI);;1974;3.177.793;0;0;10.313.062
OECD (EI);;1975;32.014.915;0;0;10.325.269
OECD (EI);;1976;3.552.575;0;0;9.962.169
OECD (EI);;1977;37.300.194;0;0;10.032.495
OECD (EI);;1978;39.319.733;0;0.003;10.750.232
OECD (EI);;1979;41.597.313;0;0.006;11.211.904
OECD (EI);;1980;43.401.985;0;0.0105;11.143.158
OECD (EI);;1981;44.804.237;0;0.0105;11.311.296
OECD (EI);;1982;52.409.256;0;0.0185;11.617.495
OECD (EI);;1983;5.727.887;0.003;0.03279495;12.130.789
OECD (EI);;1984;6.503.136;0.006311111;0.044755556;1.216.329
OECD (EI);;1985;6.687.732;0.011747475;0.064220205;12.150.127
OECD (EI);;1986;73.405.876;0.015183838;0.13883132;12.092.454
OECD (EI);;1987;79.710.106;0.01060303;0.19537677;1.211.177
OECD (EI);;1988;82.158;0.010195959;0.3315798;12.262.461
OECD (EI);;1989;9.170.866;0.26222324;26.497.767;11.941.617
OECD (EI);;1990;10.177.869;0.38624996;35.981.371;12.328.625
OECD (EI);;1991;106.761.894;0.5032229;39.631.057;12.473.176
OECD (EI);;1992;11.450.898;0.46357912;45.120.287;12.343.362
OECD (EI);;1993;11.914.004;0.5526695;5.392.133;13.108.732
OECD (EI);;1994;12.231.996;0.5919649;65.418.224;12.682.263
OECD (EI);;1995;12.458.623;0.63084066;71.438.384;13.554.312
OECD (EI);;1996;127.543.564;0.68412936;8.213.572;13.915.278
OECD (EI);;1997;13.487.463;0.7325302;10.799.351;14.168.943
OECD (EI);;1998;1.391.984;0.79169136;14.427.535;13.834.438
OECD (EI);;1999;14.289.484;0.88201725;1.918.766;13.967.095
OECD (EI);;2000;1.466.192;10.143.137;28.925.018;14.009.427
OECD (EI);;2001;15.138.397;13.587.534;34.946.808;12.991.776
OECD (EI);;2002;16.416.138;17.113.976;48.728.584;13.226.084
OECD (EI);;2003;1.722.768;21.410.785;58.836.582;1.298.979
OECD (EI);;2004;18.642.825;28.337.533;77.974.144;13.299.746
OECD (EI);;2005;20.212.547;4.024.476;95.360.374;13.418.184
OECD (EI);;2006;21.207.332;5.547.741;11.857.733;13.654.841
OECD (EI);;2007;22.614.325;75.070.214;15.162.392;13.301.201
OECD (EI);;2008;23.505.643;12.293.462;19.010.593;13.856.204
OECD (EI);;2009;24.510.861;2.045.548;22.815.358;13.685.773
OECD (EI);;2010;26.719.852;3.259.723;26.987.213;14.067.097
OECD (EI);;2011;2.785.215;61.007.313;33.226.968;14.436.885
OECD (EI);;2012;3.010.808;9.227.348;384.354;14.485.443
OECD (EI);;2013;3.188.538;12.060.189;44.466.696;14.660.088
OECD (EI);;2014;3.357.458;15.909.143;48.012.527;14.445.282
OECD (EI);;2015;35.574.625;1.950.444;5.609.826;14.315.704
OECD (EI);;2016;35.718.576;22.841.644;6.096.189;1.459.122
OECD (EI);;2017;36.548.483;27.800.467;70.072.015;14.555.743
OECD (EI);;2018;37.542.764;32.403.113;7.478.827;14.888.727
OECD (EI);;2019;3.807.424;37.557.812;83.391.223;14.548.772
OECD (EI);;2020;38.688.922;44.990.756;93.922.626;1495.31
OECD (EI);;2021;4.047.512;53.568.506;9.774.058;14.504.764
OECD (EI);;2022;39.964.133;65.355.396;10.968.365;13.960.969
OECD (EI);;2023;38.685.815;7.615.259;11.452.137;13.911.471
OECD (EI);;2024;39.030.582;8.980.961;12.028.589;14.390.575
Oceania;;1965;1.644;0;0;17.708.536
Oceania;;1966;1.643;0;0;18.150.476
Oceania;;1967;14.239.999;0;0;18.826.645
Oceania;;1968;15.769.999;0;0;19.723.782
Oceania;;1969;1.608;0;0;203.204
Oceania;;1970;1.534;0;0;22.841.106
Oceania;;1971;1.519;0;0;25.901.428
Oceania;;1972;1.537;0;0;2.681.792
Oceania;;1973;15.810.001;0;0;2.738.251
Oceania;;1974;25.080.576;0;0;29.062.809
Oceania;;1975;25.951.629;0;0;31.551.437
Oceania;;1976;2.538.847;0;0;2.965.285
Oceania;;1977;24.070.048;0;0;28.264.153
Oceania;;1978;24.061.627;0;0;30.334.946
Oceania;;1979;2.295.584;0;0;3.268.949
Oceania;;1980;23.564.787;0;0;32.831.245
Oceania;;1981;2.342.584;0;0;33.546.143
Oceania;;1982;24.843.206;0;0;31.074.375
Oceania;;1983;2.417.384;0;0;31.875.162
Oceania;;1984;25.794.313;0;0;33.502.716
Oceania;;1985;24.662.082;0;0;3.364.837
Oceania;;1986;25.430.346;0;0;36.123.497
Oceania;;1987;25.479.002;0;0;3.554.235
Oceania;;1988;28.182.828;0;0;372.971
Oceania;;1989;3.388.135;0;0;36.812.527
Oceania;;1990;37.124.426;0;0;379.448
Oceania;;1991;38.413.293;0.00545;0;38.547.966
Oceania;;1992;3.739.322;0.0121;0.000690909;37.034.164
Oceania;;1993;38.880.854;0.0146;0.002985859;39.879.898
Oceania;;1994;37.711.425;0.0174;0.006510101;4.198.708
Oceania;;1995;38.500.617;0.02115;0.008010102;43.165.756
Oceania;;1996;38.979.518;0.0256;0.015326262;4.215.143
Oceania;;1997;40.434.327;0.03065;0.021093555;39.210.663
Oceania;;1998;43.889.103;0.0356;0.040069696;41.117.332
Oceania;;1999;4.689.716;0.0406;0.08199293;39.201.035
Oceania;;2000;46.303.854;0.04675;0.2542081;40.901.466
Oceania;;2001;43.272.567;0.05415;0.4259879;37.804.665
Oceania;;2002;46.337.996;0.0583;0.6890332;40.968.025
Oceania;;2003;49.684.334;0.0632;0.85059094;39.833.347
Oceania;;2004;62.099.547;0.07295;11.565.367;4.292.674
Oceania;;2005;76.785.436;0.08405;19.134.359;38.793.255
Oceania;;2006;8.004.057;0.0975;2.784.317;38.518.322
Oceania;;2007;8.533.371;0.117155895;37.819.798;3.668.945
Oceania;;2008;8.589.102;0.14265561;45.169.077;34.162.487
Oceania;;2009;8.369.371;0.29383188;5.914.211;3.685.949
Oceania;;2010;9.050.295;0.9814768;6.622.176;38.472.507
Oceania;;2011;9.511.332;20.486.734;8.389.219;4.468.267
Oceania;;2012;1.028.453;2.416.823;9.804.195;39.932.655
Oceania;;2013;10.909.921;3.854.102;1.128.087;42.118.073
Oceania;;2014;119.095.745;4.970.798;11.987.926;38.802.063
Oceania;;2015;12.637.447;6.232.355;14.197.132;38.616.516
Oceania;;2016;12.573.483;74.965.215;1.538.047;4.356.447
Oceania;;2017;12.539.085;8.994.652;1.530.184;3.867.557
Oceania;;2018;12.486.643;12.432.745;18.329.922;4.356.594
Oceania;;2019;12.449.564;18.424.479;21.727.354;39.619.457
Oceania;;2020;124.256.935;24.005.657;2.491.605;38.687.546
Oceania;;2021;12.519.712;3.140.428;29.440.233;40.177.418
Oceania;;2022;12.383.467;3.782.969;3.291.596;42.936.966
Oceania;;2023;12.011.295;45.369;35.106.308;41.653.835
Oceania;;2024;12.779.572;50.819.553;3.669.633;3.664.745
Oman;OMN;1965;0;0;0;0
Oman;OMN;1966;0;0;0;0
Oman;OMN;1967;0;0;0;0
Oman;OMN;1968;0;0;0;0
Oman;OMN;1969;0;0;0;0
Oman;OMN;1970;0;0;0;0
Oman;OMN;1971;0;0;0;0
Oman;OMN;1972;0;0;0;0
Oman;OMN;1973;0;0;0;0
Oman;OMN;1974;0;0;0;0
Oman;OMN;1975;0;0;0;0
Oman;OMN;1976;0;0;0;0
Oman;OMN;1977;0;0;0;0
Oman;OMN;1978;0;0;0;0
Oman;OMN;1979;0;0;0;0
Oman;OMN;1980;0;0;0;0
Oman;OMN;1981;0;0;0;0
Oman;OMN;1982;0;0;0;0
Oman;OMN;1983;0;0;0;0
Oman;OMN;1984;0;0;0;0
Oman;OMN;1985;0;0;0;0
Oman;OMN;1986;0;0;0;0
Oman;OMN;1987;0;0;0;0
Oman;OMN;1988;0;0;0;0
Oman;OMN;1989;0;0;0;0
Oman;OMN;1990;0;0;0;0
Oman;OMN;1991;0;0;0;0
Oman;OMN;1992;0;0;0;0
Oman;OMN;1993;0;0;0;0
Oman;OMN;1994;0;0;0;0
Oman;OMN;1995;0;0;0;0
Oman;OMN;1996;0;0;0;0
Oman;OMN;1997;0;0;0;0
Oman;OMN;1998;0;0;0;0
Oman;OMN;1999;0;0;0;0
Oman;OMN;2000;0;0;0;0
Oman;OMN;2001;0;0;0;0
Oman;OMN;2002;0;0;0;0
Oman;OMN;2003;0;0;0;0
Oman;OMN;2004;0;0;0;0
Oman;OMN;2005;0;0;0;0
Oman;OMN;2006;0;0;0;0
Oman;OMN;2007;0;0;0;0
Oman;OMN;2008;0;0;0;0
Oman;OMN;2009;0;0;0;0
Oman;OMN;2010;0;0;0;0
Oman;OMN;2011;0;0;0;0
Oman;OMN;2012;0;0;0;0
Oman;OMN;2013;0;0.0012;0;0
Oman;OMN;2014;0;0.0012;0;0
Oman;OMN;2015;0;0.0037;0;0
Oman;OMN;2016;0;0.004196;0;0
Oman;OMN;2017;0;0.01556;0;0
Oman;OMN;2018;0;0.015712;0;0
Oman;OMN;2019;0;0.016555;0.0087;0
Oman;OMN;2020;0;0.055662;0.1043;0
Oman;OMN;2021;0;0.683523;0.119071;0
Oman;OMN;2022;0;18.464.189;0.11511274;0
Oman;OMN;2023;0;19.149.354;0.12131525;0
Oman;OMN;2024;0;19.201.818;0.12164762;0
Other Asia Pacific (EI);;1965;0;0;0;10.046
Other Asia Pacific (EI);;1966;0;0;0;10.029
Other Asia Pacific (EI);;1967;0;0;0;10.241
Other Asia Pacific (EI);;1968;0;0;0;10.258
Other Asia Pacific (EI);;1969;0;0;0;10.346
Other Asia Pacific (EI);;1970;0;0;0;10.377
Other Asia Pacific (EI);;1971;0;0;0;10.651
Other Asia Pacific (EI);;1972;0;0;0;11.061
Other Asia Pacific (EI);;1973;0;0;0;11.236
Other Asia Pacific (EI);;1974;0;0;0;11.518
Other Asia Pacific (EI);;1975;0;0;0;11.871
Other Asia Pacific (EI);;1976;0;0;0;12.33
Other Asia Pacific (EI);;1977;0;0;0;12.502
Other Asia Pacific (EI);;1978;0;0;0;12.893
Other Asia Pacific (EI);;1979;0;0;0;13.788
Other Asia Pacific (EI);;1980;0;0;0;13.904.415
Other Asia Pacific (EI);;1981;0;0;0;1.409.604
Other Asia Pacific (EI);;1982;0;0;0;14.592.532
Other Asia Pacific (EI);;1983;0;0;0;14.803.022
Other Asia Pacific (EI);;1984;0.001052632;0;0;15.207.169
Other Asia Pacific (EI);;1985;0.007;0;0;16.720.013
Other Asia Pacific (EI);;1986;0.004;0;0;17.790.367
Other Asia Pacific (EI);;1987;0.006;0;0;1.880.091
Other Asia Pacific (EI);;1988;0.007;0;0;2.077.865
Other Asia Pacific (EI);;1989;0.007;0;0;213.085
Other Asia Pacific (EI);;1990;0.021777777;0;0;22.273.935
Other Asia Pacific (EI);;1991;0.024666667;0;0;21.562.082
Other Asia Pacific (EI);;1992;0.026666667;0;0;20.659.893
Other Asia Pacific (EI);;1993;0.02388889;0;0;20.237.663
Other Asia Pacific (EI);;1994;0.028666668;0;0;21.236.698
Other Asia Pacific (EI);;1995;0.031666666;0;0;2.168.423
Other Asia Pacific (EI);;1996;0.027;0;0.001640218;20.675.007
Other Asia Pacific (EI);;1997;0.0195;0.000002;0.004917092;18.581.635
Other Asia Pacific (EI);;1998;0.0166;0.000012;0.005854207;18.358.118
Other Asia Pacific (EI);;1999;0.012;0.000009;0.005816067;19.578.995
Other Asia Pacific (EI);;2000;0.137312;0.001321;0.007372049;21.498.957
Other Asia Pacific (EI);;2001;0.18182002;0.003286;0.006910847;22.552.162
Other Asia Pacific (EI);;2002;0.17241442;0.003996;0.008239989;22.876.694
Other Asia Pacific (EI);;2003;0.24016042;0.005442;0.004802829;24.107.927
Other Asia Pacific (EI);;2004;0.25087222;0.006729;0.011548401;25.307.793
Other Asia Pacific (EI);;2005;0.31650868;0.008009;0.017633919;27.150.972
Other Asia Pacific (EI);;2006;0.34044957;0.009685;0.028420607;2.922.892
Other Asia Pacific (EI);;2007;0.546439;0.010134;0.04085638;3.239.628
Other Asia Pacific (EI);;2008;0.717975;0.018435;0.04473799;3.433.404
Other Asia Pacific (EI);;2009;0.736177;0.022816;0.05813534;3.408.213
Other Asia Pacific (EI);;2010;0.7081453;0.031851813;0.06779248;4.093.132
Other Asia Pacific (EI);;2011;0.7055287;0.050553605;0.05894759;4.697.427
Other Asia Pacific (EI);;2012;0.6696626;0.092523895;0.07406181;47.825.348
Other Asia Pacific (EI);;2013;0.672824;0.11195126;0.12119074;56.107.967
Other Asia Pacific (EI);;2014;0.7028814;0.15170169;0.19914171;54.640.285
Other Asia Pacific (EI);;2015;0.672247;0.238448;0.233868;5.104.433
Other Asia Pacific (EI);;2016;0.6374263;0.3421704;0.218889;6.028.077
Other Asia Pacific (EI);;2017;0.7029048;0.48724535;0.214623;6.385.546
Other Asia Pacific (EI);;2018;0.7055569;0.65803903;0.40026197;69.878.006
Other Asia Pacific (EI);;2019;0.77662456;0.86607134;0.53524;6.485.914
Other Asia Pacific (EI);;2020;0.7487004;11.529.762;0.495394;7.439.738
Other Asia Pacific (EI);;2021;0.71443784;1.646.331;0.59464455;83.891.685
Other Asia Pacific (EI);;2022;0.69297314;19.956.522;0.53770757;957.694
Other Asia Pacific (EI);;2023;0.7050204;22.727.969;0.5727774;9.532.011
Other Asia Pacific (EI);;2024;0.7308409;27.262.044;0.5995726;103.127.655
Other CIS (EI);;1965;0;0;0;0
Other CIS (EI);;1966;0;0;0;0
Other CIS (EI);;1967;0;0;0;0
Other CIS (EI);;1968;0;0;0;0
Other CIS (EI);;1969;0;0;0;0
Other CIS (EI);;1970;0;0;0;0
Other CIS (EI);;1971;0;0;0;0
Other CIS (EI);;1972;0;0;0;0
Other CIS (EI);;1973;0;0;0;0
Other CIS (EI);;1974;0;0;0;0
Other CIS (EI);;1975;0;0;0;0
Other CIS (EI);;1976;0;0;0;0
Other CIS (EI);;1977;0;0;0;0
Other CIS (EI);;1978;0;0;0;0
Other CIS (EI);;1979;0;0;0;0
Other CIS (EI);;1980;0;0;0;0
Other CIS (EI);;1981;0;0;0;0
Other CIS (EI);;1982;0;0;0;0
Other CIS (EI);;1983;0;0;0;0
Other CIS (EI);;1984;0;0;0;0
Other CIS (EI);;1985;0;0;0;2.238.868
Other CIS (EI);;1986;0;0;0;20.643.017
Other CIS (EI);;1987;0;0;0;21.120.312
Other CIS (EI);;1988;0;0;0;29.119.427
Other CIS (EI);;1989;0;0;0;25.915.361
Other CIS (EI);;1990;0;0;0;28.698
Other CIS (EI);;1991;0;0;0;28.353
Other CIS (EI);;1992;0;0;0;28.491
Other CIS (EI);;1993;0;0;0;30.853
Other CIS (EI);;1994;0;0;0;32.216
Other CIS (EI);;1995;0;0;0;27.961
Other CIS (EI);;1996;0;0;0;29.093
Other CIS (EI);;1997;0;0;0;26.406
Other CIS (EI);;1998;0;0;0;25.957
Other CIS (EI);;1999;0;0;0;29.318
Other CIS (EI);;2000;0;0;0;29.38
Other CIS (EI);;2001;0;0;0;27.975
Other CIS (EI);;2002;0;0;0;28.022
Other CIS (EI);;2003;0;0;0;31.763
Other CIS (EI);;2004;0;0;0;327.693
Other CIS (EI);;2005;0;0;0;331.304
Other CIS (EI);;2006;0;0;0.0026;325.522
Other CIS (EI);;2007;0;0;0.0029;333.336
Other CIS (EI);;2008;0;0;0.0019;28.767
Other CIS (EI);;2009;0;0.000007375;0.0043;284.007
Other CIS (EI);;2010;0;0.000080625;0.0041;306.456
Other CIS (EI);;2011;0;0.000166;0.003;333.671
Other CIS (EI);;2012;0;0.001123821;0.0042;336.939
Other CIS (EI);;2013;0.0035;0.00420775;0.0033;326.551
Other CIS (EI);;2014;0.013;0.00812075;0.005;318.782
Other CIS (EI);;2015;0.015;0.01044875;0.0057;30.391
Other CIS (EI);;2016;0.014;0.010767706;0.005;306.715
Other CIS (EI);;2017;0.023;0.01014375;0.0091;338.908
Other CIS (EI);;2018;0.03;0.01584375;0.0249;353.069
Other CIS (EI);;2019;0.031;0.07144375;0.0463;357.003
Other CIS (EI);;2020;0.029;0.06826497;0.0529;3.413.352
Other CIS (EI);;2021;0.033;0.18124375;0.0785;3.437.484
Other CIS (EI);;2022;0.029;0.58454376;0.1418;340.575
Other CIS (EI);;2023;0.012;0.8662438;0.1963;346.252
Other CIS (EI);;2024;0.016022263;11.189.922;0.22198276;3.607.247
Other Caribbean (EI);;1965;0;0;0;0.365
Other Caribbean (EI);;1966;0;0;0;0.413
Other Caribbean (EI);;1967;0;0;0;0.322
Other Caribbean (EI);;1968;0;0;0;0.331
Other Caribbean (EI);;1969;0;0;0;0.352
Other Caribbean (EI);;1970;0;0;0;0.419
Other Caribbean (EI);;1971;0.97;0;0;0.922
Other Caribbean (EI);;1972;0.831;0;0;0.929
Other Caribbean (EI);;1973;0.978;0;0;0.855
Other Caribbean (EI);;1974;0.984;0;0;0.829
Other Caribbean (EI);;1975;1.012;0;0;0.771
Other Caribbean (EI);;1976;1.103;0;0;1.166
Other Caribbean (EI);;1977;1.193;0;0;0.815
Other Caribbean (EI);;1978;1.339;0;0;1.143
Other Caribbean (EI);;1979;1.289;0;0;1.381
Other Caribbean (EI);;1980;1.292;0;0;1.054
Other Caribbean (EI);;1981;1.308;0;0;1.839
Other Caribbean (EI);;1982;1.406;0;0;1.217
Other Caribbean (EI);;1983;1.515;0;0;1.376
Other Caribbean (EI);;1984;1.289;0;0;1.634
Other Caribbean (EI);;1985;1.209;0;0;1.622
Other Caribbean (EI);;1986;1.266;0;0;2.055
Other Caribbean (EI);;1987;1.304;0;0;2.233
Other Caribbean (EI);;1988;1.422;0;0;2.465
Other Caribbean (EI);;1989;1.389;0;0;1.305
Other Caribbean (EI);;1990;16.038.421;0;0;1.256
Other Caribbean (EI);;1991;13.678.421;0;0;1.292
Other Caribbean (EI);;1992;1.47;0;0;1.315
Other Caribbean (EI);;1993;1.064;0;0.001717172;1.705
Other Caribbean (EI);;1994;1.131;0;0.007777778;0.937
Other Caribbean (EI);;1995;0.955;0;0.007777778;11.052
Other Caribbean (EI);;1996;12.281.711;0;0.007365622;14.684.508
Other Caribbean (EI);;1997;1.185;0;0.008021528;11.900.616
Other Caribbean (EI);;1998;10.464.756;0;0.009122949;17.719.733
Other Caribbean (EI);;1999;122.362;0.00010101;0.011434834;24.399.645
Other Caribbean (EI);;2000;13.420.064;0.000124;0.039549712;15.506.945
Other Caribbean (EI);;2001;12.764.288;0.000324;0.04807782;1.373.568
Other Caribbean (EI);;2002;11.905.122;0.00034;0.06091937;17.277.421
Other Caribbean (EI);;2003;0.97262454;0.00034;0.06469161;21.983.702
Other Caribbean (EI);;2004;10.603.671;0.000455;0.09531646;22.901.952
Other Caribbean (EI);;2005;0.7668106;0.005411573;0.10667551;2.603.758
Other Caribbean (EI);;2006;0.7657053;0.004754572;0.12279241;25.169.795
Other Caribbean (EI);;2007;0.80482256;0.007152414;0.12857248;23.470.798
Other Caribbean (EI);;2008;0.8896389;0.010850424;0.13898563;20.848.238
Other Caribbean (EI);;2009;0.9037703;0.020089151;0.19328222;21.996.634
Other Caribbean (EI);;2010;0.77289927;0.04614186;0.2815777;2.067.394
Other Caribbean (EI);;2011;0.81915563;0.08714886;0.3515362;21.441.362
Other Caribbean (EI);;2012;0.96857333;0.20310833;0.5332905;23.809.564
Other Caribbean (EI);;2013;11.134.894;0.24651077;0.92568874;2.452.679
Other Caribbean (EI);;2014;0.93846214;0.32088813;0.9972349;17.748.957
Other Caribbean (EI);;2015;10.151.615;0.42756435;10.915.143;13.626.975
Other Caribbean (EI);;2016;0.9999655;0.5305653;10.856.571;1.914.183
Other Caribbean (EI);;2017;10.611.134;0.6875571;1.248.276;27.016.346
Other Caribbean (EI);;2018;0.9986742;0.8093789;14.289.095;24.347.343
Other Caribbean (EI);;2019;12.554.945;12.455.702;18.211.199;16.197.287
Other Caribbean (EI);;2020;12.227.132;15.517.303;2.145.881;17.674.725
Other Caribbean (EI);;2021;13.528.996;18.717.369;22.753.592;19.786.602
Other Caribbean (EI);;2022;12.029.546;23.541.067;22.318.053;19.819.905
Other Caribbean (EI);;2023;11.755.373;29.988.754;20.704.758;16.274.898
Other Caribbean (EI);;2024;0.9815321;36.906.648;2.000.862;19.461.324
Other Europe (EI);;1965;0;0;0;9.408.337
Other Europe (EI);;1966;0;0;0;10.355.473
Other Europe (EI);;1967;0;0;0;11.187.608
Other Europe (EI);;1968;0;0;0;12.351.743
Other Europe (EI);;1969;0;0;0;15.340.878
Other Europe (EI);;1970;0;0;0;15.393.013
Other Europe (EI);;1971;0;0;0;16.523.876
Other Europe (EI);;1972;0;0;0;1.906.574
Other Europe (EI);;1973;0;0;0;17.704.603
Other Europe (EI);;1974;0;0;0;22.141.466
Other Europe (EI);;1975;0;0;0;2.109.233
Other Europe (EI);;1976;0;0;0;22.629.194
Other Europe (EI);;1977;0;0;0;26.728.058
Other Europe (EI);;1978;0;0;0;27.771.921
Other Europe (EI);;1979;0;0;0;29.432.783
Other Europe (EI);;1980;0;0;0;31.642.647
Other Europe (EI);;1981;0;0;0;28.533.703
Other Europe (EI);;1982;0;0;0;26.841.759
Other Europe (EI);;1983;0;0;0;25.226.814
Other Europe (EI);;1984;0;0;0;2.883.087
Other Europe (EI);;1985;0;0;0;330.127
Other Europe (EI);;1986;0;0;0;37.545.654
Other Europe (EI);;1987;0;0;0;3.867.529
Other Europe (EI);;1988;0;0;0;38.687.675
Other Europe (EI);;1989;0;0;0;356.424
Other Europe (EI);;1990;0;0;0;23.288.404
Other Europe (EI);;1991;0.000058;0;0;2.850.849
Other Europe (EI);;1992;0.000871;0;0;24.702.429
Other Europe (EI);;1993;0.000871;0.000008;0.000427273;2.261.487
Other Europe (EI);;1994;0.00107;0.000018;0.000611111;2.548.948
Other Europe (EI);;1995;0.000873;0.000032;0.000575758;25.602.684
Other Europe (EI);;1996;0.0153675;0.00004;0.000585859;31.927.416
Other Europe (EI);;1997;0.014093;0.000063;0.000555556;2.895.631
Other Europe (EI);;1998;0.0155875;0.000071;0.000551515;29.221.405
Other Europe (EI);;1999;0.013143;0.000074;0.000567677;3.141.551
Other Europe (EI);;2000;0.012735;0.000066;0.000528283;2.805.528
Other Europe (EI);;2001;0.0125125;0.000205;0.000509091;27.221.907
Other Europe (EI);;2002;0.011736;0.000345;0.000558586;27.186.295
Other Europe (EI);;2003;0.0123715;0.000493;0.003023232;27.047.688
Other Europe (EI);;2004;0.027475;0.000624;0.007584848;31.327.007
Other Europe (EI);;2005;0.028621;0.000734;0.011446465;32.030.495
Other Europe (EI);;2006;0.0314045;0.000773;0.016139394;29.921.282
Other Europe (EI);;2007;0.043445;0.000973;0.016928283;2.496.589
Other Europe (EI);;2008;0.0360875;0.001195;0.014110101;27.524.092
Other Europe (EI);;2009;0.03893;0.002135;0.016166667;31.926.743
Other Europe (EI);;2010;0.0379615;0.00562825;0.015731312;40.552.013
Other Europe (EI);;2011;0.043707;0.015121;0.015682828;26.913.034
Other Europe (EI);;2012;0.055780288;0.032283247;0.011981061;27.593.107
Other Europe (EI);;2013;0.069660455;0.053289;0.023960758;3.603.082
Other Europe (EI);;2014;0.06734404;0.10443414;0.037084464;32.570.656
Other Europe (EI);;2015;0.06974329;0.14270015;0.058574628;32.306.408
Other Europe (EI);;2016;0.08242202;0.18921989;0.08961715;35.684.795
Other Europe (EI);;2017;0.13402773;0.22487703;0.29293677;28.566.236
Other Europe (EI);;2018;0.16940463;0.25713065;0.5729644;38.716.885
Other Europe (EI);;2019;0.2065517;0.30211803;1.673.651;3.223.849
Other Europe (EI);;2020;0.26458284;0.37292755;1.786.053;29.645.319
Other Europe (EI);;2021;0.3520348;0.52603155;2.050.421;40.165.874
Other Europe (EI);;2022;0.34515363;0.6294922;2.205.749;3.357.756
Other Europe (EI);;2023;0.34466156;0.83478796;23.417.227;4.200.034
Other Europe (EI);;2024;0.42240953;15.932.292;2.611.847;36.630.154
Other Middle East (EI);;1965;0;0;0;0.556
Other Middle East (EI);;1966;0;0;0;0.606
Other Middle East (EI);;1967;0;0;0;0.734
Other Middle East (EI);;1968;0;0;0;0.814
Other Middle East (EI);;1969;0;0;0;0.952
Other Middle East (EI);;1970;0;0;0;0.928
Other Middle East (EI);;1971;0;0;0;0.89
Other Middle East (EI);;1972;0;0;0;0.869
Other Middle East (EI);;1973;0;0;0;0.495
Other Middle East (EI);;1974;0;0;0;1.15
Other Middle East (EI);;1975;0;0;0;1.55
Other Middle East (EI);;1976;0;0;0;2.03
Other Middle East (EI);;1977;0;0;0;2.568
Other Middle East (EI);;1978;0;0;0;2.895
Other Middle East (EI);;1979;0;0;0;3.201
Other Middle East (EI);;1980;0;0;0;3.411
Other Middle East (EI);;1981;0;0;0;3.508
Other Middle East (EI);;1982;0;0;0;3.609
Other Middle East (EI);;1983;0;0;0;3.362
Other Middle East (EI);;1984;0;0;0;3.91
Other Middle East (EI);;1985;0;0;0;3.927
Other Middle East (EI);;1986;0;0;0;3.423
Other Middle East (EI);;1987;0;0;0;3.489
Other Middle East (EI);;1988;0;0;0;3.443
Other Middle East (EI);;1989;0;0;0;3.289
Other Middle East (EI);;1990;0;0;0.001;3.239
Other Middle East (EI);;1991;0;0;0.001;3.251
Other Middle East (EI);;1992;0;0;0.001;3.375
Other Middle East (EI);;1993;0;0;0.001;3.326
Other Middle East (EI);;1994;0;0;0.001;3.383
Other Middle East (EI);;1995;0;0;0.001;3.185
Other Middle East (EI);;1996;0;0;0.001;3.371
Other Middle East (EI);;1997;0;0;0.003;3.353
Other Middle East (EI);;1998;0;0;0.003;3.5
Other Middle East (EI);;1999;0;0;0.003;3.066
Other Middle East (EI);;2000;0.003;0;0.003;37.136
Other Middle East (EI);;2001;0.005;0;0.003;378.479
Other Middle East (EI);;2002;0.005;0;0.003;4.230.841
Other Middle East (EI);;2003;0.006;0;0.003;4.109.683
Other Middle East (EI);;2004;0.006;0;0.0041;5.371.439
Other Middle East (EI);;2005;0.005;0;0.0041;4.548.284
Other Middle East (EI);;2006;0.006;0;0.0041;4.739.463
Other Middle East (EI);;2007;0.01;0;0.0041;4.166.502
Other Middle East (EI);;2008;0.009;0.0027;0.0053;3.304.397
Other Middle East (EI);;2009;0.007;0.003;0.0053;2.539.112
Other Middle East (EI);;2010;0.009;0.0045385;0.0053;3.492.252
Other Middle East (EI);;2011;0.008;0.006783;0.0053;4.143.245
Other Middle East (EI);;2012;0.006;0.010233603;0.0063;4.475.462
Other Middle East (EI);;2013;0.006;0.01724;0.0093;4.249.337
Other Middle East (EI);;2014;0.0035;0.0439525;0.0107;2.591.578
Other Middle East (EI);;2015;0.0041;0.19415;0.1314;0.944749
Other Middle East (EI);;2016;0.0041;0.7275;0.3993;1.352.145
Other Middle East (EI);;2017;0.004;1.185.674;0.457351;1.206.674
Other Middle East (EI);;2018;0.0117;2.083.423;0.709251;1.124.349
Other Middle East (EI);;2019;0.0404;3.053.055;0.877151;1.737.416
Other Middle East (EI);;2020;0.0243;3.834.293;13.810.571;16.169.077
Other Middle East (EI);;2021;0.023542622;4.841.153;1.597.751;1.384.649
Other Middle East (EI);;2022;0.021042623;611.393;1.750.451;1.467.976
Other Middle East (EI);;2023;0.021542624;7.269.232;1.649.351;1.312.216
Other Middle East (EI);;2024;0.021601643;79.258.704;16.538.697;1.508.567
Other Northern Africa (EI);;1965;0;0;0;0.042
Other Northern Africa (EI);;1966;0;0;0;0.027
Other Northern Africa (EI);;1967;0;0;0;0.037
Other Northern Africa (EI);;1968;0;0;0;0.033
Other Northern Africa (EI);;1969;0;0;0;0.039
Other Northern Africa (EI);;1970;0;0;0;0.041
Other Northern Africa (EI);;1971;0;0;0;0.05
Other Northern Africa (EI);;1972;0;0;0;0.053
Other Northern Africa (EI);;1973;0;0;0;0.071
Other Northern Africa (EI);;1974;0;0;0;0.022
Other Northern Africa (EI);;1975;0;0;0;0.031
Other Northern Africa (EI);;1976;0;0;0;0.053
Other Northern Africa (EI);;1977;0;0;0;0.03
Other Northern Africa (EI);;1978;0;0;0;0.028
Other Northern Africa (EI);;1979;0;0;0;0.04
Other Northern Africa (EI);;1980;0;0;0;0.023
Other Northern Africa (EI);;1981;0;0;0;0.029
Other Northern Africa (EI);;1982;0;0;0;0.039
Other Northern Africa (EI);;1983;0;0;0;0.03
Other Northern Africa (EI);;1984;0;0;0;0.067
Other Northern Africa (EI);;1985;0;0;0;0.109
Other Northern Africa (EI);;1986;0;0;0;0.052
Other Northern Africa (EI);;1987;0;0;0;0.113
Other Northern Africa (EI);;1988;0;0;0;0.047
Other Northern Africa (EI);;1989;0;0;0;0.034
Other Northern Africa (EI);;1990;0;0;0;0.044
Other Northern Africa (EI);;1991;0;0;0;0.1048
Other Northern Africa (EI);;1992;0;0;0;0.0651
Other Northern Africa (EI);;1993;0;0;0;0.064
Other Northern Africa (EI);;1994;0;0;0;0.04
Other Northern Africa (EI);;1995;0;0;0;0.039
Other Northern Africa (EI);;1996;0;0;0;0.067
Other Northern Africa (EI);;1997;0;0;0;0.044
Other Northern Africa (EI);;1998;0;0;0;0.073
Other Northern Africa (EI);;1999;0;0;0;0.09
Other Northern Africa (EI);;2000;0;0;0.023;0.064
Other Northern Africa (EI);;2001;0;0;0.024;0.054
Other Northern Africa (EI);;2002;0;0;0.03;0.064
Other Northern Africa (EI);;2003;0;0.000318;0.033;0.166
Other Northern Africa (EI);;2004;0;0.001113;0.044;0.153
Other Northern Africa (EI);;2005;0;0.001908;0.042;0.145
Other Northern Africa (EI);;2006;0;0.002703;0.038;0.092
Other Northern Africa (EI);;2007;0;0.003498;0.043;0.049
Other Northern Africa (EI);;2008;0;0.004293;0.039;0.038
Other Northern Africa (EI);;2009;0;0.005088;0.097;0.079
Other Northern Africa (EI);;2010;0;0.006883;0.139;0.05
Other Northern Africa (EI);;2011;0;0.008678;0.109;0.054
Other Northern Africa (EI);;2012;0;0.012791;0.196;0.11
Other Northern Africa (EI);;2013;0;0.021791;0.358;0.06
Other Northern Africa (EI);;2014;0;0.041791;0.507;0.056
Other Northern Africa (EI);;2015;0;0.072791;0.448;0.069
Other Northern Africa (EI);;2016;0;0.116791;0.474;0.045
Other Northern Africa (EI);;2017;0;0.140954;0.4488;0.0174
Other Northern Africa (EI);;2018;0;0.181489;0.4531;0.0165
Other Northern Africa (EI);;2019;0;0.253174;0.4995;0.0658
Other Northern Africa (EI);;2020;0;0.34275788;0.4654;0.046
Other Northern Africa (EI);;2021;0;0.222946;0.4284;0.0283
Other Northern Africa (EI);;2022;0;0.331091;0.3218;0.0149
Other Northern Africa (EI);;2023;0;0.50305146;0.338;0.0092
Other Northern Africa (EI);;2024;0;0.6553798;0.337;0.016
Other South America (EI);;1965;0;0;0;11.004.889
Other South America (EI);;1966;0;0;0;23.360.732
Other South America (EI);;1967;0;0;0;24.306.617
Other South America (EI);;1968;0;0;0;2.571.001
Other South America (EI);;1969;0;0;0;26.831.956
Other South America (EI);;1970;0;0;0;31.176.212
Other South America (EI);;1971;0.056;0;0;37.271.745
Other South America (EI);;1972;0.059;0;0;336.012
Other South America (EI);;1973;0.061;0;0;38.631.744
Other South America (EI);;1974;0.066;0;0;38.458.588
Other South America (EI);;1975;0.063;0;0;37.635.896
Other South America (EI);;1976;0.072;0;0;3.607.781
Other South America (EI);;1977;0.074;0;0;3.968.215
Other South America (EI);;1978;0.056;0;0;4.030.563
Other South America (EI);;1979;0.079;0;0;39.535.458
Other South America (EI);;1980;0.084;0;0;59.974.675
Other South America (EI);;1981;0.089;0;0;5.107.086
Other South America (EI);;1982;0.091;0;0;5.412.833
Other South America (EI);;1983;0.075;0;0;6.774.019
Other South America (EI);;1984;0.08;0;0;72.401.114
Other South America (EI);;1985;0.095;0;0;10.059.151
Other South America (EI);;1986;0.097;0;0;18.785.677
Other South America (EI);;1987;0.11;0;0;24.739.092
Other South America (EI);;1988;0.107;0;0;25.563.162
Other South America (EI);;1989;0.095;0;0;29.590.061
Other South America (EI);;1990;0.111;0;0;34.607.357
Other South America (EI);;1991;0.111894734;0;0;3.685.419
Other South America (EI);;1992;0.123842105;0;0;3.661.291
Other South America (EI);;1993;0.13357894;0;0;4.055.322
Other South America (EI);;1994;0.119842105;0;0;45.572.357
Other South America (EI);;1995;0.12163158;0;0;5.081.227
Other South America (EI);;1996;0.11957895;0;0;53.611.042
Other South America (EI);;1997;0.11578947;0;0;60.520.046
Other South America (EI);;1998;0.12878947;0;0;63.139.797
Other South America (EI);;1999;0.13478947;0;0;60.724.686
Other South America (EI);;2000;0.127441;1,57E+00;0.000939499;63.848.354
Other South America (EI);;2001;0.1308;1,57E+00;0.000939499;5.824.861
Other South America (EI);;2002;0.140498;1,57E+00;0.000939499;61.579.098
Other South America (EI);;2003;0.137381;2,45E-01;0.000939499;63.831.413
Other South America (EI);;2004;0.132538;2,45E-01;0.000939499;60.382.355
Other South America (EI);;2005;0.122747;2,59E+00;0.000939499;61.039.207
Other South America (EI);;2006;0.141519;3,65E+00;0.000939499;6.103.031
Other South America (EI);;2007;0.251569;3,73E+00;0.001239499;6.572.307
Other South America (EI);;2008;1.007.273;9,86E+00;0.009462248;6.413.204
Other South America (EI);;2009;11.225.302;0.000128998;0.04606925;6.400.524
Other South America (EI);;2010;13.050.936;0.008851723;0.07398525;6.631.625
Other South America (EI);;2011;13.473.227;0.035509303;0.116278246;6.795.495
Other South America (EI);;2012;15.134.224;0.054066487;0.117966026;6.937.894
Other South America (EI);;2013;1.724.877;0.046555784;0.14931136;7.252.947
Other South America (EI);;2014;22.494.674;0.059173156;0.7460439;6.823.393
Other South America (EI);;2015;27.862.158;0.12073398;20.820.904;6.743.379
Other South America (EI);;2016;2.844.694;0.22241533;3.035.632;7.455.499
Other South America (EI);;2017;29.178.693;0.3425019;38.406.217;7.093.046
Other South America (EI);;2018;28.363.616;0.6126202;47.967.196;69.920.784
Other South America (EI);;2019;28.911.037;0.6853171;48.280.735;62.169.807
Other South America (EI);;2020;32.290.938;0.7918533;5.544.313;54.751.286
Other South America (EI);;2021;3.488.294;0.91835445;51.157.227;50.765.263
Other South America (EI);;2022;32.668.731;0.93405807;522.675;54.194.225
Other South America (EI);;2023;38.194.606;0.95822173;52.488.794;60.349.987
Other South America (EI);;2024;50.664.306;0.9803792;5.248.838;53.817.448
Other Southern Africa (EI);;1965;0;0;0;0.021
Other Southern Africa (EI);;1966;0;0;0;0.021
Other Southern Africa (EI);;1967;0;0;0;0.028
Other Southern Africa (EI);;1968;0;0;0;0.035
Other Southern Africa (EI);;1969;0;0;0;0.058
Other Southern Africa (EI);;1970;0;0;0;0.097
Other Southern Africa (EI);;1971;0;0;0;0.097
Other Southern Africa (EI);;1972;0;0;0;0.115
Other Southern Africa (EI);;1973;0;0;0;0.122
Other Southern Africa (EI);;1974;0;0;0;0.128
Other Southern Africa (EI);;1975;0;0;0;0.113
Other Southern Africa (EI);;1976;0;0;0;0.145
Other Southern Africa (EI);;1977;0;0;0;0.124
Other Southern Africa (EI);;1978;0;0;0;1.331
Other Southern Africa (EI);;1979;0;0;0;1.314
Other Southern Africa (EI);;1980;0;0;0;1.327
Other Southern Africa (EI);;1981;0;0;0;1.33
Other Southern Africa (EI);;1982;0;0;0;1.295
Other Southern Africa (EI);;1983;0;0;0;1.266
Other Southern Africa (EI);;1984;0;0;0;1.33
Other Southern Africa (EI);;1985;0;0;0;1.387
Other Southern Africa (EI);;1986;0;0;0;1.353
Other Southern Africa (EI);;1987;0;0;0;1.385
Other Southern Africa (EI);;1988;0;0;0;1.393
Other Southern Africa (EI);;1989;0;0;0;1.4
Other Southern Africa (EI);;1990;0;0;0;1.342
Other Southern Africa (EI);;1991;0;0;0;1.526
Other Southern Africa (EI);;1992;0.03225;0;0;1.353
Other Southern Africa (EI);;1993;0.1247;0;0;1.171
Other Southern Africa (EI);;1994;0.129;0;0;0.876
Other Southern Africa (EI);;1995;0.1677;0;0;1.344
Other Southern Africa (EI);;1996;0.172;0;0;1.064
Other Southern Africa (EI);;1997;0.19554733;0;0;0.81
Other Southern Africa (EI);;1998;0.19704732;0;0;1.192
Other Southern Africa (EI);;1999;0.22193862;0;0;17.442
Other Southern Africa (EI);;2000;0.1298;0;0;19.599
Other Southern Africa (EI);;2001;0.1446;0;0;18.131
Other Southern Africa (EI);;2002;0.1554;0;0;20.046
Other Southern Africa (EI);;2003;0.1472;0;0;19.708
Other Southern Africa (EI);;2004;0.156;0.0001;0;18.744
Other Southern Africa (EI);;2005;0.1592;0.0002;0;22.727
Other Southern Africa (EI);;2006;0.1506;0.0002;0;214.988
Other Southern Africa (EI);;2007;0.1548;0.0003;0;222.238
Other Southern Africa (EI);;2008;0.1425;0.0058;0;20.584
Other Southern Africa (EI);;2009;0.1249;0.0072;0;21.598
Other Southern Africa (EI);;2010;0.1777;0.0086;0;20.357
Other Southern Africa (EI);;2011;0.2589;0.0147;0;22.269
Other Southern Africa (EI);;2012;0.2847;0.0209;0;23.647
Other Southern Africa (EI);;2013;0.2759;0.027302;0;20.271
Other Southern Africa (EI);;2014;0.22720517;0.034553;0;23.022
Other Southern Africa (EI);;2015;0.22253391;0.040888;0;22.662
Other Southern Africa (EI);;2016;0.183283;0.05877161;0;1.99
Other Southern Africa (EI);;2017;0.273;0.073822804;0;22.111
Other Southern Africa (EI);;2018;0.283;0.130849;0;186.846
Other Southern Africa (EI);;2019;0.31;0.274822;0;161.254
Other Southern Africa (EI);;2020;0.3075;0.353872;0;21.586
Other Southern Africa (EI);;2021;0.3509;0.374921;0;17.558
Other Southern Africa (EI);;2022;0.3215;0.406521;0;15.437
Other Southern Africa (EI);;2023;0.3359;0.5044932;0;20.710.444
Other Southern Africa (EI);;2024;0.3153;0.50558805;0;26.570.203
Pakistan;PAK;1965;0;0;0;2.196.442
Pakistan;PAK;1966;0;0;0;2.196.442
Pakistan;PAK;1967;0;0;0;26.030.266
Pakistan;PAK;1968;0;0;0;3.128.935
Pakistan;PAK;1969;0;0;0;33.012.917
Pakistan;PAK;1970;0;0;0;29.212.234
Pakistan;PAK;1971;0;0;0;38.139.422
Pakistan;PAK;1972;0;0;0;4.012.815
Pakistan;PAK;1973;0;0;0;4.233.785
Pakistan;PAK;1974;0;0;0;42.558.823
Pakistan;PAK;1975;0;0;0;4.896.695
Pakistan;PAK;1976;0;0;0;53.165.383
Pakistan;PAK;1977;0;0;0;63.153.224
Pakistan;PAK;1978;0;0;0;78.400.154
Pakistan;PAK;1979;0;0;0;8.476.409
Pakistan;PAK;1980;0;0;0;8.887.413
Pakistan;PAK;1981;0;0;0;928.074
Pakistan;PAK;1982;0;0;0;10.443.042
Pakistan;PAK;1983;0;0;0;12.095.898
Pakistan;PAK;1984;0;0;0;12.537.838
Pakistan;PAK;1985;0;0;0;13.023.972
Pakistan;PAK;1986;0;0;0;12.453.869
Pakistan;PAK;1987;0;0;0;16.373.877
Pakistan;PAK;1988;0;0;0;1.716.495
Pakistan;PAK;1989;0;0;0;17.443.373
Pakistan;PAK;1990;0;0;0;170.854
Pakistan;PAK;1991;0;0;0;18.283.058
Pakistan;PAK;1992;0;0;0;19.944.752
Pakistan;PAK;1993;0;0;0;21.933.483
Pakistan;PAK;1994;0;0;0;21.526.897
Pakistan;PAK;1995;0;0;0;22.746.653
Pakistan;PAK;1996;0;0;0;24.797.253
Pakistan;PAK;1997;0;0;0;18.446.575
Pakistan;PAK;1998;0;0;0;24.107.826
Pakistan;PAK;1999;0;0;0;215.048
Pakistan;PAK;2000;0.9267;0;0;17.558.277
Pakistan;PAK;2001;0.8721;0;0;18.291.897
Pakistan;PAK;2002;0.9608;0;0;20.417.627
Pakistan;PAK;2003;10.411;0;0;245.975
Pakistan;PAK;2004;10.764;0;0;26.216
Pakistan;PAK;2005;0;0;0;30.699.635
Pakistan;PAK;2006;0;0;0;30.250.881
Pakistan;PAK;2007;0;0.000202;0;31.678.736
Pakistan;PAK;2008;0;0.001642;0;27.339.064
Pakistan;PAK;2009;0;0.009605;0;28.745.743
Pakistan;PAK;2010;0;0.013356;0;29.809.982
Pakistan;PAK;2011;0;0.02683;0;3.059.442
Pakistan;PAK;2012;0;0.065927;0.019;1.074.654
Pakistan;PAK;2013;0;0.144948;0.15137164;31.485.884
Pakistan;PAK;2014;0;0.238122;0.31336787;32.376.305
Pakistan;PAK;2015;0.07967607;0.381837;0.598594;32.779.472
Pakistan;PAK;2016;0.5322557;0.44788164;0.9181191;3.457.764
Pakistan;PAK;2017;10.753.148;0.6587932;17.629.018;30.204.067
Pakistan;PAK;2018;10.303.783;0.7228;283.179;29.479.803
Pakistan;PAK;2019;0.61805326;0.7002348;31.482.446;36.136.223
Pakistan;PAK;2020;0.6342793;0.7099004;27.321.582;3.998.724
Pakistan;PAK;2021;0.70385695;0.7175415;3.432.321;3.763.238
Pakistan;PAK;2022;0.96488345;0.8455621;4.641.719;35.101.276
Pakistan;PAK;2023;0.72996587;1.290.224;43.807.354;38.453.606
Pakistan;PAK;2024;0.79715407;16.557.723;3.476.345;39.008.297
Peru;PER;1965;0;0;0;2.625
Peru;PER;1966;0;0;0;2.827
Peru;PER;1967;0;0;0;3.168
Peru;PER;1968;0;0;0;3.4
Peru;PER;1969;0;0;0;3.701
Peru;PER;1970;0;0;0;3.536
Peru;PER;1971;0.227;0;0;4.286
Peru;PER;1972;0.227;0;0;4.435
Peru;PER;1973;0.23;0;0;4.769
Peru;PER;1974;0.266;0;0;5.216
Peru;PER;1975;0.266;0;0;5.467
Peru;PER;1976;0.245;0;0;5.793
Peru;PER;1977;0.242;0;0;6.025
Peru;PER;1978;0.215;0;0;6.192
Peru;PER;1979;0.163;0;0;6.703
Peru;PER;1980;0.085;0;0;7.01
Peru;PER;1981;0.076;0;0;7.996
Peru;PER;1982;0.151;0;0;8.396
Peru;PER;1983;0.145;0;0;8.107
Peru;PER;1984;0.142;0;0;8.703
Peru;PER;1985;0.169;0;0;9.382
Peru;PER;1986;0.154;0;0;10.06
Peru;PER;1987;0.136;0;0;10.878
Peru;PER;1988;0.136;0;0;10.423
Peru;PER;1989;0.145;0;0;10.507
Peru;PER;1990;0.136;0;0;10.469
Peru;PER;1991;0.133;0;0;11.492
Peru;PER;1992;0.133;0;0;9.689
Peru;PER;1993;0.109;0;0;11.799
Peru;PER;1994;0.119;0;0;12.747
Peru;PER;1995;0.142;0;0;129.376
Peru;PER;1996;0.137;0;0.0004;133.236
Peru;PER;1997;0.154;0;0.0006;132.145
Peru;PER;1998;0.126;0;0.0005;138.083
Peru;PER;1999;0.139;0;0.0006;145.406
Peru;PER;2000;0.158;0;0.0008;161.761
Peru;PER;2001;0.163;0;0.0012;176.148
Peru;PER;2002;0.186;0;0.0012;180.401
Peru;PER;2003;0.196;0;0.0012;185.337
Peru;PER;2004;0.153;0;0.0012;175.253
Peru;PER;2005;0.348;0;0.0012;17.977
Peru;PER;2006;0.348;0;0.0012;195.943
Peru;PER;2007;0.417;0;0.0012;195.488
Peru;PER;2008;0.46;0;0.0012;190.596
Peru;PER;2009;0.46;0;0.0012;199.038
Peru;PER;2010;0.673;0;0.0012;200.521
Peru;PER;2011;0.675;0;0.0012;215.573
Peru;PER;2012;0.668;0.0597;0.0012;220.319
Peru;PER;2013;0.96;0.1969;0.0012;223.196
Peru;PER;2014;1.291;0.1993;0.2575;222.107
Peru;PER;2015;0.907;0.23025534;0.5943741;23.687.063
Peru;PER;2016;0.31442258;0.241;1.064;24.136
Peru;PER;2017;0.43491;0.329723;1.073.432;29.074.512
Peru;PER;2018;0.491651;0.7967;15.024;307.374
Peru;PER;2019;0.45461112;0.8329;1.655;314.621
Peru;PER;2020;0.428702;0.8556;1.814.102;305.103
Peru;PER;2021;0.48694444;0.8878;1.822.575;319.257
Peru;PER;2022;0.5238925;0.91519076;19.318.693;29.743.805
Peru;PER;2023;0.5370693;10.662.107;23.553.166;29.087.812
Peru;PER;2024;0.527589;14.072.415;39.147.332;3.202.768
Philippines;PHL;1965;0;0;0;1.55
Philippines;PHL;1966;0;0;0;1.52
Philippines;PHL;1967;0;0;0;1.68
Philippines;PHL;1968;0;0;0;1.72
Philippines;PHL;1969;0;0;0;1.815
Philippines;PHL;1970;0;0;0;2.097
Philippines;PHL;1971;0;0;0;1.933
Philippines;PHL;1972;0;0;0;2.207
Philippines;PHL;1973;0;0;0;2.374
Philippines;PHL;1974;0;0;0;2.051
Philippines;PHL;1975;0;0;0;2.272
Philippines;PHL;1976;0;0;0;2.795
Philippines;PHL;1977;0.001;0;0;2.114
Philippines;PHL;1978;0.003;0;0;2.811
Philippines;PHL;1979;0.63694;0;0;2.881
Philippines;PHL;1980;204.485;0;0;3.522
Philippines;PHL;1981;391.219;0;0;3.725
Philippines;PHL;1982;390.786;0;0;3.773
Philippines;PHL;1983;493.498;0;0;3.968
Philippines;PHL;1984;535.846;0;0;5.278
Philippines;PHL;1985;594.218;0;0;5.553
Philippines;PHL;1986;55.733;0;0;6.017
Philippines;PHL;1987;489.597;0;0;5.247
Philippines;PHL;1988;522.291;0;0;6.264
Philippines;PHL;1989;570.166;0;0;6.485
Philippines;PHL;1990;589.576;0;0;6.062
Philippines;PHL;1991;5.758;0;0;5.145
Philippines;PHL;1992;5.7;0;0;4.44
Philippines;PHL;1993;5.667;0;0;5.03
Philippines;PHL;1994;6.32;0;0;5.862
Philippines;PHL;1995;6.135;0;0;6.232
Philippines;PHL;1996;6.534;0;0;7.03
Philippines;PHL;1997;7.237;0;0;6.069
Philippines;PHL;1998;8.914;0;0;5.066
Philippines;PHL;1999;10.594;0;0;7.84
Philippines;PHL;2000;11.626;0;0;7.799
Philippines;PHL;2001;10.442;0;0;7.104
Philippines;PHL;2002;10.242.493;0;0;7.032.973
Philippines;PHL;2003;9.822.444;0;0;786.982
Philippines;PHL;2004;1.028.155;0;0;8.592.681
Philippines;PHL;2005;9.902.443;0.001517;0.017469;8.386.773
Philippines;PHL;2006;10.465.279;0.001376;0.053235;9.939.413
Philippines;PHL;2007;10.214.688;0.001309;0.057842;8.563.433
Philippines;PHL;2008;1.072.278;0.001304;0.061386;9.842.534
Philippines;PHL;2009;10.337.557;0.001252;0.064428;9.787.567
Philippines;PHL;2010;9.956.422;0.001254;0.061717;7.803.405
Philippines;PHL;2011;10.057.604;0.001212;0.088204;9.697.532
Philippines;PHL;2012;10.432.809;0.00132;0.075339;10.252.134
Philippines;PHL;2013;9.816.571;0.001414;0.065655;10.019.308
Philippines;PHL;2014;10.503.812;0.016517;0.152052;9.137.273
Philippines;PHL;2015;1.141.115;0.138534;0.748414;8.665.078
Philippines;PHL;2016;11.796.309;1.097.015;0.975219;8.110.915
Philippines;PHL;2017;11.283.225;1.201.153;1.093.558;9.610.799
Philippines;PHL;2018;11.540.128;1.249.168;1.152.923;940.184
Philippines;PHL;2019;11.731.147;12.461.007;104.166;8.043.641
Philippines;PHL;2020;12.017.831;13.726.242;102.645;7.238.952
Philippines;PHL;2021;11.461.873;14.755.294;12.924.966;9.234.082
Philippines;PHL;2022;11.746.648;18.283.652;1.052.753;10.128.013
Philippines;PHL;2023;12.139.046;25.506.022;13.299.705;10.331.502
Philippines;PHL;2024;120.612;37.902.946;12.979.921;11.120.603
Poland;POL;1965;0.026;0;0;0.896
Poland;POL;1966;0.038;0;0;0.896
Poland;POL;1967;0.044;0;0;0.957
Poland;POL;1968;0.047;0;0;1.005
Poland;POL;1969;0.084;0;0;0.81
Poland;POL;1970;0.059;0;0;1.771
Poland;POL;1971;0.101;0;0;1.569
Poland;POL;1972;0.185;0;0;1.503
Poland;POL;1973;0.223;0;0;1.456
Poland;POL;1974;0.235;0;0;2.122
Poland;POL;1975;0.211;0;0;1.99
Poland;POL;1976;0.183;0;0;1.645
Poland;POL;1977;0.265;0;0;1.957
Poland;POL;1978;0.262;0;0;1.951
Poland;POL;1979;0.24;0;0;1.807
Poland;POL;1980;0.248;0;0;2.349
Poland;POL;1981;0.269;0;0;2.137
Poland;POL;1982;0.269;0;0;1.543
Poland;POL;1983;0.362;0;0;1.675
Poland;POL;1984;0.345;0;0;1.408
Poland;POL;1985;0.397;0;0;1.852
Poland;POL;1986;0.368;0;0;1.549
Poland;POL;1987;0.193;0;0;1.661
Poland;POL;1988;0.094;0;0;1.793
Poland;POL;1989;0.103;0;0;1.609
Poland;POL;1990;0.055;0;0;1.417
Poland;POL;1991;0.083;0;0;1.425
Poland;POL;1992;0.111;0;0;1.507
Poland;POL;1993;0.061;0;0;1.488
Poland;POL;1994;0.051;0;0;1.733
Poland;POL;1995;0.067;0;0.001;1.887
Poland;POL;1996;0.133;0;0;1.931
Poland;POL;1997;0.169;0;0.002;1.961
Poland;POL;1998;0.22;0;0.004;2.309
Poland;POL;1999;0.193;0;0.004;2.155
Poland;POL;2000;0.221;0;0.005;2.106
Poland;POL;2001;0.444;0;0.014;2.325
Poland;POL;2002;0.427;0;0.061;2.279
Poland;POL;2003;0.455;0;0.124;1.671
Poland;POL;2004;0.8504;0;0.142;2.082
Poland;POL;2005;15.108;0;0.135;2.201
Poland;POL;2006;19.928;0;0.256;2.042
Poland;POL;2007;25.555;0;0.522;2.352
Poland;POL;2008;3.617;0;0.837;2.153
Poland;POL;2009;52.263;0;1.077;2.375
Poland;POL;2010;63.045;0;1.664;2.92
Poland;POL;2011;76.008;0.0002;3.205;2.332
Poland;POL;2012;100.943;0.0011;4.747;2.037
Poland;POL;2013;86.221;0.0015;6.004;2.439
Poland;POL;2014;9.977;0.007;7.678;2.183
Poland;POL;2015;9.739;0.057;10.858;1.832
Poland;POL;2016;7.957;0.124;12.588;2.139
Poland;POL;2017;6.488;0.165;14.909;2.56
Poland;POL;2018;6.548;0.3;12.799;1.97
Poland;POL;2019;7.682.984;0.710673;15.106.759;1.958.416
Poland;POL;2020;835.026;1.957.916;15.800.049;2.118.337
Poland;POL;2021;8.061.274;3.934.448;16.233.547;2.339.182
Poland;POL;2022;7.631.184;830.967;19.779.537;1.968.187
Poland;POL;2023;8.160.409;11.107.089;24.176.355;2.409.511
Poland;POL;2024;79.880.404;1.484.156;25.855.062;2.178.473
Portugal;PRT;1965;0.207;0;0;3.975
Portugal;PRT;1966;0.2;0;0;5.276
Portugal;PRT;1967;0.192;0;0;5.481
Portugal;PRT;1968;0.228;0;0;5.188
Portugal;PRT;1969;0.28;0;0;6.311
Portugal;PRT;1970;0.186;0;0;5.804
Portugal;PRT;1971;0.143;0;0;6.17
Portugal;PRT;1972;0.113;0;0;7.086
Portugal;PRT;1973;0.2;0;0;7.325
Portugal;PRT;1974;0.18;0;0;7.828
Portugal;PRT;1975;0.236;0;0;6.41
Portugal;PRT;1976;0.23;0;0;4.787
Portugal;PRT;1977;0.234;0;0;9.966
Portugal;PRT;1978;0.232;0;0;10.811
Portugal;PRT;1979;0.258;0;0;11.213
Portugal;PRT;1980;0.32;0;0;8.015
Portugal;PRT;1981;0.311;0;0;5.019
Portugal;PRT;1982;0.353;0;0;6.921
Portugal;PRT;1983;0.405;0;0;8.026
Portugal;PRT;1984;0.373;0;0;9.765
Portugal;PRT;1985;0.548;0;0;10.693
Portugal;PRT;1986;0.606;0;0;8.514
Portugal;PRT;1987;0.614;0;0;9.153
Portugal;PRT;1988;0.653;0;0;12.233
Portugal;PRT;1989;0.661;0.001010101;0.001;5.819
Portugal;PRT;1990;0.693;0;0.000959596;9.157
Portugal;PRT;1991;0.813;0;0.000959596;9.043
Portugal;PRT;1992;0.887;0;0.003838384;4.646
Portugal;PRT;1993;0.905;0;0.010555555;8.538
Portugal;PRT;1994;0.967;0;0.017;10.658
Portugal;PRT;1995;1.03;0;0.016;8.343
Portugal;PRT;1996;1.008;0.001;0.021;14.761
Portugal;PRT;1997;1.087;0.001;0.038;13.105
Portugal;PRT;1998;10.796;0.0008;0.089;12.983
Portugal;PRT;1999;12.381;0.0011;0.123;7.286
Portugal;PRT;2000;1.376;0.0014;0.168;11.323
Portugal;PRT;2001;1.45;0.0016;0.256;14.034
Portugal;PRT;2002;1.569;0.0018;0.362;7.8
Portugal;PRT;2003;1.484;0.0026;0.496;15.723
Portugal;PRT;2004;1.631;0.0029;0.816;9.869
Portugal;PRT;2005;1.722;0.0038;1.773;4.731
Portugal;PRT;2006;1.789;0.005;2.925;10.919
Portugal;PRT;2007;2.083;0.024;4.037;10.027
Portugal;PRT;2008;2.044;0.041;5.757;6.799
Portugal;PRT;2009;2.271;0.16;7.577;8.285
Portugal;PRT;2010;2.811;0.215;9.182;16.148
Portugal;PRT;2011;3.133;0.282;9.162;11.536
Portugal;PRT;2012;3.097;0.393;10.26;5.622
Portugal;PRT;2013;32.475.834;0.4791399;12.014.601;13.73
Portugal;PRT;2014;32.543.802;0.6273166;12.111.384;15.569
Portugal;PRT;2015;33.075.674;0.7961549;11.607.637;8.660.506
Portugal;PRT;2016;3.242;0.822;12.474;15.723
Portugal;PRT;2017;3.437;0.992;12.248;5.897
Portugal;PRT;2018;3.386;1.005;12.617;12.393
Portugal;PRT;2019;3.578;1.342;13.667;8.818
Portugal;PRT;2020;4.008.636;17.155.896;12.298.664;1.208.258
Portugal;PRT;2021;41.855.493;2.237.164;13.215.613;11.907.542
Portugal;PRT;2022;4.308;3.519;13.244;6.548
Portugal;PRT;2023;4.008;5.16;13.145;12.039
Portugal;PRT;2024;3.861;7.097;14.453;14.828
Qatar;QAT;1965;0;0;0;0
Qatar;QAT;1966;0;0;0;0
Qatar;QAT;1967;0;0;0;0
Qatar;QAT;1968;0;0;0;0
Qatar;QAT;1969;0;0;0;0
Qatar;QAT;1970;0;0;0;0
Qatar;QAT;1971;0;0;0;0
Qatar;QAT;1972;0;0;0;0
Qatar;QAT;1973;0;0;0;0
Qatar;QAT;1974;0;0;0;0
Qatar;QAT;1975;0;0;0;0
Qatar;QAT;1976;0;0;0;0
Qatar;QAT;1977;0;0;0;0
Qatar;QAT;1978;0;0;0;0
Qatar;QAT;1979;0;0;0;0
Qatar;QAT;1980;0;0;0;0
Qatar;QAT;1981;0;0;0;0
Qatar;QAT;1982;0;0;0;0
Qatar;QAT;1983;0;0;0;0
Qatar;QAT;1984;0;0;0;0
Qatar;QAT;1985;0;0;0;0
Qatar;QAT;1986;0;0;0;0
Qatar;QAT;1987;0;0;0;0
Qatar;QAT;1988;0;0;0;0
Qatar;QAT;1989;0;0;0;0
Qatar;QAT;1990;0;0;0;0
Qatar;QAT;1991;0;0;0;0
Qatar;QAT;1992;0;0;0;0
Qatar;QAT;1993;0;0;0;0
Qatar;QAT;1994;0;0;0;0
Qatar;QAT;1995;0;0;0;0
Qatar;QAT;1996;0;0;0;0
Qatar;QAT;1997;0;0;0;0
Qatar;QAT;1998;0;0;0;0
Qatar;QAT;1999;0;0;0;0
Qatar;QAT;2000;0;0;0;0
Qatar;QAT;2001;0;0;0;0
Qatar;QAT;2002;0;0;0;0
Qatar;QAT;2003;0;0;0;0
Qatar;QAT;2004;0;0;0;0
Qatar;QAT;2005;0;0;0;0
Qatar;QAT;2006;0;0;0;0
Qatar;QAT;2007;0;0;0;0
Qatar;QAT;2008;0;0;0;0
Qatar;QAT;2009;0;0;0;0
Qatar;QAT;2010;0;0;0;0
Qatar;QAT;2011;0.009541;0.001094;0;0
Qatar;QAT;2012;0.009541;0.001094;0;0
Qatar;QAT;2013;0.07648;0.003751;0;0
Qatar;QAT;2014;0.101814;0.006506;0;0
Qatar;QAT;2015;0.119335;0.006506;0;0
Qatar;QAT;2016;0.122776;0.008364;0;0
Qatar;QAT;2017;0.128945;0.008364;0;0
Qatar;QAT;2018;0.134525;0.008364;0;0
Qatar;QAT;2019;0.117575;0.008364;0;0
Qatar;QAT;2020;0.134388;0.008364;0;0
Qatar;QAT;2021;0.13402082;0.008341148;0;0
Qatar;QAT;2022;0.134388;0.27130768;0;0
Qatar;QAT;2023;0.134388;1.9;0;0
Qatar;QAT;2024;0.1347562;2;0;0
Romania;ROU;1965;0;0;0;1.005
Romania;ROU;1966;0;0;0;1.035
Romania;ROU;1967;0;0;0;1.476
Romania;ROU;1968;0;0;0;1.562
Romania;ROU;1969;0;0;0;2.217
Romania;ROU;1970;0;0;0;2.773
Romania;ROU;1971;0;0;0;4.495
Romania;ROU;1972;0;0;0;7.343
Romania;ROU;1973;0;0;0;7.547
Romania;ROU;1974;0;0;0;8.476
Romania;ROU;1975;0;0;0;9.361
Romania;ROU;1976;0;0;0;8.107
Romania;ROU;1977;0;0;0;9.345
Romania;ROU;1978;0;0;0;10.614
Romania;ROU;1979;0;0;0;11.339
Romania;ROU;1980;0;0;0;12.637
Romania;ROU;1981;0;0;0;12.737
Romania;ROU;1982;0;0;0;11.854
Romania;ROU;1983;0;0;0;10.038
Romania;ROU;1984;0;0;0;11.326
Romania;ROU;1985;0;0;0;12.713
Romania;ROU;1986;0;0;0;10.81
Romania;ROU;1987;0;0;0;11.209
Romania;ROU;1988;0;0;0;14.776
Romania;ROU;1989;0;0;0;13.678
Romania;ROU;1990;0.001052632;0;0.001010101;11.411
Romania;ROU;1991;0;0;0;14.588
Romania;ROU;1992;0.002;0;0;11.7
Romania;ROU;1993;0.001;0;0;12.768
Romania;ROU;1994;0;0;0;13.046
Romania;ROU;1995;0;0;0;16.693
Romania;ROU;1996;0;0;0;15.755
Romania;ROU;1997;0.011;0;0;17.509
Romania;ROU;1998;0.011;0;0;18.879
Romania;ROU;1999;0;0;0;18.29
Romania;ROU;2000;0;0;0;14.778
Romania;ROU;2001;0;0;0;14.923
Romania;ROU;2002;0.003;0;0;16.046
Romania;ROU;2003;0.003;0;0;13.259
Romania;ROU;2004;0.004;0;0;16.513
Romania;ROU;2005;0.006;0;0;20.207
Romania;ROU;2006;0.004;0;0.001;18.356
Romania;ROU;2007;0.035;0;0.003;15.966
Romania;ROU;2008;0.024;0;0.005;17.195
Romania;ROU;2009;0.01;0.001010101;0.009;15.534
Romania;ROU;2010;0.111;0.002020202;0.306;19.883
Romania;ROU;2011;0.198;0.001;1.387;14.728
Romania;ROU;2012;0.212;0.008;2.64;12.066
Romania;ROU;2013;0.252;0.42;4.52;147.935
Romania;ROU;2014;0.505;12.953;47.236;185.235
Romania;ROU;2015;0.524;1.982;7.063;16.633
Romania;ROU;2016;0.531;1.82;6.59;18.028
Romania;ROU;2017;0.525168;1.856;7.407;14.494
Romania;ROU;2018;0.43713;1.771;6.322;176.639
Romania;ROU;2019;0.504144;1.778;6.773;15.580.921
Romania;ROU;2020;0.546537;1.733;6.945;15.380.857
Romania;ROU;2021;0.652799;1.703;6.576;17.411.934
Romania;ROU;2022;0.647008;1.988.419;6.997;13.976.628
Romania;ROU;2023;0.44453;222.705;7.548;18.136.728
Romania;ROU;2024;0.49745023;4.592.443;6.359;13.798.326
Russia;RUS;1985;0;0;0;15.972.595
Russia;RUS;1986;0;0;0;16.433.096
Russia;RUS;1987;0;0;0;16.252.785
Russia;RUS;1988;0;0;0;16.092.361
Russia;RUS;1989;0;0;0;15.972.595
Russia;RUS;1990;0.065;0;0;16.684.561
Russia;RUS;1991;0.065;0;0;168.094
Russia;RUS;1992;0.063;0;0;172.594
Russia;RUS;1993;0.06;0;0;174.289
Russia;RUS;1994;0.061;0;0;175.926
Russia;RUS;1995;0.059;0;0;1.762.552
Russia;RUS;1996;0.057;0;0;154.309
Russia;RUS;1997;0.057;0;0;157.434
Russia;RUS;1998;0.058;0;0;158.497
Russia;RUS;1999;0.058;0;0;160.492
Russia;RUS;2000;0.0791;0;0.0019;164.076
Russia;RUS;2001;0.1141;0;0.0031;173.899
Russia;RUS;2002;0.1733;0;0.0062;162.174
Russia;RUS;2003;0.3658;0;0.0086;155.67
Russia;RUS;2004;0.4498;0;0.007;175.677
Russia;RUS;2005;0.4513;0;0.0068;172.611
Russia;RUS;2006;0.5057;0;0.0052;173.285
Russia;RUS;2007;0.4845;0;0.0066;177.045
Russia;RUS;2008;0.4889;0;0.0052;164.78
Russia;RUS;2009;0.4974;0;0.0038;174.199
Russia;RUS;2010;0.536914;0;0.004186;1.664.837
Russia;RUS;2011;0.557208;0.0012;0.005392;1.630.552
Russia;RUS;2012;0.502849;0.004211507;0.005251;1.634.543
Russia;RUS;2013;0.481527;0.0108;0.004473;1.811.511
Russia;RUS;2014;0.5544;0.16;0.096106;1.733.945
Russia;RUS;2015;0.4812;0.3356;0.148037;16.799.347
Russia;RUS;2016;0.446249;0.4683;0.1481205;18.461.177
Russia;RUS;2017;0.519528;0.544;0.139;185.163
Russia;RUS;2018;0.504656;0.62446;0.23716;19.063.756
Russia;RUS;2019;0.538549;0.98505;0.31481;19.437.614
Russia;RUS;2020;0.814779;186.214;113.802;21.243.826
Russia;RUS;2021;0.820069;231.204;258.484;21.453.337
Russia;RUS;2022;0.841799;239.864;420.105;19.766.655
Russia;RUS;2023;0.849376;2.634.875;4.747.359;20.086.566
Russia;RUS;2024;0.82827187;2.923.703;4.567.221;21.053.725
Saudi Arabia;SAU;1965;0;0;0;0
Saudi Arabia;SAU;1966;0;0;0;0
Saudi Arabia;SAU;1967;0;0;0;0
Saudi Arabia;SAU;1968;0;0;0;0
Saudi Arabia;SAU;1969;0;0;0;0
Saudi Arabia;SAU;1970;0;0;0;0
Saudi Arabia;SAU;1971;0;0;0;0
Saudi Arabia;SAU;1972;0;0;0;0
Saudi Arabia;SAU;1973;0;0;0;0
Saudi Arabia;SAU;1974;0;0;0;0
Saudi Arabia;SAU;1975;0;0;0;0
Saudi Arabia;SAU;1976;0;0;0;0
Saudi Arabia;SAU;1977;0;0;0;0
Saudi Arabia;SAU;1978;0;0;0;0
Saudi Arabia;SAU;1979;0;0;0;0
Saudi Arabia;SAU;1980;0;0;0;0
Saudi Arabia;SAU;1981;0;0;0;0
Saudi Arabia;SAU;1982;0;0;0;0
Saudi Arabia;SAU;1983;0;0;0;0
Saudi Arabia;SAU;1984;0;0;0;0
Saudi Arabia;SAU;1985;0;0;0;0
Saudi Arabia;SAU;1986;0;0;0;0
Saudi Arabia;SAU;1987;0;0;0;0
Saudi Arabia;SAU;1988;0;0;0;0
Saudi Arabia;SAU;1989;0;0;0;0
Saudi Arabia;SAU;1990;0;0;0;0
Saudi Arabia;SAU;1991;0;0;0;0
Saudi Arabia;SAU;1992;0;0;0;0
Saudi Arabia;SAU;1993;0;0;0;0
Saudi Arabia;SAU;1994;0;0;0;0
Saudi Arabia;SAU;1995;0;0;0;0
Saudi Arabia;SAU;1996;0;0;0;0
Saudi Arabia;SAU;1997;0;0;0;0
Saudi Arabia;SAU;1998;0;0;0;0
Saudi Arabia;SAU;1999;0;0;0;0
Saudi Arabia;SAU;2000;0;0;0;0
Saudi Arabia;SAU;2001;0;0;0;0
Saudi Arabia;SAU;2002;0;0;0;0
Saudi Arabia;SAU;2003;0;0;0;0
Saudi Arabia;SAU;2004;0;0;0;0
Saudi Arabia;SAU;2005;0;0;0;0
Saudi Arabia;SAU;2006;0;0;0;0
Saudi Arabia;SAU;2007;0;0;0;0
Saudi Arabia;SAU;2008;0;0.000609;0;0
Saudi Arabia;SAU;2009;0;0.000609;0;0
Saudi Arabia;SAU;2010;0;0.004089;0;0
Saudi Arabia;SAU;2011;0;0.005392;0;0
Saudi Arabia;SAU;2012;0;0.025637;0;0
Saudi Arabia;SAU;2013;0;0.042475;0;0
Saudi Arabia;SAU;2014;0;0.045881;0;0
Saudi Arabia;SAU;2015;0;0.045881;0;0
Saudi Arabia;SAU;2016;0;0.045881;0;0
Saudi Arabia;SAU;2017;0;0.065036;0.004818;0
Saudi Arabia;SAU;2018;0;0.15948816;0.004818;0
Saudi Arabia;SAU;2019;0;0.20673662;0.005694;0
Saudi Arabia;SAU;2020;0;0.910906;0.005694;0
Saudi Arabia;SAU;2021;0;0.9943216;0.005678443;0
Saudi Arabia;SAU;2022;0;1.216;0.794;0
Saudi Arabia;SAU;2023;0;3.126;1.588;0
Saudi Arabia;SAU;2024;0;8.229.815;15.923.507;0
Singapore;SGP;1965;0;0;0;0
Singapore;SGP;1966;0;0;0;0
Singapore;SGP;1967;0;0;0;0
Singapore;SGP;1968;0;0;0;0
Singapore;SGP;1969;0;0;0;0
Singapore;SGP;1970;0;0;0;0
Singapore;SGP;1971;0;0;0;0
Singapore;SGP;1972;0;0;0;0
Singapore;SGP;1973;0;0;0;0
Singapore;SGP;1974;0;0;0;0
Singapore;SGP;1975;0;0;0;0
Singapore;SGP;1976;0;0;0;0
Singapore;SGP;1977;0;0;0;0
Singapore;SGP;1978;0;0;0;0
Singapore;SGP;1979;0;0;0;0
Singapore;SGP;1980;0;0;0;0
Singapore;SGP;1981;0;0;0;0
Singapore;SGP;1982;0;0;0;0
Singapore;SGP;1983;0;0;0;0
Singapore;SGP;1984;0;0;0;0
Singapore;SGP;1985;0;0;0;0
Singapore;SGP;1986;0.085;0;0;0
Singapore;SGP;1987;0.085;0;0;0
Singapore;SGP;1988;0.085;0;0;0
Singapore;SGP;1989;0.085;0;0;0
Singapore;SGP;1990;0.085;0;0;0
Singapore;SGP;1991;0.245;0;0;0
Singapore;SGP;1992;0.245;0;0;0
Singapore;SGP;1993;0.245;0;0;0
Singapore;SGP;1994;0.245;0;0;0
Singapore;SGP;1995;0.245;0;0;0
Singapore;SGP;1996;0.245;0;0;0
Singapore;SGP;1997;0.245;0;0;0
Singapore;SGP;1998;0.245;0;0;0
Singapore;SGP;1999;0.245;0;0;0
Singapore;SGP;2000;0.245;0;0;0
Singapore;SGP;2001;0.473;0;0;0
Singapore;SGP;2002;0.473;0;0;0
Singapore;SGP;2003;0.495;0;0;0
Singapore;SGP;2004;0.479;0;0;0
Singapore;SGP;2005;0.47765875;0;0;0
Singapore;SGP;2006;0.4737648;0;0;0
Singapore;SGP;2007;0.4936092;0;0;0
Singapore;SGP;2008;0.5208825;0.000297;0;0
Singapore;SGP;2009;0.5270821;0.001596;0;0
Singapore;SGP;2010;0.5871582;0.003086;0;0
Singapore;SGP;2011;0.60518473;0.004895;0;0
Singapore;SGP;2012;0.63571346;0.008193;0;0
Singapore;SGP;2013;0.7057131;0.012556;0;0
Singapore;SGP;2014;0.7414505;0.027133;0;0
Singapore;SGP;2015;0.8122861;0.048733;0;0
Singapore;SGP;2016;0.80152607;0.08848914;0;0
Singapore;SGP;2017;0.77486813;0.122786;0;0
Singapore;SGP;2018;0.762494;0.13516214;0;0
Singapore;SGP;2019;0.7602769;0.19461899;0;0
Singapore;SGP;2020;0.6848291;0.2951081;0;0
Singapore;SGP;2021;0.6727106;0.39679468;0;0
Singapore;SGP;2022;0.9693054;0.66724044;0;0
Singapore;SGP;2023;0.8367282;0.9318029;0;0
Singapore;SGP;2024;0.8434234;12.748.251;0;0
Slovakia;SVK;1965;0;0;0;2.222.958
Slovakia;SVK;1966;0;0;0;21.301.508
Slovakia;SVK;1967;0;0;0;18.252.122
Slovakia;SVK;1968;0;0;0;16.749.526
Slovakia;SVK;1969;0;0;0;1.303.723
Slovakia;SVK;1970;0;0;0;1.966.633
Slovakia;SVK;1971;0;0;0;1.476
Slovakia;SVK;1972;0;0;0;1.546
Slovakia;SVK;1973;0;0;0;1.322
Slovakia;SVK;1974;0;0;0;2.223
Slovakia;SVK;1975;0;0;0;2.002
Slovakia;SVK;1976;0;0;0;2.019
Slovakia;SVK;1977;0;0;0;2.408
Slovakia;SVK;1978;0;0;0;2.259
Slovakia;SVK;1979;0;0;0;1.884
Slovakia;SVK;1980;0;0;0;2.257
Slovakia;SVK;1981;0;0;0;1.966
Slovakia;SVK;1982;0;0;0;1.726
Slovakia;SVK;1983;0;0;0;1.832
Slovakia;SVK;1984;0;0;0;1.555
Slovakia;SVK;1985;0;0;0;2.117
Slovakia;SVK;1986;0;0;0;1.675
Slovakia;SVK;1987;0;0;0;1.932
Slovakia;SVK;1988;0;0;0;1.755
Slovakia;SVK;1989;0;0;0;1.962
Slovakia;SVK;1990;0;0;0;1.88
Slovakia;SVK;1991;0;0;0;1.408
Slovakia;SVK;1992;0;0;0;1.937
Slovakia;SVK;1993;0;0;0;3.467
Slovakia;SVK;1994;0;0;0;4.355
Slovakia;SVK;1995;0;0;0;4.88
Slovakia;SVK;1996;0;0;0;4.227
Slovakia;SVK;1997;0;0;0;4.064
Slovakia;SVK;1998;0;0;0;4.267
Slovakia;SVK;1999;0;0;0;4.474
Slovakia;SVK;2000;0;0;0;4.615
Slovakia;SVK;2001;0.154;0;0;4.927
Slovakia;SVK;2002;0.152;0;0;5.268
Slovakia;SVK;2003;0.099;0;0.002;3.48
Slovakia;SVK;2004;0.02;0;0.006;4.1
Slovakia;SVK;2005;0.032;0;0.006;4.638
Slovakia;SVK;2006;0.398314;0;0.006;4.399
Slovakia;SVK;2007;0.474;0;0.008;4.451
Slovakia;SVK;2008;0.517;0;0.007;4.039.332
Slovakia;SVK;2009;0.537;0;0.006;4.367.561
Slovakia;SVK;2010;0.662;0.016942;0.006;5.255
Slovakia;SVK;2011;0.819;0.397;0.005;3.778.187
Slovakia;SVK;2012;0.941;0.424;0.006;4.103
Slovakia;SVK;2013;0.911;0.588;0.006;4.848
Slovakia;SVK;2014;1.417;0.597;0.006;4.209
Slovakia;SVK;2015;1.662;0.506;0.006;3.866
Slovakia;SVK;2016;1.731;0.533;0.006;4.359
Slovakia;SVK;2017;1.696;0.506;0.006;4.324
Slovakia;SVK;2018;1.625;0.585;0.006;3.59
Slovakia;SVK;2019;1.693;0.589;0.006;4.356
Slovakia;SVK;2020;1.673;0.663;0.004;4.517
Slovakia;SVK;2021;1.844;0.671;0.005;4.258
Slovakia;SVK;2022;1.49;0.65;0.004;3.678
Slovakia;SVK;2023;1.414;0.605;0.004;4.686
Slovakia;SVK;2024;14.557.174;0.69459236;0.004010959;49.315.176
Slovenia;SVN;1990;0;0;0;2.974
Slovenia;SVN;1991;0;0;0;3.608
Slovenia;SVN;1992;0;0;0;3.423
Slovenia;SVN;1993;0;0;0;3.035
Slovenia;SVN;1994;0;0;0;3.399
Slovenia;SVN;1995;0;0;0;3.252
Slovenia;SVN;1996;0;0;0;3.668
Slovenia;SVN;1997;0;0;0;3.091
Slovenia;SVN;1998;0;0;0;3.45
Slovenia;SVN;1999;0.031;0;0;3.739
Slovenia;SVN;2000;0.07;0;0;3.834
Slovenia;SVN;2001;0.072;0;0;3.796
Slovenia;SVN;2002;0.102;0;0;3.313
Slovenia;SVN;2003;0.122;0;0;2.957
Slovenia;SVN;2004;0.121;0;0;4.095
Slovenia;SVN;2005;0.11;0;0;3.461
Slovenia;SVN;2006;0.099;0;0;3.591
Slovenia;SVN;2007;0.104;0;0;3.266
Slovenia;SVN;2008;0.291;0.001;0;4.018
Slovenia;SVN;2009;0.193;0.004;0;4.715
Slovenia;SVN;2010;0.221;0.013;0;4.518
Slovenia;SVN;2011;0.252;0.066;0;3.562
Slovenia;SVN;2012;0.267;0.163;0;3.899
Slovenia;SVN;2013;0.261;0.215;0.004;4.629
Slovenia;SVN;2014;0.259;0.257;0.004;6.092
Slovenia;SVN;2015;0.267;0.274;0.006;3.808
Slovenia;SVN;2016;0.283;0.267;0.006016438;4.503
Slovenia;SVN;2017;0.293889;0.283867;0.005716;3.868.345
Slovenia;SVN;2018;0.272717;0.254961;0.006021;470.432
Slovenia;SVN;2019;0.256212;0.303039;0.00615;4.479.395
Slovenia;SVN;2020;0.277377;0.368196;0.006251;493.406
Slovenia;SVN;2021;0.2805;0.453113;0.005593;4.712.511
Slovenia;SVN;2022;0.272311;0.645587;0.005731;3.148.507
Slovenia;SVN;2023;0.299454;0.984359;0.006372;5.020.766
Slovenia;SVN;2024;0.26850018;18.336.886;0.006614419;53.207.865
South Africa;ZAF;1965;0;0;0;0.037
South Africa;ZAF;1966;0;0;0;0.036
South Africa;ZAF;1967;0;0;0;0.026
South Africa;ZAF;1968;0;0;0;0.024
South Africa;ZAF;1969;0;0;0;0.021
South Africa;ZAF;1970;0;0;0;0.025
South Africa;ZAF;1971;0;0;0;0.112
South Africa;ZAF;1972;0;0;0;0.834
South Africa;ZAF;1973;0;0;0;0.985
South Africa;ZAF;1974;0;0;0;1.132
South Africa;ZAF;1975;0;0;0;1.12
South Africa;ZAF;1976;0;0;0;1.876
South Africa;ZAF;1977;0;0;0;1.944
South Africa;ZAF;1978;0;0;0;1.907
South Africa;ZAF;1979;0;0;0;1.144
South Africa;ZAF;1980;0;0;0;0.992
South Africa;ZAF;1981;0;0;0;1.653
South Africa;ZAF;1982;0;0;0;1.016
South Africa;ZAF;1983;0;0;0;0.595
South Africa;ZAF;1984;0;0;0;0.56
South Africa;ZAF;1985;0;0;0;0.624
South Africa;ZAF;1986;0;0;0;1.623
South Africa;ZAF;1987;0;0;0;1.617
South Africa;ZAF;1988;0;0;0;3.162
South Africa;ZAF;1989;0;0;0;2.759
South Africa;ZAF;1990;0;0;0;1.01
South Africa;ZAF;1991;0;0;0;1.98
South Africa;ZAF;1992;0;0;0;0.75200003
South Africa;ZAF;1993;0;0;0;0.14600004
South Africa;ZAF;1994;0;0;0;10.739.999
South Africa;ZAF;1995;0;0;0;0.529
South Africa;ZAF;1996;0.06;0;0;13.189.999
South Africa;ZAF;1997;0.146;0;0;2.092
South Africa;ZAF;1998;0.231;0;0;1.595
South Africa;ZAF;1999;0.197;0;0;0.7259999
South Africa;ZAF;2000;0.4775;0.0093;0;11.009.998
South Africa;ZAF;2001;0.4231;0.0108;0;1.721
South Africa;ZAF;2002;0.4603;0.0124;0;2.084
South Africa;ZAF;2003;0.4084;0.0139;0.006;0.82741207
South Africa;ZAF;2004;0.3819;0.0155;0.012;0.949939
South Africa;ZAF;2005;0.4253;0.017;0.012;13.319.402
South Africa;ZAF;2006;0.4055;0.0186;0.012;28.976.197
South Africa;ZAF;2007;0.4305;0.0201;0.012;286.562
South Africa;ZAF;2008;0.4561;0.0217;0.021;12.596.198
South Africa;ZAF;2009;0.4491;0.0233;0.03;14.516.199
South Africa;ZAF;2010;0.3963;0.0276;0.034;11.428.998
South Africa;ZAF;2011;0.412;0.0803;0.037;30.638.242
South Africa;ZAF;2012;0.4226;0.086;0.037;10.185.099
South Africa;ZAF;2013;0.4777;0.243;0.037;11.039.158
South Africa;ZAF;2014;0.364211;1.074.961;1.066;17.950.599
South Africa;ZAF;2015;0.316528;2.749;3.071;0.73
South Africa;ZAF;2016;0.331492;3.274;4.209;0.624
South Africa;ZAF;2017;0.386364;4.239;7.022;0.776
South Africa;ZAF;2018;0.431334;4.573;6.41;1.103
South Africa;ZAF;2019;0.43014;4.903;6.632;0.741
South Africa;ZAF;2020;0.4097;5.7;6.411;1.465
South Africa;ZAF;2021;0.4097;6.785;8.652;2.018
South Africa;ZAF;2022;0.362;6.2;9.7;3.1
South Africa;ZAF;2023;0.469;6.4;11.6;2
South Africa;ZAF;2024;0.47028494;6.6;11.1;1.1
South America;;1965;0;0;0;39.581.554
South America;;1966;0;0;0;44.095.222
South America;;1967;0;0;0;4.665.261
South America;;1968;0;0;0;49.550.686
South America;;1969;0;0;0;53.435.425
South America;;1970;0.57093334;0;0;6.288.049
South America;;1971;1.041.386;0;0;6.982.073
South America;;1972;11.355.976;0;0;7.928.879
South America;;1973;11.527.706;0;0;8.951.795
South America;;1974;12.241.551;0;0;10.309.859
South America;;1975;15.001.678;0;0;11.239.166
South America;;1976;15.173.002;0;0;125.337.105
South America;;1977;17.688.485;0;0;1.393.818
South America;;1978;19.639.169;0;0;15.306.062
South America;;1979;24.230.032;0;0;17.354.976
South America;;1980;2.405.526;0;0;19.483.237
South America;;1981;2.447.641;0;0;19.683.522
South America;;1982;29.034.479;0;0;21.339.456
South America;;1983;38.014.305;0;0;22.953.731
South America;;1984;36.446.674;0;0;2.530.052
South America;;1985;3.913.132;0;0;27.390.704
South America;;1986;4.114.923;0;0;29.462.888
South America;;1987;44.566.836;0;0;3.146.132
South America;;1988;4.306.745;0;0;3.264.447
South America;;1989;4.344.164;0;0;3.349.196
South America;;1990;5.476.084;0;0;34.790.448
South America;;1991;56.775.155;0;0;3.724.771
South America;;1992;7.399.189;0;0;38.007.532
South America;;1993;7.461.511;0;0;4.095.474
South America;;1994;795.607;0;0;43.520.425
South America;;1995;8.332.388;0;0;45.117.236
South America;;1996;946.631;0;0.012018;46.749.365
South America;;1997;10.053.499;0;0.019192;4.948.528
South America;;1998;9.659.916;0.000017;0.038041;5.060.408
South America;;1999;10.818.791;0.000026;0.037381;5.047.165
South America;;2000;10.397.832;0.001886753;0.0374975;5.333.969
South America;;2001;11.858.205;0.002727489;0.0934005;5.011.439
South America;;2002;13.398.625;0.004713989;0.1435445;5.257.035
South America;;2003;15.343.442;0.006494461;0.1480935;54.827.344
South America;;2004;16.169.346;0.008046187;0.1925755;56.595.306
South America;;2005;1.742.618;0.009650543;0.22323915;59.945.667
South America;;2006;1.847.777;0.000141395;0.3787609;62.676.105
South America;;2007;23.224.754;0.000164369;0.7888675;64.915.607
South America;;2008;26.765.406;0.000268966;1.330.337;652.381
South America;;2009;30.258.827;0.000212961;14.620.273;6.705.966
South America;;2010;40.055.855;0.011397613;26.444.256;6.706.312
South America;;2011;42.011.894;0.040161423;323.105;7.122.574
South America;;2012;4.715.578;0.12944062;60.046.687;6.976.344
South America;;2013;5.372.186;0.2791036;79.274.025;67.541.724
South America;;2014;59.294.144;0.77129316;15.536.101;6.559.091
South America;;2015;6.291.627;18.264.139;27.251.997;6.393.364
South America;;2016;6.488.774;31.576.514;40.820.534;6.546.254
South America;;2017;67.642.494;54.637.847;51.696.556;67.128.326
South America;;2018;70.872.375;10.148.036;59.899.025;6.878.858
South America;;2019;7.013.254;15.444.092;7.256.909;68.232.117
South America;;2020;7.426.311;21.584.867;7.952.916;66.839.404
South America;;2021;7.109.204;31.872.272;9.993.154;6.371.461
South America;;2022;6.960.477;51.171.703;11.200.019;7.116.931
South America;;2023;7.417.921;756.137;12.770.387;7.281.335
South America;;2024;7.646.427;10.166.973;14.472.357;7.051.579
South Korea;KOR;1965;0;0;0;0.710427
South Korea;KOR;1966;0;0;0;0.985322
South Korea;KOR;1967;0;0;0;0.953171
South Korea;KOR;1968;0;0;0;0.929483
South Korea;KOR;1969;0;0;0;1.428.512
South Korea;KOR;1970;0;0;0;1.220.684
South Korea;KOR;1971;0;0;0;1.319.976
South Korea;KOR;1972;0;0;0;1.368.076
South Korea;KOR;1973;0;0;0;1.284.465
South Korea;KOR;1974;0;0;0;1.905.858
South Korea;KOR;1975;0;0;0;1.682.809
South Korea;KOR;1976;0;0;0;1.788.661
South Korea;KOR;1977;0;0;0;1.392.729
South Korea;KOR;1978;0;0;0;1.807.524
South Korea;KOR;1979;0;0;0;2.296.168
South Korea;KOR;1980;0;0;0;1.920.375
South Korea;KOR;1981;0;0;0;2.597.707
South Korea;KOR;1982;0;0;0;1.715.362
South Korea;KOR;1983;0;0;0;2.294.191
South Korea;KOR;1984;0;0;0;1.998.143
South Korea;KOR;1985;0;0;0;3.184.966
South Korea;KOR;1986;0;0;0;310.988
South Korea;KOR;1987;0;0;0;3.965.371
South Korea;KOR;1988;0;0;0;1.987.232
South Korea;KOR;1989;0;0;0;2.963.969
South Korea;KOR;1990;0;0.001;0;4.683.946
South Korea;KOR;1991;0;0.001;0;3.486.046
South Korea;KOR;1992;0;0.002;0;3.097.448
South Korea;KOR;1993;0;0.002;0.001;4.227.549
South Korea;KOR;1994;0;0.002;0.001;2.346.092
South Korea;KOR;1995;0.25;0.002;0;2.759.923
South Korea;KOR;1996;0.403;0.003;0;2.424.357
South Korea;KOR;1997;0.078;0.003;0.001;2.813.992
South Korea;KOR;1998;0.058;0.004;0.002;4.279.418
South Korea;KOR;1999;0.087;0.004572;0.005839;415.926
South Korea;KOR;2000;0.079;0.005284;0.016685;4.009.553
South Korea;KOR;2001;0.088;0.006184;0.01259;2.329.939
South Korea;KOR;2002;0.179;0.007044;0.014881;32.327.778
South Korea;KOR;2003;0.188;0.007752;0.024865;48.855.767
South Korea;KOR;2004;0.2928692;0.009872;0.047442;4.311.079
South Korea;KOR;2005;0.25981373;0.014399;0.129888;36.732.996
South Korea;KOR;2006;0.24129018;0.031022;0.238911;34.675.376
South Korea;KOR;2007;0.38390425;0.071279;0.375641;36.316.493
South Korea;KOR;2008;0.6530758;0.284315;0.436034;30.701.118
South Korea;KOR;2009;0.5390645;0.566191;0.685353;28.131.711
South Korea;KOR;2010;0.417752;0.77342474;0.8169536;36.819.692
South Korea;KOR;2011;10.193.447;0.92275506;0.86288923;4.597.667
South Korea;KOR;2012;21.562.583;11.270.967;0.91277313;39.690.382
South Korea;KOR;2013;31.209.614;16.676.412;11.482.114;42.892.675
South Korea;KOR;2014;6.301.323;26.943.502;11.456.008;27.514.188
South Korea;KOR;2015;7.479.414;4.229.946;13.424.914;21.457.193
South Korea;KOR;2016;8.079.599;5.516.146;16.832.138;28.462.753
South Korea;KOR;2017;9.610.962;7.739.189;21.691.124;28.088.205
South Korea;KOR;2018;11.814.518;10.167.519;24.649.742;3.359.418
South Korea;KOR;2019;13.350.539;14.192.911;26.792.476;2.788.679
South Korea;KOR;2020;14.033.809;19.337.963;31.499.484;387.723
South Korea;KOR;2021;17.152.586;24.717.623;31.800.172;3.054.502
South Korea;KOR;2022;17.847.912;3.072.626;33.694.577;3.541.179
South Korea;KOR;2023;18.716.084;33.236.446;3.392.165;37.164.373
South Korea;KOR;2024;20.339.903;3.272.386;33.642.054;42.992.635
South and Central America (EI);;1965;0;0;0;41.302.555
South and Central America (EI);;1966;0;0;0;46.001.225
South and Central America (EI);;1967;0;0;0;48.660.614
South and Central America (EI);;1968;0;0;0;5.174.669
South and Central America (EI);;1969;0;0;0;55.852.425
South and Central America (EI);;1970;0.57093334;0;0;6.564.019
South and Central America (EI);;1971;21.533.859;0;0;73.067.635
South and Central America (EI);;1972;21.425.977;0;0;8.269.269
South and Central America (EI);;1973;22.767.706;0;0;9.300.975
South and Central America (EI);;1974;23.891.551;0;0;10.686.309
South and Central America (EI);;1975;2.873.168;0;0;11.591.616
South and Central America (EI);;1976;33.633.003;0;0;12.942.441
South and Central America (EI);;1977;36.838.486;0;0;1.431.242
South and Central America (EI);;1978;40.839.167;0;0;15.818.752
South and Central America (EI);;1979;4.383.003;0;0;17.978.596
South and Central America (EI);;1980;4.405.631;0;0;20.144.287
South and Central America (EI);;1981;4.883.746;0;0;20.444.443
South and Central America (EI);;1982;5.525.553;0;0;22.019.386
South and Central America (EI);;1983;6.358.536;0;0;23.710.901
South and Central America (EI);;1984;61.837.726;0;0;2.616.087
South and Central America (EI);;1985;6.076.122;0;0;28.350.836
South and Central America (EI);;1986;62.676.725;0;0;3.060.074
South and Central America (EI);;1987;67.021.995;0;0;32.653.015
South and Central America (EI);;1988;6.639.707;0;0;339.224
South and Central America (EI);;1989;69.310.308;0;0;34.735.876
South and Central America (EI);;1990;8.331.682;0;0;36.080.304
South and Central America (EI);;1991;8.405.421;0;0;38.509.637
South and Central America (EI);;1992;10.720.842;0;0;39.217.712
South and Central America (EI);;1993;10.275.521;0;0.001717172;42.327.594
South and Central America (EI);;1994;10.812.127;0;0.007777778;44.775.696
South and Central America (EI);;1995;11.071.227;0;0.007777778;46.373.972
South and Central America (EI);;1996;12.450.906;0;0.041973986;4.821.879
South and Central America (EI);;1997;13.107.331;0;0.102926;50.880.856
South and Central America (EI);;1998;12.338.713;0.000017;0.11137238;52.066.187
South and Central America (EI);;1999;14.474.113;0.00012701;0.14847192;5.221.518
South and Central America (EI);;2000;14.565.456;0.002541753;0.2520263;55.031.305
South and Central America (EI);;2001;1.621.691;0.004090489;0.32090253;516.229
South and Central America (EI);;2002;17.941.471;0.006422989;0.45877823;54.189.294
South and Central America (EI);;2003;19.874.304;0.008736461;0.44300896;5.655.637
South and Central America (EI);;2004;20.972.889;0.011080187;0.543326;5.842.788
South and Central America (EI);;2005;22.233.028;0.018349502;0.5322278;61.922.626
South and Central America (EI);;2006;23.595.226;0.008633631;0.7737159;6.472.634
South and Central America (EI);;2007;28.835.688;0.01125943;11.578.367;6.694.346
South and Central America (EI);;2008;32.625.557;0.015314081;16.673.999;6.745.294
South and Central America (EI);;2009;3.651.384;0.024975453;2.076.696;6.916.426
South and Central America (EI);;2010;46.706.276;0.06296357;34.478.762;6.939.942
South and Central America (EI);;2011;48.872.707;0.13448136;43.240.433;7.353.732
South and Central America (EI);;2012;54.915.817;0.34247616;76.686.983;72.245.154
South and Central America (EI);;2013;62.183.014;0.5399603;10.211.105;69.975.256
South and Central America (EI);;2014;6.802.902;11.255.031;18.628.696;6.792.487
South and Central America (EI);;2015;719.387;28.795.807;31.478.914;663.208
South and Central America (EI);;2016;74.563.644;49.039.893;45.206.013;67.931.836
South and Central America (EI);;2017;7.708.672;76.596.007;56.156.498;7.010.984
South and Central America (EI);;2018;8.085.823;12.813.844;65.765.335;71.716.223
South and Central America (EI);;2019;8.154.908;18.975.813;787.915;705.525
South and Central America (EI);;2020;85.367.195;25.798.237;8.530.434;6.970.964
South and Central America (EI);;2021;82.641.014;36.872.387;10.619.781;6.689.705
South and Central America (EI);;2022;805.623;5.670.121;11.787.809;7.451.074
South and Central America (EI);;2023;85.272.285;8.216.759;13.407.416;7.551.543
South and Central America (EI);;2024;8.720.055;10.926.027;15.027.147;7.357.444
Spain;ESP;1965;0;0;0;19.687
Spain;ESP;1966;0;0;0;27.258
Spain;ESP;1967;0;0;0;22.657
Spain;ESP;1968;0;0;0;24.388
Spain;ESP;1969;0;0;0;30.603
Spain;ESP;1970;0.047;0;0;27.772
Spain;ESP;1971;0.052;0;0;31.816
Spain;ESP;1972;0.061;0;0;35.469
Spain;ESP;1973;0.056;0;0;28.912
Spain;ESP;1974;0.051;0;0;30.568
Spain;ESP;1975;0.113;0;0;26.065
Spain;ESP;1976;0.187;0;0;20.932
Spain;ESP;1977;0.309;0;0;39.628
Spain;ESP;1978;0.316;0;0;40.251
Spain;ESP;1979;0.251;0;0;46.397
Spain;ESP;1980;0.362;0;0;29.55
Spain;ESP;1981;0.424;0;0;21.942
Spain;ESP;1982;0.487;0;0;26.331
Spain;ESP;1983;0.56;0;0;27.047
Spain;ESP;1984;0.55;0;0;31.484
Spain;ESP;1985;0.611;0;0;31.287
Spain;ESP;1986;0.538;0;0;26.494
Spain;ESP;1987;0.563;0;0;27.383
Spain;ESP;1988;0.673;0;0;35.246
Spain;ESP;1989;0.578;0.006060606;0.013;19.349
Spain;ESP;1990;0.542;0.006;0.014;25.414
Spain;ESP;1991;0.542;0.007;0.015;27.282
Spain;ESP;1992;0.575;0.008;0.103;18.92
Spain;ESP;1993;0.579;0.009;0.116;24.377
Spain;ESP;1994;0.639;0.01;0.175;28.18
Spain;ESP;1995;1.011;0.015;0.27;23.112
Spain;ESP;1996;1.083;0.012;0.364;39.802
Spain;ESP;1997;1.463;0.013;0.742;34.778
Spain;ESP;1998;1.531;0.015;1.352;34.005
Spain;ESP;1999;1.724;0.017;2.744;22.863
Spain;ESP;2000;1.493;0.018;4.727;29.57
Spain;ESP;2001;1.631;0.024;6.759;41.027
Spain;ESP;2002;2.586;0.03;9.342;22.92
Spain;ESP;2003;3.184;0.041;12.075;41.054
Spain;ESP;2004;3.33;0.056;15.7;31.676
Spain;ESP;2005;2.653;0.041;21.176;17.872
Spain;ESP;2006;2.774;0.119;23.297;25.89
Spain;ESP;2007;2.898;0.508;27.568;27.233
Spain;ESP;2008;3.255;2.578;32.946;23.532
Spain;ESP;2009;34.088.092;60.669.346;378.869;26.352.478
Spain;ESP;2010;3.817.644;7.064.429;4.368.136;42.035.698
Spain;ESP;2011;4.515;8.679.536;42.433;30.596
Spain;ESP;2012;49.770.093;11.965.909;49.472;20.545
Spain;ESP;2013;5.290.421;13.110.889;55.767.128;367.799
Spain;ESP;2014;5.414.057;13.673.027;52.013;39.169
Spain;ESP;2015;57.641.673;1.385.843;49.325;28.14
Spain;ESP;2016;56.646.805;13.641.701;48.914;3.638.557
Spain;ESP;2017;6.078;14.320.671;49.127;18.322
Spain;ESP;2018;6.175.547;12.744;50.896;34.334
Spain;ESP;2019;5.637.065;15.108.287;5.308.907;22.486.076
Spain;ESP;2020;6.137.239;20.667.141;56.443.676;30.506.727
Spain;ESP;2021;6.891.004;27.098;62.061;29.626
Spain;ESP;2022;67.515.163;35.723;62.784;17.59
Spain;ESP;2023;58.525;48.586;64.275;24.996
Spain;ESP;2024;5.931.416;5.647.332;6.259.241;34.432.693
Sri Lanka;LKA;1965;0;0;0;0.365
Sri Lanka;LKA;1966;0;0;0;0.399
Sri Lanka;LKA;1967;0;0;0;0.41
Sri Lanka;LKA;1968;0;0;0;0.474
Sri Lanka;LKA;1969;0;0;0;0.549
Sri Lanka;LKA;1970;0;0;0;0.7403
Sri Lanka;LKA;1971;0;0;0;0.8255
Sri Lanka;LKA;1972;0;0;0;0.8471
Sri Lanka;LKA;1973;0;0;0;0.6957
Sri Lanka;LKA;1974;0;0;0;0.9976
Sri Lanka;LKA;1975;0;0;0;10.766
Sri Lanka;LKA;1976;0;0;0;11.095
Sri Lanka;LKA;1977;0;0;0;12.139
Sri Lanka;LKA;1978;0;0;0;13.663
Sri Lanka;LKA;1979;0;0;0;14.618
Sri Lanka;LKA;1980;0;0;0;14.801
Sri Lanka;LKA;1981;0;0;0;15.716
Sri Lanka;LKA;1982;0;0;0;16.076
Sri Lanka;LKA;1983;0;0;0;12.172
Sri Lanka;LKA;1984;0;0;0;20.922
Sri Lanka;LKA;1985;0;0;0;23.956
Sri Lanka;LKA;1986;0;0;0;26.451
Sri Lanka;LKA;1987;0;0;0;2.177
Sri Lanka;LKA;1988;0;0;0;25.967
Sri Lanka;LKA;1989;0;0;0;28.012
Sri Lanka;LKA;1990;0;0;0;31.448
Sri Lanka;LKA;1991;0;0;0;31.166
Sri Lanka;LKA;1992;0;0;0;28.999
Sri Lanka;LKA;1993;0;0;0;3.796
Sri Lanka;LKA;1994;0;0;0;40.891
Sri Lanka;LKA;1995;0;0;0;45.141
Sri Lanka;LKA;1996;0;0;0;32.519
Sri Lanka;LKA;1997;0;0;0;344.727
Sri Lanka;LKA;1998;0;0;0;391.495
Sri Lanka;LKA;1999;0;0;0.0035;41.774.936
Sri Lanka;LKA;2000;0;0.000432;0.0034;32.042.077
Sri Lanka;LKA;2001;0;0.000903096;0.0035;31.178.436
Sri Lanka;LKA;2002;0;0.001501112;0.003605747;27.004.118
Sri Lanka;LKA;2003;0;0.002403992;0.003405747;33.187.416
Sri Lanka;LKA;2004;0.00012;0.003539072;0.002705747;29.692.228
Sri Lanka;LKA;2005;0.00228;0.004615336;0.002405747;34.595.318
Sri Lanka;LKA;2006;0.00178;0.00538678;0.002305747;4.643.377
Sri Lanka;LKA;2007;0.0011;0.00597646;0.002305747;3.956.473
Sri Lanka;LKA;2008;0.00572;0.006375132;0.003241747;4.139.193
Sri Lanka;LKA;2009;0.02301;0.006787804;0.003501447;38.911.111
Sri Lanka;LKA;2010;0.03251;0.007195476;0.053161446;56.445.594
Sri Lanka;LKA;2011;0.031626;0.008714148;0.091620445;4.583.892
Sri Lanka;LKA;2012;0.022173;0.01000782;0.14680775;33.021.636
Sri Lanka;LKA;2013;0.026389;0.01438312;0.23458175;69.292.426
Sri Lanka;LKA;2014;0.041393;0.02808402;0.27245376;45.626.483
Sri Lanka;LKA;2015;0.05731;0.04872;0.34321;597.989
Sri Lanka;LKA;2016;0.07196;0.08297;0.34487;423.154
Sri Lanka;LKA;2017;0.067;0.22461;0.36681;403.136
Sri Lanka;LKA;2018;0.0871;0.32131;0.32631;641.146
Sri Lanka;LKA;2019;0.1175;0.5004;0.3482;48.119
Sri Lanka;LKA;2020;0.0998;0.8192;0.3502;49.763
Sri Lanka;LKA;2021;0.1628;10.777;0.6534;72.266
Sri Lanka;LKA;2022;0.10468479;14.215.474;0.7385138;68.729.577
Sri Lanka;LKA;2023;0.11392202;17.016.379;0.78247297;585.944
Sri Lanka;LKA;2024;0.11423414;25.825.138;0.7846167;69.523.993
Sweden;SWE;1965;0;0;0;46.423
Sweden;SWE;1966;0;0;0;45.489
Sweden;SWE;1967;0;0;0;49.286
Sweden;SWE;1968;0;0;0;48.739
Sweden;SWE;1969;0;0;0;41.83
Sweden;SWE;1970;0.13;0;0;41.489
Sweden;SWE;1971;0.16;0;0;52.012
Sweden;SWE;1972;0.226;0;0;53.743
Sweden;SWE;1973;0.399;0;0;59.872
Sweden;SWE;1974;0.357;0;0;57.265
Sweden;SWE;1975;0.31;0;0;57.648
Sweden;SWE;1976;0.354;0;0;54.832
Sweden;SWE;1977;0.36;0;0;53.495
Sweden;SWE;1978;0.276;0;0;57.753
Sweden;SWE;1979;0.347;0;0;61.08
Sweden;SWE;1980;0.721;0;0;58.868
Sweden;SWE;1981;0.921;0;0;59.753
Sweden;SWE;1982;1.002;0;0;55.066
Sweden;SWE;1983;1.447;0;0.003;63.544
Sweden;SWE;1984;1.848;0;0.005;67.906
Sweden;SWE;1985;1.802;0;0.006;70.988
Sweden;SWE;1986;1.98;0;0.006;60.933
Sweden;SWE;1987;1.959;0;0.006;71.854
Sweden;SWE;1988;2.041;0;0.005;69.883
Sweden;SWE;1989;2.189;0;0.005;71.75
Sweden;SWE;1990;1.943;0;0.006;72.509
Sweden;SWE;1991;1.86;0;0.013;63.249
Sweden;SWE;1992;2.01;0;0.031;74.364
Sweden;SWE;1993;2.171;0.001;0.052;74.647
Sweden;SWE;1994;2.229;0.001;0.075;59.097
Sweden;SWE;1995;2.354;0.001;0.105;68.096
Sweden;SWE;1996;2.118;0.001;0.144;51.74
Sweden;SWE;1997;2.773;0.001;0.203;69.056
Sweden;SWE;1998;2.78;0.001;0.308;74.743
Sweden;SWE;1999;2.697;0.001;0.358;71.691
Sweden;SWE;2000;4.098;0.001;0.457;78.584
Sweden;SWE;2001;3.777;0.002;0.482;79.061
Sweden;SWE;2002;4.175;0.002;0.608;66.358
Sweden;SWE;2003;4.51;0.002;0.679;53.54
Sweden;SWE;2004;7.201;0.002;0.85;60.588
Sweden;SWE;2005;748.981;0.002;0.939341;7.240.339
Sweden;SWE;2006;8.359.192;0.002;0.988238;61.615.597
Sweden;SWE;2007;9.835.833;0.003;1.431.704;6.616.978
Sweden;SWE;2008;10.337.182;0.004;2.000.572;6.927.953
Sweden;SWE;2009;1.146.041;0.007;2.490.411;6.553.944
Sweden;SWE;2010;12.191.233;0.009;3.486.528;67.175.674
Sweden;SWE;2011;11.536.489;0.013;6.110.219;6.706.347
Sweden;SWE;2012;12.194;0.019;7.165.177;7.893.931
Sweden;SWE;2013;11.45;0.035;9.842.224;61.361.156
Sweden;SWE;2014;10.696;0.047;11.234.097;63.762.966
Sweden;SWE;2015;10.765;0.097;16.322.739;75.312.485
Sweden;SWE;2016;11.487.078;0.143;15.479.412;62.133.778
Sweden;SWE;2017;12.076;0.23;17.608.725;6.506.267
Sweden;SWE;2018;11.913;0.391;16.616.726;6.214.757
Sweden;SWE;2019;13.036;0.663;19.846.584;6.529.721
Sweden;SWE;2020;11.177;1.035;27.526.217;7.228.601
Sweden;SWE;2021;13.082;1.507;27.108.343;7.379.413
Sweden;SWE;2022;13.132;1.963;33.059.967;69.808
Sweden;SWE;2023;11.7;3.098;3.407.461;66.090.904
Sweden;SWE;2024;10.355.042;4.145;4.051.095;64.633.804
Switzerland;CHE;1965;0;0;0;24.097.282
Switzerland;CHE;1966;0;0;0;27.518.608
Switzerland;CHE;1967;0;0;0;29.850.212
Switzerland;CHE;1968;0;0;0;29.515.339
Switzerland;CHE;1969;0;0;0;2.824.513
Switzerland;CHE;1970;0;0;0;29.172.628
Switzerland;CHE;1971;0;0;0;29.043.726
Switzerland;CHE;1972;0;0;0;24.234.034
Switzerland;CHE;1973;0;0;0;26.586.607
Switzerland;CHE;1974;0;0;0;27.850.393
Switzerland;CHE;1975;0;0;0;3.223.579
Switzerland;CHE;1976;0;0;0;25.849.403
Switzerland;CHE;1977;0;0;0;3.488.988
Switzerland;CHE;1978;0.098;0;0;31.560.526
Switzerland;CHE;1979;0.287;0;0;2.968.438
Switzerland;CHE;1980;0.173;0;0;33.447.933
Switzerland;CHE;1981;0.436;0;0;3.512.508
Switzerland;CHE;1982;0.39;0;0;35.971.413
Switzerland;CHE;1983;0.396;0;0;3.506.285
Switzerland;CHE;1984;0.369;0;0;29.893.864
Switzerland;CHE;1985;0.365;0;0;3.205.207
Switzerland;CHE;1986;0.458;0;0;3.290.528
Switzerland;CHE;1987;0.511;0;0;34.674.698
Switzerland;CHE;1988;0.513;0;0;3.579.507
Switzerland;CHE;1989;0.529;0;0;2.977.493
Switzerland;CHE;1990;0.438;0.001;0;29.797.848
Switzerland;CHE;1991;0.436;0.002;0;32.080.162
Switzerland;CHE;1992;0.485;0.003;0;32.703.655
Switzerland;CHE;1993;0.491;0.004;0;35.781.193
Switzerland;CHE;1994;0.55;0.005;0;39.072.556
Switzerland;CHE;1995;0.574;0.006;0;35.171.566
Switzerland;CHE;1996;0.614;0.007;0.001;2.874.798
Switzerland;CHE;1997;0.658;0.007;0.002;34.046.455
Switzerland;CHE;1998;0.689;0.008;0.003;33.475.414
Switzerland;CHE;1999;0.749;0.01;0.003;40.008.263
Switzerland;CHE;2000;0.833;0.011;0.003;36.837.334
Switzerland;CHE;2001;0.876;0.013;0.004;4.132.288
Switzerland;CHE;2002;0.909;0.015;0.005;35.171.818
Switzerland;CHE;2003;0.93;0.018;0.005;3.476.713
Switzerland;CHE;2004;0.97;0.018;0.006;33.751.717
Switzerland;CHE;2005;1.016;0.021;0.008;31.229.898
Switzerland;CHE;2006;1.135;0.024;0.015;30.961.859
Switzerland;CHE;2007;1.179;0.029;0.016;35.253.403
Switzerland;CHE;2008;1.229;0.037;0.019;36.039.383
Switzerland;CHE;2009;1.229;0.054;0.023;3.572.711
Switzerland;CHE;2010;1.272;0.094;0.037;3.606.428
Switzerland;CHE;2011;1.385;0.168;0.07;32.393.364
Switzerland;CHE;2012;1.527;0.299;0.088;3.860.409
Switzerland;CHE;2013;1.607;0.5;0.09;38.464.718
Switzerland;CHE;2014;1.671;0.842;0.101;3.804.005
Switzerland;CHE;2015;1.601;1.119;0.11;3.826.185
Switzerland;CHE;2016;1.725;1.333;0.109;3.462.793
Switzerland;CHE;2017;1.838;1.683;0.133;34.095.364
Switzerland;CHE;2018;1.811;1.945;0.122;3.460.919
Switzerland;CHE;2019;1.862;2.178;0.146;3.763.397
Switzerland;CHE;2020;1.968;2.599;0.145;37.463.486
Switzerland;CHE;2021;1.993;2.842;0.145;36.569.485
Switzerland;CHE;2022;2.005;3.858;0.15;2.956.513
Switzerland;CHE;2023;2.005;4.624;0.169;36.979.874
Switzerland;CHE;2024;15.743.359;5.903;0.171;4.493.138
Taiwan;TWN;1965;0;0;0;2.586
Taiwan;TWN;1966;0;0;0;2.661
Taiwan;TWN;1967;0;0;0;2.634
Taiwan;TWN;1968;0;0;0;3.864
Taiwan;TWN;1969;0;0;0;3.052
Taiwan;TWN;1970;0;0;0;2.865
Taiwan;TWN;1971;0;0;0;3.091
Taiwan;TWN;1972;0;0;0;3.636
Taiwan;TWN;1973;0;0;0;3.399
Taiwan;TWN;1974;0;0;0;4.705
Taiwan;TWN;1975;0;0;0;5.261
Taiwan;TWN;1976;0;0;0;4.282
Taiwan;TWN;1977;0;0;0;4.023
Taiwan;TWN;1978;0;0;0;4.966
Taiwan;TWN;1979;0;0;0;4.567
Taiwan;TWN;1980;0;0;0;2.926
Taiwan;TWN;1981;0;0;0;4.791
Taiwan;TWN;1982;0.00828249;0;0;47.812.243
Taiwan;TWN;1983;0.004545145;0;0;498.775
Taiwan;TWN;1984;0.00350599;0;0;4.385.302
Taiwan;TWN;1985;0.00295588;0;0;60.011.296
Taiwan;TWN;1986;0.0045321;0;0;61.299.214
Taiwan;TWN;1987;0.0028272;0;0;5.508.951
Taiwan;TWN;1988;0.00310436;0;0;4.673.866
Taiwan;TWN;1989;0.19544211;0;0;48.634.553
Taiwan;TWN;1990;0.21162675;0;0;638.118
Taiwan;TWN;1991;0.24322306;0;0;38.536.472
Taiwan;TWN;1992;0.26162323;0;0;6.555.993
Taiwan;TWN;1993;0.23271666;0;0;4.108.831
Taiwan;TWN;1994;0.25695932;0;0;50.615.253
Taiwan;TWN;1995;0.3838249;0;0;4.839.462
Taiwan;TWN;1996;0.46987855;0;0;47.430.544
Taiwan;TWN;1997;0.5255888;0;0;52.454.824
Taiwan;TWN;1998;0.6072006;0;0;62.018.576
Taiwan;TWN;1999;0.7588638;0;0;5.051.025
Taiwan;TWN;2000;10.473.682;0.00012;0.00138286;45.599.804
Taiwan;TWN;2001;13.202.713;0.000264;0.012228773;50.902.977
Taiwan;TWN;2002;15.993.352;0.000348;0.0158796;2.778.901
Taiwan;TWN;2003;17.726.265;0.000461;0.02376162;30.345.163
Taiwan;TWN;2004;18.489.027;0.000584;0.025252812;32.098.691
Taiwan;TWN;2005;18.503.945;0.00096;0.09130043;40.713.735
Taiwan;TWN;2006;1.849.629;0.001457;0.27607474;4.088.351
Taiwan;TWN;2007;18.839.074;0.00218;0.43953452;441.755
Taiwan;TWN;2008;18.168.523;0.004473143;0.5882652;4.305.105
Taiwan;TWN;2009;17.474.192;0.009112535;0.78663546;37.482.882
Taiwan;TWN;2010;18.338.147;0.021727003;10.263.377;41.941.013
Taiwan;TWN;2011;18.345.631;0.061622538;14.926.766;39.997.265
Taiwan;TWN;2012;18.309.407;0.15986983;14.134.685;5.669.558
Taiwan;TWN;2013;18.513.165;0.32109624;16.400.076;54.228.897
Taiwan;TWN;2014;19.152.122;0.5287621;15.004.843;4.317.862
Taiwan;TWN;2015;19.410.868;0.85026795;15.252.357;4.470.146
Taiwan;TWN;2016;19.063.315;11.090.046;14.571.018;6.562.041
Taiwan;TWN;2017;18.620.857;16.674.529;17.224.586;5.446.815
Taiwan;TWN;2018;19.749.492;27.036.583;17.094.872;44.816.446
Taiwan;TWN;2019;19.947.082;4.017.031;18.922.317;5.544.796
Taiwan;TWN;2020;19.985.378;60.746.737;23.088.717;30.191.524
Taiwan;TWN;2021;20.130.382;79.701.905;2.270.784;34.746.625
Taiwan;TWN;2022;19.918.681;10.676.988;35.774.763;58.365.026
Taiwan;TWN;2023;20.088.797;129.086.895;6.238.287;39.630.222
Taiwan;TWN;2024;20.729.425;14.902.521;10.329.074;4.205.932
Thailand;THA;1965;0;0;0;0.841
Thailand;THA;1966;0;0;0;1.064
Thailand;THA;1967;0;0;0;1.368
Thailand;THA;1968;0;0;0;1.405
Thailand;THA;1969;0;0;0;1.046
Thailand;THA;1970;0;0;0;1.787
Thailand;THA;1971;0;0;0;2.048
Thailand;THA;1972;0;0;0;1.728
Thailand;THA;1973;0;0;0;1.88
Thailand;THA;1974;0;0;0;2.458
Thailand;THA;1975;0;0;0;3.399
Thailand;THA;1976;0;0;0;3.637
Thailand;THA;1977;0;0;0;3.265
Thailand;THA;1978;0;0;0;2.11
Thailand;THA;1979;0;0;0;3.263
Thailand;THA;1980;0;0;0;1.273
Thailand;THA;1981;0;0;0;2.974
Thailand;THA;1982;0;0;0;3.836
Thailand;THA;1983;0;0;0;3.66
Thailand;THA;1984;0;0;0;4.081
Thailand;THA;1985;0;0;0;3.691
Thailand;THA;1986;0;0;0;55.317
Thailand;THA;1987;0.00492;0;0;405.623
Thailand;THA;1988;0.03019;0;0;371.817
Thailand;THA;1989;0.02157;0;0;551.221
Thailand;THA;1990;0.025009;0;0;490.011
Thailand;THA;1991;0.029667;0;0;450.535
Thailand;THA;1992;0.020861;0;0;415.894
Thailand;THA;1993;0.029429;0;0;3.612.501
Thailand;THA;1994;0.05076354;0;0;4.403.602
Thailand;THA;1995;0.14274906;0;0;6.593.011
Thailand;THA;1996;0.2071208;0;0;7.215.002
Thailand;THA;1997;0.27350026;0;0;7.082
Thailand;THA;1998;0.3095111;0;0;5.088.822
Thailand;THA;1999;0.4474333;0;0;3.409.668
Thailand;THA;2000;0.5268975;0;0;5.891.444
Thailand;THA;2001;0.62108785;0;0;6.174.345
Thailand;THA;2002;0.7524022;0;0;736.694
Thailand;THA;2003;12.314.934;0;0;7.207.755
Thailand;THA;2004;18.419.179;0;0;5.896.294
Thailand;THA;2005;1.856.268;0;0;5.671.181
Thailand;THA;2006;19.878.559;0.03648;0.000131;795.005
Thailand;THA;2007;24.176.328;0.03876;0.000394;7.961.357
Thailand;THA;2008;21.383.832;0.03888;0.000482;695.069
Thailand;THA;2009;2.250.892;0.0444;0.001;6.965.736
Thailand;THA;2010;33.639.715;0.05832;0.003924;5.346.753
Thailand;THA;2011;39.772.243;0.09444;0.005;7.934.922
Thailand;THA;2012;4.695.536;0.498475;0.017179;8.431.217
Thailand;THA;2013;56.251.316;1.257.475;0.351304;5.412.084
Thailand;THA;2014;671.603;1.933.475;0.396;5.163.573
Thailand;THA;2015;73.354.855;2.378;0.328;3.760.733
Thailand;THA;2016;8.601.202;3.553;0.383;3.543.078
Thailand;THA;2017;9.292.018;4.543;1.109;4.687.186
Thailand;THA;2018;11.744.744;4.537;1.641;7.597.013
Thailand;THA;2019;12.586.425;5.146;3.67;6.309.958
Thailand;THA;2020;12.289.118;5.031;3.22;4.539.848
Thailand;THA;2021;13.405.634;4.989;3.532;4.539.992
Thailand;THA;2022;1.386.209;5.026;2.988;6.598.821
Thailand;THA;2023;14.285.206;5.141;3.741;6.588.214
Thailand;THA;2024;14.388.258;54.315.233;33.840.847;6.414.794
Trinidad and Tobago;TTO;1965;0;0;0;0
Trinidad and Tobago;TTO;1966;0;0;0;0
Trinidad and Tobago;TTO;1967;0;0;0;0
Trinidad and Tobago;TTO;1968;0;0;0;0
Trinidad and Tobago;TTO;1969;0;0;0;0
Trinidad and Tobago;TTO;1970;0;0;0;0
Trinidad and Tobago;TTO;1971;0.035;0;0;0
Trinidad and Tobago;TTO;1972;0.035;0;0;0
Trinidad and Tobago;TTO;1973;0.029;0;0;0
Trinidad and Tobago;TTO;1974;0.025;0;0;0
Trinidad and Tobago;TTO;1975;0.023;0;0;0
Trinidad and Tobago;TTO;1976;0.019;0;0;0
Trinidad and Tobago;TTO;1977;0.023;0;0;0
Trinidad and Tobago;TTO;1978;0.029;0;0;0
Trinidad and Tobago;TTO;1979;0.029;0;0;0
Trinidad and Tobago;TTO;1980;0.026;0;0;0
Trinidad and Tobago;TTO;1981;0.019;0;0;0
Trinidad and Tobago;TTO;1982;0.018;0;0;0
Trinidad and Tobago;TTO;1983;0.016;0;0;0
Trinidad and Tobago;TTO;1984;0.013;0;0;0
Trinidad and Tobago;TTO;1985;0.017;0;0;0
Trinidad and Tobago;TTO;1986;0.026;0;0;0
Trinidad and Tobago;TTO;1987;0.031;0;0;0
Trinidad and Tobago;TTO;1988;0.027;0;0;0
Trinidad and Tobago;TTO;1989;0.026;0;0;0
Trinidad and Tobago;TTO;1990;0.031;0;0;0
Trinidad and Tobago;TTO;1991;0.025;0;0;0
Trinidad and Tobago;TTO;1992;0.03;0;0;0
Trinidad and Tobago;TTO;1993;0.028;0;0;0
Trinidad and Tobago;TTO;1994;0.032;0;0;0
Trinidad and Tobago;TTO;1995;0.033;0;0;0
Trinidad and Tobago;TTO;1996;0.017;0;0;0
Trinidad and Tobago;TTO;1997;0.018;0;0;0
Trinidad and Tobago;TTO;1998;0.018;0;0;0
Trinidad and Tobago;TTO;1999;0.018;0;0;0
Trinidad and Tobago;TTO;2000;0.02;0.000531;0;0
Trinidad and Tobago;TTO;2001;0.029;0.001039;0;0
Trinidad and Tobago;TTO;2002;0.026;0.001369;0;0
Trinidad and Tobago;TTO;2003;0.012;0.001902;0;0
Trinidad and Tobago;TTO;2004;0.023;0.002579;0;0
Trinidad and Tobago;TTO;2005;0.022;0.002743;0;0
Trinidad and Tobago;TTO;2006;0.026;0.00309;0;0
Trinidad and Tobago;TTO;2007;0.019;0.003285;0;0
Trinidad and Tobago;TTO;2008;0.02;0.003534;0;0
Trinidad and Tobago;TTO;2009;0.019;0.003939;0;0
Trinidad and Tobago;TTO;2010;0;0.004408;0;0
Trinidad and Tobago;TTO;2011;0;0.004408;0;0
Trinidad and Tobago;TTO;2012;0;0.006228;0;0
Trinidad and Tobago;TTO;2013;0;0.006228;0;0
Trinidad and Tobago;TTO;2014;0;0.006228;0;0
Trinidad and Tobago;TTO;2015;0;0.006228;0.000027;0
Trinidad and Tobago;TTO;2016;0;0.006228;0.000027;0
Trinidad and Tobago;TTO;2017;0;0.006228;0.000027;0
Trinidad and Tobago;TTO;2018;0;0.006228;0.000027;0
Trinidad and Tobago;TTO;2019;0;0.006228;0.000027;0
Trinidad and Tobago;TTO;2020;0;0.006228;0.000027;0
Trinidad and Tobago;TTO;2021;0;0.006228;0.000027;0
Trinidad and Tobago;TTO;2022;0;0.006228;0.000027;0
Trinidad and Tobago;TTO;2023;0;0.006235594;0.000027;0
Trinidad and Tobago;TTO;2024;0;0.007041495;2,71E-01;0
Turkey;TUR;1965;0.1;0;0;2.179
Turkey;TUR;1966;0.122;0;0;23.381
Turkey;TUR;1967;0.173;0;0;23.818
Turkey;TUR;1968;0.179;0;0;31.748
Turkey;TUR;1969;0.178;0;0;34.449
Turkey;TUR;1970;0.166;0;0;30.328
Turkey;TUR;1971;0.162;0;0;26.102
Turkey;TUR;1972;0.175;0;0;32.042
Turkey;TUR;1973;0.197;0;0;26.034
Turkey;TUR;1974;0.207;0;0;33.558
Turkey;TUR;1975;0.22;0;0;59.036
Turkey;TUR;1976;0.161;0;0;83.748
Turkey;TUR;1977;0.218;0;0;85.723
Turkey;TUR;1978;0.137;0;0;93.348
Turkey;TUR;1979;0.145;0;0;102.889
Turkey;TUR;1980;0.136;0;0;113.482
Turkey;TUR;1981;0.11;0;0;126.161
Turkey;TUR;1982;0;0;0;141.667
Turkey;TUR;1983;0;0;0;113.427
Turkey;TUR;1984;0.0221;0;0;134.263
Turkey;TUR;1985;0.006;0;0;120.449
Turkey;TUR;1986;0.0436;0;0;118.726
Turkey;TUR;1987;0.0579;0;0;186.178
Turkey;TUR;1988;0.0684;0;0;289.496
Turkey;TUR;1989;0.0626;0;0;179.396
Turkey;TUR;1990;0.0801;0;0;231.476
Turkey;TUR;1991;0.1197;0;0;226.833
Turkey;TUR;1992;0.1167;0;0;26.568
Turkey;TUR;1993;0.134;0;0;339.509
Turkey;TUR;1994;0.13;0;0;305.859
Turkey;TUR;1995;0.3083;0;0;355.409
Turkey;TUR;1996;0.2591;0;0;404.752
Turkey;TUR;1997;0.3768;0;0;398.161
Turkey;TUR;1998;0.326;0;0.0055;42.229
Turkey;TUR;1999;0.2139;0;0.0205;346.775
Turkey;TUR;2000;0.2415;0;0.0334;308.785
Turkey;TUR;2001;0.2736;0;0.0624;240.099
Turkey;TUR;2002;0.2346;0;0.048;336.838
Turkey;TUR;2003;0.1676;0;0.0614;353.295
Turkey;TUR;2004;0.1692;0;0.0577;460.837
Turkey;TUR;2005;0.1284;0;0.059;395.605
Turkey;TUR;2006;0.14785;0;0.1305;442.442
Turkey;TUR;2007;0.254942;0;0.3511;358.508
Turkey;TUR;2008;0.304695;0;0.8465;332.698
Turkey;TUR;2009;0.687389;0;149.537;359.584
Turkey;TUR;2010;1.001.144;0.0024;291.643;5.179.546
Turkey;TUR;2011;1.037.141;0.002861538;47.239;5.233.856
Turkey;TUR;2012;1.491.272;0.004257787;586.075;5.786.501
Turkey;TUR;2013;2.242.158;0.006784616;755.745;5.942.051
Turkey;TUR;2014;3.446.564;0.0174;852.005;406.447
Turkey;TUR;2015;4.665.543;0.19412;1.165.247;6.714.584
Turkey;TUR;2016;645.323;10.431;155.171;672.309
Turkey;TUR;2017;82.515;28.893;179.038;582.185
Turkey;TUR;2018;10.080.515;77.998;199.492;599.385
Turkey;TUR;2019;12.474.454;9.249.828;21.730.713;8.882.278
Turkey;TUR;2020;14.487.611;1.095.018;24.828.222;7.809.437
Turkey;TUR;2021;17.261.044;13.942.861;3.143.675;5.592.681
Turkey;TUR;2022;1.920.701;16.887.571;3.494.545;668.025
Turkey;TUR;2023;19.957.554;2.209.056;3.410.905;6.400.245
Turkey;TUR;2024;20.330.189;30.374.754;3.662.889;74.881.584
Turkmenistan;TKM;1985;0;0;0;0.003
Turkmenistan;TKM;1986;0;0;0;0.003
Turkmenistan;TKM;1987;0;0;0;0.003
Turkmenistan;TKM;1988;0;0;0;0.003
Turkmenistan;TKM;1989;0;0;0;0.003
Turkmenistan;TKM;1990;0;0;0;0.003
Turkmenistan;TKM;1991;0;0;0;0.003
Turkmenistan;TKM;1992;0;0;0;0.0042
Turkmenistan;TKM;1993;0;0;0;0.005
Turkmenistan;TKM;1994;0;0;0;0.004
Turkmenistan;TKM;1995;0;0;0;0.004
Turkmenistan;TKM;1996;0;0;0;0.005
Turkmenistan;TKM;1997;0;0;0;0.005
Turkmenistan;TKM;1998;0;0;0;0.006
Turkmenistan;TKM;1999;0;0;0;0.005
Turkmenistan;TKM;2000;0;0;0;0.003154
Turkmenistan;TKM;2001;0;0;0;0.003154
Turkmenistan;TKM;2002;0;0;0;0.003154
Turkmenistan;TKM;2003;0;0;0;0.003154
Turkmenistan;TKM;2004;0;0;0;0.003154
Turkmenistan;TKM;2005;0;0;0;0.003154
Turkmenistan;TKM;2006;0;0;0;0.003154
Turkmenistan;TKM;2007;0;0;0;0.003154
Turkmenistan;TKM;2008;0;0;0;0.003154
Turkmenistan;TKM;2009;0;0;0;0.003154
Turkmenistan;TKM;2010;0;0.0001595;0;0.003154
Turkmenistan;TKM;2011;0;0.00045675;0;0.003154
Turkmenistan;TKM;2012;0;0.000981432;0;0.003154
Turkmenistan;TKM;2013;0;0.00184875;0;0.003154
Turkmenistan;TKM;2014;0;0.0031175;0;0.003154
Turkmenistan;TKM;2015;0;0.00522;0;0.003154
Turkmenistan;TKM;2016;0;0.006979068;0;0.003154
Turkmenistan;TKM;2017;0;0.00696;0;0.003154
Turkmenistan;TKM;2018;0;0.00696;0;0.003154
Turkmenistan;TKM;2019;0;0.00696;0;0.003154
Turkmenistan;TKM;2020;0;0.006979068;0;0.003162641
Turkmenistan;TKM;2021;0;0.00696;0;0.00315
Turkmenistan;TKM;2022;0;0.00696;0;0.00315
Turkmenistan;TKM;2023;0;0.00696;0;0.00315
Turkmenistan;TKM;2024;0;0.006979068;0;0.00315863
USSR;OWID_USS;1965;0;0;0;81.434
USSR;OWID_USS;1966;0;0;0;91.823
USSR;OWID_USS;1967;0;0;0;88.571
USSR;OWID_USS;1968;0;0;0;104.04
USSR;OWID_USS;1969;0;0;0;115.181
USSR;OWID_USS;1970;0;0;0;124.377
USSR;OWID_USS;1971;0;0;0;126.099
USSR;OWID_USS;1972;0;0;0;122.899
USSR;OWID_USS;1973;0;0;0;122.345
USSR;OWID_USS;1974;0;0;0;132.03
USSR;OWID_USS;1975;0;0;0;125.987
USSR;OWID_USS;1976;0;0;0;135.735
USSR;OWID_USS;1977;0;0;0;147.014
USSR;OWID_USS;1978;0;0;0;169.701
USSR;OWID_USS;1979;0;0;0;172.023
USSR;OWID_USS;1980;0;0;0;183.938
USSR;OWID_USS;1981;0;0;0;186.744
USSR;OWID_USS;1982;0;0;0;174.677
USSR;OWID_USS;1983;0;0;0;180.362
USSR;OWID_USS;1984;0;0;0;202.988
Ukraine;UKR;1985;0;0;0;107.126.255
Ukraine;UKR;1986;0;0;0;10.655.173
Ukraine;UKR;1987;0;0;0;9.594.518
Ukraine;UKR;1988;0;0;0;1.193.238
Ukraine;UKR;1989;0;0;0;10.129.265
Ukraine;UKR;1990;0;0;0;10.514
Ukraine;UKR;1991;0;0;0;11.71
Ukraine;UKR;1992;0;0;0;7.883
Ukraine;UKR;1993;0;0;0;11.039
Ukraine;UKR;1994;0;0;0;12.118
Ukraine;UKR;1995;0;0;0;9.953
Ukraine;UKR;1996;0;0;0;8.632
Ukraine;UKR;1997;0;0;0;9.856
Ukraine;UKR;1998;0;0;0.003;15.739
Ukraine;UKR;1999;0;0;0.003;14.324
Ukraine;UKR;2000;0;0;0.006;11.274
Ukraine;UKR;2001;0;0;0.016;12.032
Ukraine;UKR;2002;0;0;0.022;9.627
Ukraine;UKR;2003;0;0;0.031;9.238
Ukraine;UKR;2004;0;0;0.033;11.753
Ukraine;UKR;2005;0;0;0.038;12.363
Ukraine;UKR;2006;0;0;0.035;12.886
Ukraine;UKR;2007;0.281;0;0.045;10.143
Ukraine;UKR;2008;0.264;0;0.045;11.512
Ukraine;UKR;2009;0.139;0;0.043;11.936
Ukraine;UKR;2010;0.188;0;0.05;13.152
Ukraine;UKR;2011;0.134;0.0301;0.0895;1.094.383
Ukraine;UKR;2012;0.134;0.3333;0.2882;1.047.863
Ukraine;UKR;2013;0.101;0.57;0.6386;1.380.481
Ukraine;UKR;2014;0.13;0.429;11.302;847.827
Ukraine;UKR;2015;0.145;0.4765;10.844;539.632
Ukraine;UKR;2016;0.136;0.4908;0.9538;76.758
Ukraine;UKR;2017;0.2099;0.7217;0.9834;894.761
Ukraine;UKR;2018;0.3005;11.075;11.884;104.277
Ukraine;UKR;2019;0.4069;29.328;20.202;65.083
Ukraine;UKR;2020;0.7554;53.692;32.643;7.563.803
Ukraine;UKR;2021;0.91288;650.427;38.227;104.437
Ukraine;UKR;2022;0.7761;50.756;14.177;11.023
Ukraine;UKR;2023;1.046.505;5.708.212;0.943441;12.727.588
Ukraine;UKR;2024;0.75504;605.484;0.2541;12.762.458
United Arab Emirates;ARE;1965;0;0;0;0
United Arab Emirates;ARE;1966;0;0;0;0
United Arab Emirates;ARE;1967;0;0;0;0
United Arab Emirates;ARE;1968;0;0;0;0
United Arab Emirates;ARE;1969;0;0;0;0
United Arab Emirates;ARE;1970;0;0;0;0
United Arab Emirates;ARE;1971;0;0;0;0
United Arab Emirates;ARE;1972;0;0;0;0
United Arab Emirates;ARE;1973;0;0;0;0
United Arab Emirates;ARE;1974;0;0;0;0
United Arab Emirates;ARE;1975;0;0;0;0
United Arab Emirates;ARE;1976;0;0;0;0
United Arab Emirates;ARE;1977;0;0;0;0
United Arab Emirates;ARE;1978;0;0;0;0
United Arab Emirates;ARE;1979;0;0;0;0
United Arab Emirates;ARE;1980;0;0;0;0
United Arab Emirates;ARE;1981;0;0;0;0
United Arab Emirates;ARE;1982;0;0;0;0
United Arab Emirates;ARE;1983;0;0;0;0
United Arab Emirates;ARE;1984;0;0;0;0
United Arab Emirates;ARE;1985;0;0;0;0
United Arab Emirates;ARE;1986;0;0;0;0
United Arab Emirates;ARE;1987;0;0;0;0
United Arab Emirates;ARE;1988;0;0;0;0
United Arab Emirates;ARE;1989;0;0;0;0
United Arab Emirates;ARE;1990;0;0;0;0
United Arab Emirates;ARE;1991;0;0;0;0
United Arab Emirates;ARE;1992;0;0;0;0
United Arab Emirates;ARE;1993;0;0;0;0
United Arab Emirates;ARE;1994;0;0;0;0
United Arab Emirates;ARE;1995;0;0;0;0
United Arab Emirates;ARE;1996;0;0;0;0
United Arab Emirates;ARE;1997;0;0;0;0
United Arab Emirates;ARE;1998;0;0;0;0
United Arab Emirates;ARE;1999;0;0;0;0
United Arab Emirates;ARE;2000;0;0;0;0
United Arab Emirates;ARE;2001;0;0;0;0
United Arab Emirates;ARE;2002;0;0;0;0
United Arab Emirates;ARE;2003;0;0;0;0
United Arab Emirates;ARE;2004;0;0;0;0
United Arab Emirates;ARE;2005;0;0;0;0
United Arab Emirates;ARE;2006;0;0;0;0
United Arab Emirates;ARE;2007;0;0;0;0
United Arab Emirates;ARE;2008;0;0;0;0
United Arab Emirates;ARE;2009;0;0.006354;0;0
United Arab Emirates;ARE;2010;0;0.018424;0;0
United Arab Emirates;ARE;2011;0;0.020696;0;0
United Arab Emirates;ARE;2012;0;0.024242;0;0
United Arab Emirates;ARE;2013;0;0.085423;0.001489;0
United Arab Emirates;ARE;2014;0;0.308431;0.002978;0
United Arab Emirates;ARE;2015;0;0.2991;0.001489;0
United Arab Emirates;ARE;2016;0;0.316;0;0
United Arab Emirates;ARE;2017;0;0.7451;0;0
United Arab Emirates;ARE;2018;0;11.981;0;0
United Arab Emirates;ARE;2019;0;36.558;0;0
United Arab Emirates;ARE;2020;0.0009;5.184.466;0;0
United Arab Emirates;ARE;2021;0.0003974;62.523.384;0.000045;0
United Arab Emirates;ARE;2022;0.0124;77.433.567;0.000045;0
United Arab Emirates;ARE;2023;0.2102731;1.440.392;0.0600018;0
United Arab Emirates;ARE;2024;0.2108492;15.209.229;0.19961853;0
United Kingdom;GBR;1965;0;0;0;4.612
United Kingdom;GBR;1966;0;0;0;4.536
United Kingdom;GBR;1967;0;0;0;4.885
United Kingdom;GBR;1968;0;0;0;3.722
United Kingdom;GBR;1969;0;0;0;3.256
United Kingdom;GBR;1970;0;0;0;4.536
United Kingdom;GBR;1971;0;0;0;3.373
United Kingdom;GBR;1972;0;0;0;3.373
United Kingdom;GBR;1973;0;0;0;3.838
United Kingdom;GBR;1974;0;0;0;4.071
United Kingdom;GBR;1975;0;0;0;3.838
United Kingdom;GBR;1976;0;0;0;4.536
United Kingdom;GBR;1977;0;0;0;3.954
United Kingdom;GBR;1978;0;0;0;4.071
United Kingdom;GBR;1979;0;0;0;4.303
United Kingdom;GBR;1980;0;0;0;3.954
United Kingdom;GBR;1981;0;0;0;4.419
United Kingdom;GBR;1982;0;0;0;4.536
United Kingdom;GBR;1983;0;0;0;4.536
United Kingdom;GBR;1984;0;0.001010101;0;4.536
United Kingdom;GBR;1985;0;0.001010101;0;39.542
United Kingdom;GBR;1986;0;0.001010101;0;47.683
United Kingdom;GBR;1987;0;0;0;41.868
United Kingdom;GBR;1988;0;0.001010101;0;48.846
United Kingdom;GBR;1989;0;0;0.009;47.683
United Kingdom;GBR;1990;0.5958;0;0.009;51.172
United Kingdom;GBR;1991;0.6879;0;0.009;45.357
United Kingdom;GBR;1992;0.9342;0;0.033;53.498
United Kingdom;GBR;1993;1.198;0;0.217;43.031
United Kingdom;GBR;1994;15.185;0;0.344;51.172
United Kingdom;GBR;1995;16.416;0;0.392;4.652
United Kingdom;GBR;1996;18.046;0;0.488;339.596
United Kingdom;GBR;1997;21.098;0;0.667;439.614
United Kingdom;GBR;1998;26.542;0;0.877;51.176.143
United Kingdom;GBR;1999;34.291;0.001;0.85;5.335.597
United Kingdom;GBR;2000;38.818;0.001;0.946;50.857.453
United Kingdom;GBR;2001;4.526;0.002;0.965;4.054.648
United Kingdom;GBR;2002;50.801;0.003;1.259;47.874.846
United Kingdom;GBR;2003;61.737;0.003;1.288;32.277.005
United Kingdom;GBR;2004;73.639;0.004;1.939;48.444.605
United Kingdom;GBR;2005;91.023;0.008;2.912;49.229
United Kingdom;GBR;2006;92.769;0.011;4.236;45.934.067
United Kingdom;GBR;2007;9.324.501;0.014;52.738.175;50.773.044
United Kingdom;GBR;2008;9.649.278;0.017;7.097.248;5.141.186
United Kingdom;GBR;2009;10.714.948;0.020000206;9.280.972;52.278.924
United Kingdom;GBR;2010;12.262.968;0.0402771;10.285.645;35.913.758
United Kingdom;GBR;2011;13.313.794;0.24366343;15.962.969;569.175
United Kingdom;GBR;2012;14.737.997;13.537.636;1.984.712;5.309.068
United Kingdom;GBR;2013;1.810.489;2.010.262;28.397.152;4.701.509
United Kingdom;GBR;2014;22.621.246;40.540.624;31.959.244;5.887.849
United Kingdom;GBR;2015;29.258.976;7.532.864;4.027.472;62.972.684
United Kingdom;GBR;2016;30.065.535;10.407.928;37.159.424;53.705.845
United Kingdom;GBR;2017;3.189.828;1.145.724;4.964.115;58.818
United Kingdom;GBR;2018;351.109;126.684;5.690.761;54.433
United Kingdom;GBR;2019;375.402;1.241.805;6.383.489;59.329
United Kingdom;GBR;2020;385.764;125.469;756.231;68.782
United Kingdom;GBR;2021;400.065;121.285;649.239;54.184
United Kingdom;GBR;2022;35.852;133.389;805.425;56.608
United Kingdom;GBR;2023;34.098;138.844;823.087;55.376
United Kingdom;GBR;2024;400.944;147.895;840.578;57.642
United States;USA;1965;13.332.232;0;0;19.897.409
United States;USA;1966;14.062.007;0;0;1.999.369
United States;USA;1967;14.073.571;0;0;22.722.081
United States;USA;1968;15.546.045;0;0;22.815.471
United States;USA;1969;1.622.706;0;0;25.602.853
United States;USA;1970;16.235.903;0;0;25.349.237
United States;USA;1971;16.584.414;0;0;272.254
United States;USA;1972;1.867.298;0;0;27.871.597
United States;USA;1973;19.989.693;0;0;2.782.127
United States;USA;1974;20.404.264;0;0;30.728.464
United States;USA;1975;19.754.301;0;0;3.062.148
United States;USA;1976;22.564.754;0;0;28.982.245
United States;USA;1977;23.536.121;0;0;22.585.725
United States;USA;1978;24.678.787;0;0;28.632.852
United States;USA;1979;25.756.037;0;0;28.593.533
United States;USA;1980;26.656.116;0;0;2.820.021
United States;USA;1981;27.377.604;0;0;26.650.977
United States;USA;1982;26.405.048;0;0;3.155.293
United States;USA;1983;298.046;0.003;0.00269495;33.867.764
United States;USA;1984;35.595.325;0.00530101;0.006555555;32.758.725
United States;USA;1985;36.392.895;0.010737374;0.005820202;28.718.237
United States;USA;1986;3.870.167;0.014173738;0.004231313;29.697.498
United States;USA;1987;42.665.432;0.01060303;0.003576768;2.554.102
United States;USA;1988;42.394.062;0.009185859;0.000879798;22.838.464
United States;USA;1989;48.854.267;0.2531323;21.333.768;27.472.418
United States;USA;1990;57.459.316;0.37079495;28.167.677;2.922.809
United States;USA;1991;6.055.176;0.4782529;29.807.587;28.732.602
United States;USA;1992;64.815.414;0.40884447;29.166.899;25.142.567
United States;USA;1993;6.692.472;0.47516188;30.361.888;27.925.095
United States;USA;1994;6.635.486;0.5018728;34.819.283;2.593.413
United States;USA;1995;6.326.508;0.5144716;31.962.152;31.121.982
United States;USA;1996;6.482.596;0.54134125;32.667.363;34.754.947
United States;USA;1997;6.582.008;0.5326957;33.212.476;3.559.731
United States;USA;1998;6.561.713;0.52465934;30.562.587;32.208.926
United States;USA;1999;6.647.772;0.5183421;45.333.314;3.166.052
United States;USA;2000;66.582.825;0.51851267;5.649.759;27.276.135
United States;USA;2001;6.683.044;0.5743511;68.053.846;210.24
United States;USA;2002;7.178.936;0.6015976;10.458.869;25.816.757
United States;USA;2003;7.133.214;0.6106543;1.130.047;26.997.098
United States;USA;2004;7.194.537;0.69813246;14.286.607;26.255.466
United States;USA;2005;7.259.806;0.74890065;17.990.454;26.642.773
United States;USA;2006;7.308.227;0.82443213;26.857.714;285.544
United States;USA;2007;7.386.955;10.954.105;34.797.905;24.304.407
United States;USA;2008;73.551.476;16.330.626;55.922.325;25.105.386
United States;USA;2009;7.315.986;20.759.604;74.632.454;27.153.308
United States;USA;2010;75.061.844;30.130.365;9.560.833;2.572.747
United States;USA;2011;7.577.516;4.738.904;1.213.905;31.609.534
United States;USA;2012;770.361;9.037.014;14.224.414;27.403.003
United States;USA;2013;80.665.535;16.039.696;1.695.351;26.654.984
United States;USA;2014;8.407.023;29.216.162;18.349.019;25.575.058
United States;USA;2015;8.373.627;3.942.626;192.645;24.645.312
United States;USA;2016;82.722.565;554.202;22.928.542;26.376.367
United States;USA;2017;8.280.032;7.805.758;2.568.714;29.680.646
United States;USA;2018;818.932;9.430.808;27.542.166;2.895.146
United States;USA;2019;7.682.054;10.797.374;2.988.712;28.546.765
United States;USA;2020;7.431.679;13.204.141;34.135.156;2.827.805
United States;USA;2021;7.392.234;16.608.282;38.201.694;24.896.278
United States;USA;2022;715.112;20.714.546;4.386.842;25.127.354
United States;USA;2023;6.691.333;24.135.051;4.253.953;24.142.657
United States;USA;2024;65.696.686;30.622.928;4.580.345;23.871.255
Upper-middle-income countries;;1965;0.1;0;0;15.458.014
Upper-middle-income countries;;1966;0.122;0;0;17.081.648
Upper-middle-income countries;;1967;0.173;0;0;16.860.893
Upper-middle-income countries;;1968;0.179;0;0;19.449.748
Upper-middle-income countries;;1969;0.178;0;0;21.034.807
Upper-middle-income countries;;1970;0.7369333;0;0;2.323.386
Upper-middle-income countries;;1971;1.081.386;0;0;24.142.075
Upper-middle-income countries;;1972;11.945.976;0;0;25.392.809
Upper-middle-income countries;;1973;13.987.706;0;0;2.677.421
Upper-middle-income countries;;1974;1.782.155;0;0;29.713.998
Upper-middle-income countries;;1975;2.124.168;0;0;3.044.733
Upper-middle-income countries;;1976;21.123.004;0;0;3.328.948
Upper-middle-income countries;;1977;24.248.486;0;0;36.189.856
Upper-middle-income countries;;1978;25.519.168;0;0;39.360.574
Upper-middle-income countries;;1979;34.140.034;0;0;42.464.136
Upper-middle-income countries;;1980;3.267.526;0;0;4.628.521
Upper-middle-income countries;;1981;3.322.641;0;0;4.875.921
Upper-middle-income countries;;1982;3.971.448;0;0;5.004.567
Upper-middle-income countries;;1983;48.714.304;0;0;5.271.747
Upper-middle-income countries;;1984;48.097.672;0;0;57.989.056
Upper-middle-income countries;;1985;5.270.132;0;0;42.090.128
Upper-middle-income countries;;1986;7.175.523;0;0;4.316.263
Upper-middle-income countries;;1987;8.556.504;0;0;45.726.917
Upper-middle-income countries;;1988;8.604.335;0;0;4.965.942
Upper-middle-income countries;;1989;8.687.334;0;0;50.403.558
Upper-middle-income countries;;1990;10.822.614;0.003;0.003020202;52.737.573
Upper-middle-income countries;;1991;1.162.996;0.004;0.010090909;5.404.121
Upper-middle-income countries;;1992;13.234.171;0.006;0.13231313;561.62
Upper-middle-income countries;;1993;13.450.092;0.008;0.21312122;6.204.191
Upper-middle-income countries;;1994;14.513.427;0.01;0.38883838;64.803.094
Upper-middle-income countries;;1995;18.423.779;0.012;0.6231617;6.935.998
Upper-middle-income countries;;1996;18.195.375;0.015;0.11195739;71.314.233
Upper-middle-income countries;;1997;20.324.636;0.017;0.2291718;7.283.775
Upper-middle-income countries;;1998;21.141.724;0.021017;0.41709656;75.302.856
Upper-middle-income countries;;1999;22.613.068;0.024026;0.58661836;7.487.321
Upper-middle-income countries;;2000;24.480.236;0.040171012;0.721357;7.894.042
Upper-middle-income countries;;2001;26.772.383;0.05251175;0.9347529;8.066.722
Upper-middle-income countries;;2002;2.818.919;0.07309825;10.942.787;8.462.065
Upper-middle-income countries;;2003;31.522.667;0.09237;12.821.237;8.592.715
Upper-middle-income countries;;2004;33.430.622;0.10852172;16.344.239;97.351.544
Upper-middle-income countries;;2005;3.859.042;0.11962464;23.612.604;10.455.206
Upper-middle-income countries;;2006;41.366.806;0.16028488;44.315.705;11.233.636
Upper-middle-income countries;;2007;49.586.945;0.18208706;7.054.135;11.821.005
Upper-middle-income countries;;2008;57.261.604;0.23205039;15.747.804;13.337.211
Upper-middle-income countries;;2009;68.459;0.37418398;31.350.634;13.187.645
Upper-middle-income countries;;2010;83.949.554;0.83337134;5.606.234;14.543.765
Upper-middle-income countries;;2011;8.873.703;2.884.572;8.360.173;1.469.359
Upper-middle-income countries;;2012;95.283.005;4.701.848;118.715.935;16.304.484
Upper-middle-income countries;;2013;10.940.245;11.017.924;15.849.849;16.592.904
Upper-middle-income countries;;2014;12.824.507;2.781.685;19.094.427;1776.27
Upper-middle-income countries;;2015;14.098.517;46.308.643;23.398.746;18.272.146
Upper-middle-income countries;;2016;15.353.764;7.634.487;30.829.556;18.959.409
Upper-middle-income countries;;2017;17.749.377;13.386.057;3.873.747;19.270.176
Upper-middle-income countries;;2018;21.066.325;2.047.976;46.055.258;19.787.825
Upper-middle-income countries;;2019;23.291.264;2.683.784;5.212.219;2.096.647
Upper-middle-income countries;;2020;26.414.896;3.225.262;5.953.443;21.235.605
Upper-middle-income countries;;2021;2.979.252;4.055.276;8.151.936;2061.25
Upper-middle-income countries;;2022;3.232.352;5.223.544;9.343.102;2.147.531
Upper-middle-income countries;;2023;345.008;71.124.805;10.758.953;20.700.754
Upper-middle-income countries;;2024;36.085.593;10.025.585;12.041.744;21.948.037
Uzbekistan;UZB;1985;0;0;0;54.314.427
Uzbekistan;UZB;1986;0;0;0;4.618.273
Uzbekistan;UZB;1987;0;0;0;67.705.207
Uzbekistan;UZB;1988;0;0;0;71.638.474
Uzbekistan;UZB;1989;0;0;0;5.502.153
Uzbekistan;UZB;1990;0;0;0;6.648
Uzbekistan;UZB;1991;0;0;0;6.031
Uzbekistan;UZB;1992;0;0;0;6.281
Uzbekistan;UZB;1993;0;0;0;7.358
Uzbekistan;UZB;1994;0;0;0;7.156
Uzbekistan;UZB;1995;0;0;0;6.188
Uzbekistan;UZB;1996;0;0;0;6.525
Uzbekistan;UZB;1997;0;0;0;5.777
Uzbekistan;UZB;1998;0;0;0;5.758
Uzbekistan;UZB;1999;0;0;0;5.692
Uzbekistan;UZB;2000;0;0;0;5.879
Uzbekistan;UZB;2001;0;0;0;6.017
Uzbekistan;UZB;2002;0;0;0;6.186
Uzbekistan;UZB;2003;0;0;0;71.548.724
Uzbekistan;UZB;2004;0;0;0;64.934.173
Uzbekistan;UZB;2005;0;0;0;6.875.604
Uzbekistan;UZB;2006;0;0;0;58.497.224
Uzbekistan;UZB;2007;0;0;0;64.571
Uzbekistan;UZB;2008;0;0;0;43.859
Uzbekistan;UZB;2009;0;0;0;64.833
Uzbekistan;UZB;2010;0;0;0;81.921
Uzbekistan;UZB;2011;0;0;0;57.213
Uzbekistan;UZB;2012;0;0;0;63.549.814
Uzbekistan;UZB;2013;0;0;0;6.27
Uzbekistan;UZB;2014;0;0;0;6.185.008
Uzbekistan;UZB;2015;0;0;0;6.020.495
Uzbekistan;UZB;2016;0;0.004643;0;6.859.814
Uzbekistan;UZB;2017;0;0.00629;0;7.929.553
Uzbekistan;UZB;2018;0;0.006827;0;58.973
Uzbekistan;UZB;2019;0;0.006827;0.0155;6.462.083
Uzbekistan;UZB;2020;0;0.006845704;0;4.999.217
Uzbekistan;UZB;2021;0;0.049021;0.0012;501.016
Uzbekistan;UZB;2022;0;0.4358;0;5.313
Uzbekistan;UZB;2023;0;0.6224;0.0072;69.972
Uzbekistan;UZB;2024;0;43.111.796;0.51873255;8.2
Venezuela;VEN;1965;0;0;0;1.369
Venezuela;VEN;1966;0;0;0;1.395
Venezuela;VEN;1967;0;0;0;1.636
Venezuela;VEN;1968;0;0;0;2.748
Venezuela;VEN;1969;0;0;0;3.19
Venezuela;VEN;1970;0;0;0;4.104
Venezuela;VEN;1971;0;0;0;5.39
Venezuela;VEN;1972;0;0;0;6.02
Venezuela;VEN;1973;0;0;0;6.225
Venezuela;VEN;1974;0;0;0;7.707
Venezuela;VEN;1975;0;0;0;8.931
Venezuela;VEN;1976;0;0;0;10.578
Venezuela;VEN;1977;0;0;0;12.163
Venezuela;VEN;1978;0;0;0;12.232
Venezuela;VEN;1979;0;0;0;14.24
Venezuela;VEN;1980;0;0;0;14.587
Venezuela;VEN;1981;0;0;0;15.088
Venezuela;VEN;1982;0;0;0;15.814
Venezuela;VEN;1983;0;0;0;18.063
Venezuela;VEN;1984;0;0;0;20.243
Venezuela;VEN;1985;0;0;0;22.648
Venezuela;VEN;1986;0;0;0;25.159
Venezuela;VEN;1987;0;0;0;30.843
Venezuela;VEN;1988;0;0;0;34.203
Venezuela;VEN;1989;0;0;0;34.666
Venezuela;VEN;1990;0;0;0;36.983
Venezuela;VEN;1991;0;0;0;44.542
Venezuela;VEN;1992;0;0;0;47.271
Venezuela;VEN;1993;0;0;0;47.478
Venezuela;VEN;1994;0;0;0;51.284
Venezuela;VEN;1995;0;0;0;51.45
Venezuela;VEN;1996;0;0;0;53.847
Venezuela;VEN;1997;0;0;0;57.268
Venezuela;VEN;1998;0;0;0;57.923
Venezuela;VEN;1999;0;0;0;60.6
Venezuela;VEN;2000;0;0;0;62.886
Venezuela;VEN;2001;0;0;0;60.441
Venezuela;VEN;2002;0;0;0;59.534
Venezuela;VEN;2003;0;0;0;60.532
Venezuela;VEN;2004;0;0;0;70.075
Venezuela;VEN;2005;0;0;0;7.708.849
Venezuela;VEN;2006;0;0;0;8.141.334
Venezuela;VEN;2007;0;0;0;8.303.442
Venezuela;VEN;2008;0;0;0;867.129
Venezuela;VEN;2009;0;0;0;8.583.926
Venezuela;VEN;2010;0;0.00246;0;7.665.978
Venezuela;VEN;2011;0;0.00298;0;8.315.471
Venezuela;VEN;2012;0;0.00522;0;8.173.554
Venezuela;VEN;2013;0;0.00536;0.08827;8.149.598
Venezuela;VEN;2014;0.0734;0.0055985;0.1097215;8.036.382
Venezuela;VEN;2015;0.05858;0.005666;0.074664;747.356
Venezuela;VEN;2016;0.01109;0.005684;0.097986;6.295.822
Venezuela;VEN;2017;0.01634;0.004901;0.095649;7.003.548
Venezuela;VEN;2018;0.0409;0.000351;0.000429;6.528.189
Venezuela;VEN;2019;0;0.001311;0.060359;627.894
Venezuela;VEN;2020;0.000516835;0.001311;0.019880213;6.719.002
Venezuela;VEN;2021;0.000620202;0.0011385;0.019144934;6.784.536
Venezuela;VEN;2022;0;0.0011385;0.0162215;6.851.177
Venezuela;VEN;2023;0;0.001207064;0.017198404;7.263.774
Venezuela;VEN;2024;0;0.001712232;0.017245522;7.283.675
Vietnam;VNM;1965;0;0;0;0.34
Vietnam;VNM;1966;0;0;0;0.39
Vietnam;VNM;1967;0;0;0;0.43
Vietnam;VNM;1968;0;0;0;0.48
Vietnam;VNM;1969;0;0;0;0.54
Vietnam;VNM;1970;0;0;0;0.6
Vietnam;VNM;1971;0;0;0;0.614
Vietnam;VNM;1972;0;0;0;0.422
Vietnam;VNM;1973;0;0;0;0.42
Vietnam;VNM;1974;0;0;0;0.42
Vietnam;VNM;1975;0;0;0;0.5
Vietnam;VNM;1976;0;0;0;0.557
Vietnam;VNM;1977;0;0;0;0.6
Vietnam;VNM;1978;0;0;0;0.8
Vietnam;VNM;1979;0;0;0;1
Vietnam;VNM;1980;0;0;0;1.488
Vietnam;VNM;1981;0;0;0;1.507
Vietnam;VNM;1982;0;0;0;1.56
Vietnam;VNM;1983;0;0;0;1.223
Vietnam;VNM;1984;0;0;0;1.599
Vietnam;VNM;1985;0;0;0;1.477
Vietnam;VNM;1986;0;0;0;1.407
Vietnam;VNM;1987;0;0;0;1.384
Vietnam;VNM;1988;0;0;0;1.791
Vietnam;VNM;1989;0;0;0;3.838
Vietnam;VNM;1990;0;0;0;5.369
Vietnam;VNM;1991;0;0;0;6.317
Vietnam;VNM;1992;0;0;0;7.228
Vietnam;VNM;1993;0;0;0;7.965
Vietnam;VNM;1994;0;0;0;9.243
Vietnam;VNM;1995;0;0;0;10.582
Vietnam;VNM;1996;0;0;0;12.008
Vietnam;VNM;1997;0;0;0;11.657
Vietnam;VNM;1998;0;0;0;11.095
Vietnam;VNM;1999;0;0;0;13.774
Vietnam;VNM;2000;0;0;0;14.551
Vietnam;VNM;2001;0;0;0;18.21
Vietnam;VNM;2002;0;0;0;18.198
Vietnam;VNM;2003;0;0;0;18.986
Vietnam;VNM;2004;0;0;0;17.818
Vietnam;VNM;2005;0.05;0;0;16.535
Vietnam;VNM;2006;0.065;0;0;19.711
Vietnam;VNM;2007;0.079;0;0;22.437
Vietnam;VNM;2008;0.055;0;0.0017;25.984
Vietnam;VNM;2009;0.062;0;0.0116;29.977
Vietnam;VNM;2010;0.055;0.005896;0.0407;2.852.437
Vietnam;VNM;2011;0.056;0.005896;0.0407;41.075.672
Vietnam;VNM;2012;0.057;0.005896;0.0407;5.330.537
Vietnam;VNM;2013;0.058;0.005896;0.0689;57.819.687
Vietnam;VNM;2014;0.059;0.006669;0.0689;62.164.936
Vietnam;VNM;2015;0.07;0.006669;0.121;56.123
Vietnam;VNM;2016;0.122;0.00529;0.201;63.941
Vietnam;VNM;2017;0.208;0.007992;0.35;85.94
Vietnam;VNM;2018;0.488;0.022;0.487;83.081
Vietnam;VNM;2019;0.35;4.818;0.724;66.117
Vietnam;VNM;2020;0.34;10.761;0.982;72.867
Vietnam;VNM;2021;0.32;26.151;3.341;78.673
Vietnam;VNM;2022;0.378;25.75;9.091;95.91
Vietnam;VNM;2023;0.868;25.692;11.586;80.621
Vietnam;VNM;2024;1.032;25.862;12.747;88.723
Western Africa (EI);;1965;0;0;0;0.47769478
Western Africa (EI);;1966;0;0;0;0.93121475
Western Africa (EI);;1967;0;0;0;19.343.364
Western Africa (EI);;1968;0;0;0;3.014.785
Western Africa (EI);;1969;0;0;0;39.912.698
Western Africa (EI);;1970;0;0;0;46.474.504
Western Africa (EI);;1971;0.038;0;0;47.643.666
Western Africa (EI);;1972;0.038;0;0;5.177.053
Western Africa (EI);;1973;0.038;0;0;60.653.768
Western Africa (EI);;1974;0.039;0;0;6.516.097
Western Africa (EI);;1975;0.039;0;0;69.217.706
Western Africa (EI);;1976;0.039;0;0;7.614.389
Western Africa (EI);;1977;0.04;0;0;79.343.104
Western Africa (EI);;1978;0.04;0;0;70.447.288
Western Africa (EI);;1979;0.04;0;0;9.512.458
Western Africa (EI);;1980;0.04;0;0;9.678
Western Africa (EI);;1981;0.041;0;0;9.687
Western Africa (EI);;1982;0.041;0;0;9.439
Western Africa (EI);;1983;0.041;0;0;5.736
Western Africa (EI);;1984;0.042;0;0;5.133
Western Africa (EI);;1985;0.042;0;0;8.213
Western Africa (EI);;1986;0.042;0;0;9.969
Western Africa (EI);;1987;0.043;0;0;9.767
Western Africa (EI);;1988;0.043;0;0;10.821
Western Africa (EI);;1989;0.043;0;0;11.741
Western Africa (EI);;1990;0.092;0;0;11.917.091
Western Africa (EI);;1991;0.1;0;0;13.887.132
Western Africa (EI);;1992;0.105;0;0;14.273.202
Western Africa (EI);;1993;0.109;0;0.002;13.667.475
Western Africa (EI);;1994;0.113;0;0.0054;13.467.728
Western Africa (EI);;1995;0.114;0;0.0063;14.167.979
Western Africa (EI);;1996;0.127;0;0.0071;14.687.782
Western Africa (EI);;1997;0.128;0;0.0072;1.502.648
Western Africa (EI);;1998;0.133;0;0.0076;11.908.342
Western Africa (EI);;1999;0.138;0;0.0078;13.960.687
Western Africa (EI);;2000;0.1676;0.002441;0.0079;14.956.968
Western Africa (EI);;2001;0.1776;0.003019;0.00678;15.349.982
Western Africa (EI);;2002;0.1876;0.002438703;0.006884;16.241.856
Western Africa (EI);;2003;0.1756;0.003472286;0.007399;14.431.892
Western Africa (EI);;2004;0.26434952;0.00459687;0.00843;16.532.358
Western Africa (EI);;2005;0.2764694;0.005516453;0.008671;16.165.274
Western Africa (EI);;2006;0.28371477;0.007405037;0.009505;14.682.668
Western Africa (EI);;2007;0.2797983;0.009052072;0.008887;13.168.417
Western Africa (EI);;2008;0.27457368;0.010312787;0.007695;15.297.708
Western Africa (EI);;2009;0.2436;0.012081631;0.0074;15.008.674
Western Africa (EI);;2010;0.202411;0.025353;0.0054;1.704.404
Western Africa (EI);;2011;0.194512;0.039548;0.020549;1.726.542
Western Africa (EI);;2012;0.187929;0.048837;0.066189;17.663.212
Western Africa (EI);;2013;0.180399;0.078974;0.094281;17.075.733
Western Africa (EI);;2014;0.194205;0.091986805;0.09486957;17.866.093
Western Africa (EI);;2015;0.25331187;0.108038776;0.18304713;15.962.548
Western Africa (EI);;2016;0.25617135;0.38930708;0.180753;18.399.588
Western Africa (EI);;2017;0.34232748;0.29796928;0.17957069;1.879.208
Western Africa (EI);;2018;0.24380957;0.63376844;0.19212638;19.940.195
Western Africa (EI);;2019;0.27510923;0.80721617;0.23213577;22.510.422
Western Africa (EI);;2020;0.28600103;0.9032272;0.41647372;22.443.417
Western Africa (EI);;2021;0.37482974;11.808.537;0.60833126;24.301.472
Western Africa (EI);;2022;0.36940724;12.994.723;0.6020391;25.705.883
Western Africa (EI);;2023;0.36971676;15.370.903;0.9918646;27.870.361
Western Africa (EI);;2024;0.37072805;18.157.086;0.9951244;30.010.748
World;OWID_WRL;1965;17.985.231;0;0;92.319.806
World;OWID_WRL;1966;19.806.007;0;0;98.381.696
World;OWID_WRL;1967;1.998.657;0;0;10.057.424
World;OWID_WRL;1968;22.120.045;0;0;10.592.887
World;OWID_WRL;1969;23.257.965;0;0;11.217.424
World;OWID_WRL;1970;25.701.897;0;0;11.746.497
World;OWID_WRL;1971;27.888.294;0;0;12.272.422
World;OWID_WRL;1972;29.888.775;0;0;1.284.629
World;OWID_WRL;1973;3.209.585;0;0;1.303.013
World;OWID_WRL;1974;34.289.085;0;0;14.312.317
World;OWID_WRL;1975;3.481.208;0;0;14.488.834
World;OWID_WRL;1976;3.879.105;0;0;14.431.366
World;OWID_WRL;1977;4.089.204;0;0;14.916.724
World;OWID_WRL;1978;4.329.665;0;0.003;16.143.823
World;OWID_WRL;1979;46.499.256;0;0.006;16.951.862
World;OWID_WRL;1980;49.717.464;0;0.0105;17.316.493
World;OWID_WRL;1981;5.348.617;0;0.0105;17.689.036
World;OWID_WRL;1982;61.708.954;0;0.0185;18.009.081
World;OWID_WRL;1983;6.835.493;0.003;0.03279495;18.777.689
World;OWID_WRL;1984;7.634.615;0.006311111;0.044755556;19.413.734
World;OWID_WRL;1985;78.702.576;0.011747475;0.064220205;19.792.437
World;OWID_WRL;1986;8.544.338;0.015183838;0.13883132;2.006.073
World;OWID_WRL;1987;9.151.602;0.01060303;0.19537677;20.331.924
World;OWID_WRL;1988;9.416.091;0.010195959;0.3315798;20.983.489
World;OWID_WRL;1989;10.467.236;0.26222324;26.497.767;2.087.587
World;OWID_WRL;1990;11.722.435;0.38824996;36.324.706;2.158.622
World;OWID_WRL;1991;12.226.321;0.50522286;4.086.107;22.085.442
World;OWID_WRL;1992;13.115.991;0.4665791;4.732.812;22.083.147
World;OWID_WRL;1993;13.548.085;0.5566775;5.704.169;23.413.206
World;OWID_WRL;1994;14.067.743;0.5969829;713.173;23.559.055
World;OWID_WRL;1995;14.664.236;0.63888276;8.272.123;2.483.389
World;OWID_WRL;1996;1.507.037;0.69922996;9.215.601;2.516.815
World;OWID_WRL;1997;16.141.173;0.7496558;12.028.216;25.613.557
World;OWID_WRL;1998;1.682.174;0.811852;1.592.926;25.809.333
World;OWID_WRL;1999;17.664.807;0.9052879;21.226.898;26.004.688
World;OWID_WRL;2000;18.492.102;10.581.311;31.409.548;26.466.814
World;OWID_WRL;2001;19.207.533;14.220.114;38.380.005;2.578.609
World;OWID_WRL;2002;20.676.979;17.970.146;5.238.179;26.261.453
World;OWID_WRL;2003;21.843.156;22.525.039;6.328.461;26.229.336
World;OWID_WRL;2004;23.608.224;29.681.087;8.561.839;28.165.308
World;OWID_WRL;2005;2.554.756;41.821.074;10.462.726;29.112.554
World;OWID_WRL;2006;27.206.897;57.550.807;13.350.282;30.222.324
World;OWID_WRL;2007;29.530.084;78.056.073;1.715.046;3072.41
World;OWID_WRL;2008;3.159.329;12.680.596;22.141.243;3.251.593
World;OWID_WRL;2009;33.823.798;2.105.927;27.679.733;32.463.337
World;OWID_WRL;2010;37.838.107;33.921.192;34.640.906;34.301.125
World;OWID_WRL;2011;39.703.775;6.574.349;4.409.265;34.925.762
World;OWID_WRL;2012;4.287.513;10.151.597;53.081.085;3.641.434
World;OWID_WRL;2013;46.137.805;13.860.948;6.358.524;3.787.994
World;OWID_WRL;2014;5.021.095;19.729.445;70.623.956;38.890.725
World;OWID_WRL;2015;5.342.973;2.565.335;831.752;38.791.655
World;OWID_WRL;2016;5.471.505;32.801.477;9.626.643;40.159.543
World;OWID_WRL;2017;5.762.297;44.588.455;11.425.314;4.068.418
World;OWID_WRL;2018;6.246.732;5.755.735;12.711.879;41.885.957
World;OWID_WRL;2019;6.521.985;7.065.271;14.222.594;4.242.626
World;OWID_WRL;2020;6.887.327;8.572.814;15.957.666;43.591.284
World;OWID_WRL;2021;7.416.173;1.052.791;18.606.091;4.293.666
World;OWID_WRL;2022;7.614.335;13.226.465;21.101.328;4.334.792
World;OWID_WRL;2023;7.716.347;16.508.986;23.227.354;4.260.753
World;OWID_WRL;2024;79.243.414;21.117.334;25.110.308;44.529.087
